"../../../Engine/Content/EditorResources/S_Actor.ubulk" 0
"../../../Engine/Content/EditorResources/S_Actor.uasset" 1
"../../../Engine/Content/EditorResources/S_Actor.uexp" 2
"../../../Engine/Content/EditorResources/S_BoxReflectionCapture.uasset" 3
"../../../Engine/Content/EditorResources/S_BoxReflectionCapture.uexp" 4
"../../../Engine/Content/EngineResources/DefaultTexture.ubulk" 5
"../../../Engine/Content/EngineResources/DefaultTexture.uasset" 6
"../../../Engine/Content/EngineResources/DefaultTexture.uexp" 7
"../../../Engine/Content/EngineResources/DefaultTextureCube.uasset" 8
"../../../Engine/Content/EngineResources/DefaultTextureCube.uexp" 9
"../../../Engine/Content/EngineResources/DefaultVolumeTexture2D.uasset" 10
"../../../Engine/Content/EngineResources/DefaultVolumeTexture2D.uexp" 11
"../../../Engine/Content/EngineResources/DefaultVolumeTexture.uasset" 12
"../../../Engine/Content/EngineResources/DefaultVolumeTexture.uexp" 13
"../../../Engine/Content/EditorResources/S_Trigger.ubulk" 14
"../../../Engine/Content/EditorResources/S_Trigger.uasset" 15
"../../../Engine/Content/EditorResources/S_Trigger.uexp" 16
"../../../Engine/Content/EditorResources/S_TriggerBox.uasset" 17
"../../../Engine/Content/EditorResources/S_TriggerBox.uexp" 18
"../../../Engine/Content/EditorResources/S_TriggerCapsule.uasset" 19
"../../../Engine/Content/EditorResources/S_TriggerCapsule.uexp" 20
"../../../Engine/Content/EditorResources/S_TriggerSphere.uasset" 21
"../../../Engine/Content/EditorResources/S_TriggerSphere.uexp" 22
"../../../Engine/Content/EngineMeshes/Sphere.ubulk" 23
"../../../Engine/Content/EngineMeshes/Sphere.uasset" 24
"../../../Engine/Content/EngineMeshes/Sphere.uexp" 25
"../../../Engine/Content/EngineResources/GradientTexture0.uasset" 26
"../../../Engine/Content/EngineResources/GradientTexture0.uexp" 27
"../../../Engine/Content/EngineResources/Black.uasset" 28
"../../../Engine/Content/EngineResources/Black.uexp" 29
"../../../Engine/Content/VREditor/LaserPointer/VR_LaserPower_01.ubulk" 30
"../../../Engine/Content/VREditor/LaserPointer/VR_LaserPower_01.uasset" 31
"../../../Engine/Content/VREditor/LaserPointer/VR_LaserPower_01.uexp" 32
"../../../Engine/Content/VREditor/TransformGizmo/TransformGizmoMaterial.uasset" 33
"../../../Engine/Content/VREditor/TransformGizmo/TransformGizmoMaterial.uexp" 34
"../../../Engine/Content/VREditor/TransformGizmo/TranslucentTransformGizmoMaterial.uasset" 35
"../../../Engine/Content/VREditor/TransformGizmo/TranslucentTransformGizmoMaterial.uexp" 36
"../../../Engine/Content/VREditor/TransformGizmo/BoundingBoxCorner.ubulk" 37
"../../../Engine/Content/VREditor/TransformGizmo/BoundingBoxCorner.uasset" 38
"../../../Engine/Content/VREditor/TransformGizmo/BoundingBoxCorner.uexp" 39
"../../../Engine/Content/VREditor/TransformGizmo/BoundingBoxEdge.ubulk" 40
"../../../Engine/Content/VREditor/TransformGizmo/BoundingBoxEdge.uasset" 41
"../../../Engine/Content/VREditor/TransformGizmo/BoundingBoxEdge.uexp" 42
"../../../Engine/Content/VREditor/TransformGizmo/Main.uasset" 43
"../../../Engine/Content/VREditor/TransformGizmo/Main.uexp" 44
"../../../Engine/Content/VREditor/TransformGizmo/Xray.uasset" 45
"../../../Engine/Content/VREditor/TransformGizmo/Xray.uexp" 46
"../../../Engine/Content/VREditor/TransformGizmo/SM_Sequencer_Node.ubulk" 47
"../../../Engine/Content/VREditor/TransformGizmo/SM_Sequencer_Node.uasset" 48
"../../../Engine/Content/VREditor/TransformGizmo/SM_Sequencer_Node.uexp" 49
"../../../Engine/Content/EditorResources/S_Solver.ubulk" 50
"../../../Engine/Content/EditorResources/S_Solver.uasset" 51
"../../../Engine/Content/EditorResources/S_Solver.uexp" 52
"../../../Engine/Content/EditorMaterials/Camera/CineMat.uasset" 53
"../../../Engine/Content/EditorMaterials/Camera/CineMat.uexp" 54
"../../../Engine/Content/EditorMaterials/Camera/MI_CineMat_Rig.uasset" 55
"../../../Engine/Content/EditorMaterials/Camera/MI_CineMat_Rig.uexp" 56
"../../../Engine/Content/EditorMeshes/Camera/SM_CraneRig_Base.ubulk" 57
"../../../Engine/Content/EditorMeshes/Camera/SM_CraneRig_Base.uasset" 58
"../../../Engine/Content/EditorMeshes/Camera/SM_CraneRig_Base.uexp" 59
"../../../Engine/Content/EditorMeshes/Camera/SM_CraneRig_Arm.ubulk" 60
"../../../Engine/Content/EditorMeshes/Camera/SM_CraneRig_Arm.uasset" 61
"../../../Engine/Content/EditorMeshes/Camera/SM_CraneRig_Arm.uexp" 62
"../../../Engine/Content/EditorMeshes/Camera/SM_CraneRig_Mount.ubulk" 63
"../../../Engine/Content/EditorMeshes/Camera/SM_CraneRig_Mount.uasset" 64
"../../../Engine/Content/EditorMeshes/Camera/SM_CraneRig_Mount.uexp" 65
"../../../Engine/Content/EditorMeshes/Camera/SM_CraneRig_Body.ubulk" 66
"../../../Engine/Content/EditorMeshes/Camera/SM_CraneRig_Body.uasset" 67
"../../../Engine/Content/EditorMeshes/Camera/SM_CraneRig_Body.uexp" 68
"../../../Engine/Content/EditorMeshes/Camera/SM_RailRig_Track.ubulk" 69
"../../../Engine/Content/EditorMeshes/Camera/SM_RailRig_Track.uasset" 70
"../../../Engine/Content/EditorMeshes/Camera/SM_RailRig_Track.uexp" 71
"../../../Engine/Content/EditorMeshes/Camera/SM_RailRig_Mount.ubulk" 72
"../../../Engine/Content/EditorMeshes/Camera/SM_RailRig_Mount.uasset" 73
"../../../Engine/Content/EditorMeshes/Camera/SM_RailRig_Mount.uexp" 74
"../../../Engine/Content/EngineMaterials/T_Default_Material_Grid_M.ubulk" 75
"../../../Engine/Content/EngineMaterials/T_Default_Material_Grid_M.uasset" 76
"../../../Engine/Content/EngineMaterials/T_Default_Material_Grid_M.uexp" 77
"../../../Engine/Content/EngineMaterials/T_Default_Material_Grid_N.ubulk" 78
"../../../Engine/Content/EngineMaterials/T_Default_Material_Grid_N.uasset" 79
"../../../Engine/Content/EngineMaterials/T_Default_Material_Grid_N.uexp" 80
"../../../Engine/Content/Functions/Engine_MaterialFunctions01/Opacity/CameraDepthFade.uasset" 81
"../../../Engine/Content/Functions/Engine_MaterialFunctions01/Opacity/CameraDepthFade.uexp" 82
"../../../Engine/Content/EngineMaterials/WorldGridMaterial.uasset" 83
"../../../Engine/Content/EngineMaterials/WorldGridMaterial.uexp" 84
"../../../Engine/Content/ArtTools/RenderToTexture/Meshes/S_1_Unit_Plane.ubulk" 85
"../../../Engine/Content/ArtTools/RenderToTexture/Meshes/S_1_Unit_Plane.uasset" 86
"../../../Engine/Content/ArtTools/RenderToTexture/Meshes/S_1_Unit_Plane.uexp" 87
"../../../Engine/Content/EditorMaterials/ParticleSystems/PSysThumbnail_NoImage.ubulk" 88
"../../../Engine/Content/EditorMaterials/ParticleSystems/PSysThumbnail_NoImage.uasset" 89
"../../../Engine/Content/EditorMaterials/ParticleSystems/PSysThumbnail_NoImage.uexp" 90
"../../../Engine/Content/EditorMaterials/ParticleSystems/PSysThumbnail_OOD.ubulk" 91
"../../../Engine/Content/EditorMaterials/ParticleSystems/PSysThumbnail_OOD.uasset" 92
"../../../Engine/Content/EditorMaterials/ParticleSystems/PSysThumbnail_OOD.uexp" 93
"../../../Engine/Content/EditorLandscapeResources/SplineEditorMeshMat.uasset" 94
"../../../Engine/Content/EditorLandscapeResources/SplineEditorMeshMat.uexp" 95
"../../../Engine/Content/EditorLandscapeResources/SplineEditorMesh.ubulk" 96
"../../../Engine/Content/EditorLandscapeResources/SplineEditorMesh.uasset" 97
"../../../Engine/Content/EditorLandscapeResources/SplineEditorMesh.uexp" 98
"../../../Engine/Plugins/Media/MediaPlate/Content/SM_MediaPlateScreen.ubulk" 99
"../../../Engine/Plugins/Media/MediaPlate/Content/SM_MediaPlateScreen.uasset" 100
"../../../Engine/Plugins/Media/MediaPlate/Content/SM_MediaPlateScreen.uexp" 101
"../../../Engine/Content/EngineMaterials/DefaultBokeh.uasset" 102
"../../../Engine/Content/EngineMaterials/DefaultBokeh.uexp" 103
"../../../Engine/Content/EngineMaterials/MiniFont.uasset" 104
"../../../Engine/Content/EngineMaterials/MiniFont.uexp" 105
"../../../Engine/Content/EngineMaterials/WeightMapPlaceholderTexture.uasset" 106
"../../../Engine/Content/EngineMaterials/WeightMapPlaceholderTexture.uexp" 107
"../../../Engine/Content/EngineMaterials/WeightMapArrayPlaceholderTexture.uasset" 108
"../../../Engine/Content/EngineMaterials/WeightMapArrayPlaceholderTexture.uexp" 109
"../../../Engine/Content/EngineMaterials/DefaultWhiteGrid.ubulk" 110
"../../../Engine/Content/EngineMaterials/DefaultWhiteGrid.uasset" 111
"../../../Engine/Content/EngineMaterials/DefaultWhiteGrid.uexp" 112
"../../../Engine/Content/EngineMaterials/PreintegratedSkinBRDF.uasset" 113
"../../../Engine/Content/EngineMaterials/PreintegratedSkinBRDF.uexp" 114
"../../../Engine/Content/Functions/Engine_MaterialFunctions02/WorldPositionOffset/CameraOffset.uasset" 115
"../../../Engine/Content/Functions/Engine_MaterialFunctions02/WorldPositionOffset/CameraOffset.uexp" 116
"../../../Engine/Plugins/Animation/ControlRig/Content/M_Manip.uasset" 117
"../../../Engine/Plugins/Animation/ControlRig/Content/M_Manip.uexp" 118
"../../../Engine/Plugins/Animation/ACLPlugin/Content/ACLAnimCurveCompressionSettings.uasset" 119
"../../../Engine/Plugins/Animation/ACLPlugin/Content/ACLAnimCurveCompressionSettings.uexp" 120
"../../../Engine/Plugins/Animation/ACLPlugin/Content/ACLAnimBoneCompressionSettings.uasset" 121
"../../../Engine/Plugins/Animation/ACLPlugin/Content/ACLAnimBoneCompressionSettings.uexp" 122
"../../../Engine/Plugins/2D/Paper2D/Content/PlaceholderTextures/DummySpriteTexture.ubulk" 123
"../../../Engine/Plugins/2D/Paper2D/Content/PlaceholderTextures/DummySpriteTexture.uasset" 124
"../../../Engine/Plugins/2D/Paper2D/Content/PlaceholderTextures/DummySpriteTexture.uexp" 125
"../../../Engine/Plugins/2D/Paper2D/Content/DefaultSpriteMaterial.uasset" 126
"../../../Engine/Plugins/2D/Paper2D/Content/DefaultSpriteMaterial.uexp" 127
"../../../Engine/Plugins/2D/Paper2D/Content/OpaqueUnlitSpriteMaterial.uasset" 128
"../../../Engine/Plugins/2D/Paper2D/Content/OpaqueUnlitSpriteMaterial.uexp" 129
"../../../Engine/Plugins/2D/Paper2D/Content/MaskedUnlitSpriteMaterial.uasset" 130
"../../../Engine/Plugins/2D/Paper2D/Content/MaskedUnlitSpriteMaterial.uexp" 131
"../../../Engine/Plugins/2D/Paper2D/Content/DummySprite.uasset" 132
"../../../Engine/Plugins/2D/Paper2D/Content/DummySprite.uexp" 133
"../../../Engine/Plugins/2D/Paper2D/Content/DefaultPaperTerrainMaterial.uasset" 134
"../../../Engine/Plugins/2D/Paper2D/Content/DefaultPaperTerrainMaterial.uexp" 135
"../../../Engine/Plugins/Runtime/MeshModelingToolset/Content/Materials/M_DynamicMeshComponentVtxColor.uasset" 136
"../../../Engine/Plugins/Runtime/MeshModelingToolset/Content/Materials/M_DynamicMeshComponentVtxColor.uexp" 137
"../../../Engine/Plugins/Runtime/HairStrands/Content/Materials/HairMeshesDefaultMaterial.uasset" 138
"../../../Engine/Plugins/Runtime/HairStrands/Content/Materials/HairMeshesDefaultMaterial.uexp" 139
"../../../Engine/Plugins/Runtime/HairStrands/Content/Materials/HairDefaultMaterial.uasset" 140
"../../../Engine/Plugins/Runtime/HairStrands/Content/Materials/HairDefaultMaterial.uexp" 141
"../../../Engine/Plugins/Runtime/HairStrands/Content/Materials/HairGroupColors.uasset" 142
"../../../Engine/Plugins/Runtime/HairStrands/Content/Materials/HairGroupColors.uexp" 143
"../../../Engine/Content/Functions/Engine_MaterialFunctions02/Utility/MakeFloat2.uasset" 144
"../../../Engine/Content/Functions/Engine_MaterialFunctions02/Utility/MakeFloat2.uexp" 145
"../../../Engine/Content/Functions/Engine_MaterialFunctions02/Utility/MakeFloat3.uasset" 146
"../../../Engine/Content/Functions/Engine_MaterialFunctions02/Utility/MakeFloat3.uexp" 147
"../../../Engine/Content/EngineMaterials/HairColorMap.uasset" 148
"../../../Engine/Content/EngineMaterials/HairColorMap.uexp" 149
"../../../Engine/Content/EngineMaterials/HairDebugColor.uasset" 150
"../../../Engine/Content/EngineMaterials/HairDebugColor.uexp" 151
"../../../Engine/Plugins/Runtime/HairStrands/Content/Materials/HairDebugMaterial.uasset" 152
"../../../Engine/Plugins/Runtime/HairStrands/Content/Materials/HairDebugMaterial.uexp" 153
"../../../Engine/Plugins/Runtime/HairStrands/Content/Materials/HairCardsDefaultMaterial.uasset" 154
"../../../Engine/Plugins/Runtime/HairStrands/Content/Materials/HairCardsDefaultMaterial.uexp" 155
"../../../Engine/Plugins/Interchange/Runtime/Content/Pipelines/DefaultTexturePipeline.uasset" 156
"../../../Engine/Plugins/Interchange/Runtime/Content/Pipelines/DefaultTexturePipeline.uexp" 157
"../../../Engine/Plugins/Interchange/Runtime/Content/Pipelines/DefaultSceneLevelPipeline.uasset" 158
"../../../Engine/Plugins/Interchange/Runtime/Content/Pipelines/DefaultSceneLevelPipeline.uexp" 159
"../../../Engine/Plugins/Interchange/Runtime/Content/Pipelines/DefaultSceneAssetsPipeline.uasset" 160
"../../../Engine/Plugins/Interchange/Runtime/Content/Pipelines/DefaultSceneAssetsPipeline.uexp" 161
"../../../Engine/Plugins/Interchange/Runtime/Content/Pipelines/DefaultMaterialXPipeline.uasset" 162
"../../../Engine/Plugins/Interchange/Runtime/Content/Pipelines/DefaultMaterialXPipeline.uexp" 163
"../../../Engine/Plugins/Interchange/Runtime/Content/Pipelines/DefaultMaterialPipeline.uasset" 164
"../../../Engine/Plugins/Interchange/Runtime/Content/Pipelines/DefaultMaterialPipeline.uexp" 165
"../../../Engine/Plugins/Interchange/Runtime/Content/Pipelines/DefaultGLTFSceneAssetsPipeline.uasset" 166
"../../../Engine/Plugins/Interchange/Runtime/Content/Pipelines/DefaultGLTFSceneAssetsPipeline.uexp" 167
"../../../Engine/Plugins/Interchange/Runtime/Content/Pipelines/DefaultGLTFPipeline.uasset" 168
"../../../Engine/Plugins/Interchange/Runtime/Content/Pipelines/DefaultGLTFPipeline.uexp" 169
"../../../Engine/Plugins/Interchange/Runtime/Content/Pipelines/DefaultGLTFAssetsPipeline.uasset" 170
"../../../Engine/Plugins/Interchange/Runtime/Content/Pipelines/DefaultGLTFAssetsPipeline.uexp" 171
"../../../Engine/Plugins/Interchange/Runtime/Content/Pipelines/DefaultAssetsPipeline.uasset" 172
"../../../Engine/Plugins/Interchange/Runtime/Content/Pipelines/DefaultAssetsPipeline.uexp" 173
"../../../Engine/Plugins/Interchange/Runtime/Content/Functions/MX_UsdPreviewSurface.uasset" 174
"../../../Engine/Plugins/Interchange/Runtime/Content/Functions/MX_UsdPreviewSurface.uexp" 175
"../../../Engine/Plugins/Interchange/Runtime/Content/Functions/MX_UniformEDF.uasset" 176
"../../../Engine/Plugins/Interchange/Runtime/Content/Functions/MX_UniformEDF.uexp" 177
"../../../Engine/Plugins/Interchange/Runtime/Content/Functions/MX_TranslucentBSDF.uasset" 178
"../../../Engine/Plugins/Interchange/Runtime/Content/Functions/MX_TranslucentBSDF.uexp" 179
"../../../Engine/Plugins/Interchange/Runtime/Content/Functions/MX_ThinFilmBSDF.uasset" 180
"../../../Engine/Plugins/Interchange/Runtime/Content/Functions/MX_ThinFilmBSDF.uexp" 181
"../../../Engine/Plugins/Interchange/Runtime/Content/Functions/MX_SurfaceUnlit.uasset" 182
"../../../Engine/Plugins/Interchange/Runtime/Content/Functions/MX_SurfaceUnlit.uexp" 183
"../../../Engine/Plugins/Interchange/Runtime/Content/Functions/MX_Surface.uasset" 184
"../../../Engine/Plugins/Interchange/Runtime/Content/Functions/MX_Surface.uexp" 185
"../../../Engine/Plugins/Interchange/Runtime/Content/Functions/MX_SubsurfaceBSDF.uasset" 186
"../../../Engine/Plugins/Interchange/Runtime/Content/Functions/MX_SubsurfaceBSDF.uexp" 187
"../../../Engine/Plugins/Interchange/Runtime/Content/Functions/MX_SheenBSDF.uasset" 188
"../../../Engine/Plugins/Interchange/Runtime/Content/Functions/MX_SheenBSDF.uexp" 189
"../../../Engine/Plugins/Interchange/Runtime/Content/Functions/MX_OrenNayarBSDF.uasset" 190
"../../../Engine/Plugins/Interchange/Runtime/Content/Functions/MX_OrenNayarBSDF.uexp" 191
"../../../Engine/Content/Functions/Engine_MaterialFunctions02/Utility/CameraDirectionVector.uasset" 192
"../../../Engine/Content/Functions/Engine_MaterialFunctions02/Utility/CameraDirectionVector.uexp" 193
"../../../Engine/Content/Functions/Engine_MaterialFunctions01/Volumetrics/BeersLaw.uasset" 194
"../../../Engine/Content/Functions/Engine_MaterialFunctions01/Volumetrics/BeersLaw.uexp" 195
"../../../Engine/Content/EngineMaterials/Good64x64TilingNoiseHighFreq.uasset" 196
"../../../Engine/Content/EngineMaterials/Good64x64TilingNoiseHighFreq.uexp" 197
"../../../Engine/Content/Functions/Engine_MaterialFunctions02/Texturing/ScreenAlignedPixelToPixelUVs.uasset" 198
"../../../Engine/Content/Functions/Engine_MaterialFunctions02/Texturing/ScreenAlignedPixelToPixelUVs.uexp" 199
"../../../Engine/Plugins/Interchange/Runtime/Content/gltf/MaterialFunctions/MF_Temporal_Blur.uasset" 200
"../../../Engine/Plugins/Interchange/Runtime/Content/gltf/MaterialFunctions/MF_Temporal_Blur.uexp" 201
"../../../Engine/Plugins/Interchange/Runtime/Content/gltf/MaterialFunctions/MF_Fresnel_DS.uasset" 202
"../../../Engine/Plugins/Interchange/Runtime/Content/gltf/MaterialFunctions/MF_Fresnel_DS.uexp" 203
"../../../Engine/Content/Functions/Engine_MaterialFunctions02/Utility/BreakOutFloat3Components.uasset" 204
"../../../Engine/Content/Functions/Engine_MaterialFunctions02/Utility/BreakOutFloat3Components.uexp" 205
"../../../Engine/Plugins/Interchange/Runtime/Content/Functions/MX_Transmission.uasset" 206
"../../../Engine/Plugins/Interchange/Runtime/Content/Functions/MX_Transmission.uexp" 207
"../../../Engine/Plugins/Interchange/Runtime/Content/Functions/MF_OrenNayerView.uasset" 208
"../../../Engine/Plugins/Interchange/Runtime/Content/Functions/MF_OrenNayerView.uexp" 209
"../../../Engine/Plugins/Interchange/Runtime/Content/Functions/MF_SchlickApprox.uasset" 210
"../../../Engine/Plugins/Interchange/Runtime/Content/Functions/MF_SchlickApprox.uexp" 211
"../../../Engine/Plugins/Interchange/Runtime/Content/Utilities/New_LUT.uasset" 212
"../../../Engine/Plugins/Interchange/Runtime/Content/Utilities/New_LUT.uexp" 213
"../../../Engine/Content/Functions/Engine_MaterialFunctions03/Math/RemapValueRange.uasset" 214
"../../../Engine/Content/Functions/Engine_MaterialFunctions03/Math/RemapValueRange.uexp" 215
"../../../Engine/Plugins/Interchange/Runtime/Content/Functions/MF_Iridescence.uasset" 216
"../../../Engine/Plugins/Interchange/Runtime/Content/Functions/MF_Iridescence.uexp" 217
"../../../Engine/Plugins/Interchange/Runtime/Content/Functions/MX_StandardSurface.uasset" 218
"../../../Engine/Plugins/Interchange/Runtime/Content/Functions/MX_StandardSurface.uexp" 219
"../../../Engine/Plugins/Interchange/Runtime/Content/Functions/MX_TransmissionSurface.uasset" 220
"../../../Engine/Plugins/Interchange/Runtime/Content/Functions/MX_TransmissionSurface.uexp" 221
"../../../Engine/Plugins/Interchange/Runtime/Content/Functions/MX_OpenPBR_Translucent.uasset" 222
"../../../Engine/Plugins/Interchange/Runtime/Content/Functions/MX_OpenPBR_Translucent.uexp" 223
"../../../Engine/Plugins/Interchange/Runtime/Content/Functions/MX_OpenPBR_Opaque.uasset" 224
"../../../Engine/Plugins/Interchange/Runtime/Content/Functions/MX_OpenPBR_Opaque.uexp" 225
"../../../Engine/Plugins/Interchange/Runtime/Content/Functions/MX_MeasuredEDF.uasset" 226
"../../../Engine/Plugins/Interchange/Runtime/Content/Functions/MX_MeasuredEDF.uexp" 227
"../../../Engine/Plugins/Interchange/Runtime/Content/Functions/MX_GeneralizedSchlickBSDF.uasset" 228
"../../../Engine/Plugins/Interchange/Runtime/Content/Functions/MX_GeneralizedSchlickBSDF.uexp" 229
"../../../Engine/Plugins/Interchange/Runtime/Content/Functions/MX_DielectricBSDF.uasset" 230
"../../../Engine/Plugins/Interchange/Runtime/Content/Functions/MX_DielectricBSDF.uexp" 231
"../../../Engine/Plugins/Interchange/Runtime/Content/Functions/MX_ConicalEDF.uasset" 232
"../../../Engine/Plugins/Interchange/Runtime/Content/Functions/MX_ConicalEDF.uexp" 233
"../../../Engine/Plugins/Interchange/Runtime/Content/Functions/MX_ConductorBSDF.uasset" 234
"../../../Engine/Plugins/Interchange/Runtime/Content/Functions/MX_ConductorBSDF.uexp" 235
"../../../Engine/Plugins/Interchange/Runtime/Content/Functions/MX_BurleyDiffuseBSDF.uasset" 236
"../../../Engine/Plugins/Interchange/Runtime/Content/Functions/MX_BurleyDiffuseBSDF.uexp" 237
"../../../Engine/Plugins/Interchange/Runtime/Content/Functions/MX_AnisotropicVDF.uasset" 238
"../../../Engine/Plugins/Interchange/Runtime/Content/Functions/MX_AnisotropicVDF.uexp" 239
"../../../Engine/Plugins/Interchange/Runtime/Content/Functions/MX_AbsorptionVDF.uasset" 240
"../../../Engine/Plugins/Interchange/Runtime/Content/Functions/MX_AbsorptionVDF.uexp" 241
"../../../Engine/Content/Functions/Engine_MaterialFunctions01/ImageAdjustment/sRGBToLinear.uasset" 242
"../../../Engine/Content/Functions/Engine_MaterialFunctions01/ImageAdjustment/sRGBToLinear.uexp" 243
"../../../Engine/Plugins/Importers/USDImporter/Content/Materials/DisplayColor.uasset" 244
"../../../Engine/Plugins/Importers/USDImporter/Content/Materials/DisplayColor.uexp" 245
"../../../Engine/Plugins/Editor/SpeedTreeImporter/Content/SpeedTree9/game_wind_noise.ubulk" 246
"../../../Engine/Plugins/Editor/SpeedTreeImporter/Content/SpeedTree9/game_wind_noise.uasset" 247
"../../../Engine/Plugins/Editor/SpeedTreeImporter/Content/SpeedTree9/game_wind_noise.uexp" 248
"../../../Engine/Plugins/Editor/SpeedTreeImporter/Content/SpeedTree9/UnpackDirection.uasset" 249
"../../../Engine/Plugins/Editor/SpeedTreeImporter/Content/SpeedTree9/UnpackDirection.uexp" 250
"../../../Engine/Content/Functions/Engine_MaterialFunctions02/ObjectLocalBounds.uasset" 251
"../../../Engine/Content/Functions/Engine_MaterialFunctions02/ObjectLocalBounds.uexp" 252
"../../../Engine/Content/Functions/Engine_MaterialFunctions02/UVs/BoundingBoxBased_0-1_UVW.uasset" 253
"../../../Engine/Content/Functions/Engine_MaterialFunctions02/UVs/BoundingBoxBased_0-1_UVW.uexp" 254
"../../../Engine/Content/Functions/Engine_MaterialFunctions02/Utility/VectorLength.uasset" 255
"../../../Engine/Content/Functions/Engine_MaterialFunctions02/Utility/VectorLength.uexp" 256
"../../../Engine/Plugins/Editor/SpeedTreeImporter/Content/SpeedTree9/UnpackInteger3.uasset" 257
"../../../Engine/Plugins/Editor/SpeedTreeImporter/Content/SpeedTree9/UnpackInteger3.uexp" 258
"../../../Engine/Plugins/Editor/SpeedTreeImporter/Content/SpeedTree9/SpeedTreeCameraFacing.uasset" 259
"../../../Engine/Plugins/Editor/SpeedTreeImporter/Content/SpeedTree9/SpeedTreeCameraFacing.uexp" 260
"../../../Engine/Content/Functions/Engine_MaterialFunctions02/WorldPositionOffset/ObjectScale.uasset" 261
"../../../Engine/Content/Functions/Engine_MaterialFunctions02/WorldPositionOffset/ObjectScale.uexp" 262
"../../../Engine/Content/Functions/Engine_MaterialFunctions02/SafeNormalize.uasset" 263
"../../../Engine/Content/Functions/Engine_MaterialFunctions02/SafeNormalize.uexp" 264
"../../../Engine/Plugins/Editor/SpeedTreeImporter/Content/SpeedTree9/SpeedTreeWindMotion.uasset" 265
"../../../Engine/Plugins/Editor/SpeedTreeImporter/Content/SpeedTree9/SpeedTreeWindMotion.uexp" 266
"../../../Engine/Plugins/Editor/SpeedTreeImporter/Content/SpeedTree9/SpeedTreeBranchMotion.uasset" 267
"../../../Engine/Plugins/Editor/SpeedTreeImporter/Content/SpeedTree9/SpeedTreeBranchMotion.uexp" 268
"../../../Engine/Plugins/Editor/SpeedTreeImporter/Content/SpeedTree9/SpeedTreeWind.uasset" 269
"../../../Engine/Plugins/Editor/SpeedTreeImporter/Content/SpeedTree9/SpeedTreeWind.uexp" 270
"../../../Engine/Plugins/Editor/SpeedTreeImporter/Content/SpeedTree9/EmptyNormal.uasset" 271
"../../../Engine/Plugins/Editor/SpeedTreeImporter/Content/SpeedTree9/EmptyNormal.uexp" 272
"../../../Engine/Plugins/Editor/SpeedTreeImporter/Content/SpeedTree9/Empty.uasset" 273
"../../../Engine/Plugins/Editor/SpeedTreeImporter/Content/SpeedTree9/Empty.uexp" 274
"../../../Engine/Plugins/Editor/SpeedTreeImporter/Content/SpeedTree9/SpeedTreeMaster.uasset" 275
"../../../Engine/Plugins/Editor/SpeedTreeImporter/Content/SpeedTree9/SpeedTreeMaster.uexp" 276
"../../../Engine/Plugins/Editor/SpeedTreeImporter/Content/SpeedTree9/SpeedTreeBillboard.uasset" 277
"../../../Engine/Plugins/Editor/SpeedTreeImporter/Content/SpeedTree9/SpeedTreeBillboard.uexp" 278
"../../../Engine/Plugins/Editor/SpeedTreeImporter/Content/SpeedTree9/SpeedTreeBillboardMaster.uasset" 279
"../../../Engine/Plugins/Editor/SpeedTreeImporter/Content/SpeedTree9/SpeedTreeBillboardMaster.uexp" 280
"../../../Engine/Plugins/Animation/DeformerGraph/Content/Deformers/DG_LinearBlendSkin_Morph_Cloth_RecomputeNormals.uasset" 281
"../../../Engine/Plugins/Animation/DeformerGraph/Content/Deformers/DG_LinearBlendSkin_Morph_Cloth_RecomputeNormals.uexp" 282
"../../../Engine/Plugins/Animation/DeformerGraph/Content/Deformers/DG_LinearBlendSkin_Morph_Cloth.uasset" 283
"../../../Engine/Plugins/Animation/DeformerGraph/Content/Deformers/DG_LinearBlendSkin_Morph_Cloth.uexp" 284
"../../../Engine/Plugins/Animation/ControlRig/Content/Controls/DefaultGizmoLibraryNormalized.uasset" 285
"../../../Engine/Plugins/Animation/ControlRig/Content/Controls/DefaultGizmoLibraryNormalized.uexp" 286
"../../../Engine/Plugins/Animation/ControlRig/Content/Controls/ControlRig_Wedge_solid.ubulk" 287
"../../../Engine/Plugins/Animation/ControlRig/Content/Controls/ControlRig_Wedge_solid.uasset" 288
"../../../Engine/Plugins/Animation/ControlRig/Content/Controls/ControlRig_Wedge_solid.uexp" 289
"../../../Engine/Plugins/Animation/ControlRig/Content/Controls/ControlRig_Wedge_3mm.ubulk" 290
"../../../Engine/Plugins/Animation/ControlRig/Content/Controls/ControlRig_Wedge_3mm.uasset" 291
"../../../Engine/Plugins/Animation/ControlRig/Content/Controls/ControlRig_Wedge_3mm.uexp" 292
"../../../Engine/Plugins/Animation/ControlRig/Content/Controls/ControlRig_Wedge_1mm.ubulk" 293
"../../../Engine/Plugins/Animation/ControlRig/Content/Controls/ControlRig_Wedge_1mm.uasset" 294
"../../../Engine/Plugins/Animation/ControlRig/Content/Controls/ControlRig_Wedge_1mm.uexp" 295
"../../../Engine/Plugins/Animation/ControlRig/Content/Controls/ControlRig_Triangle_solid.ubulk" 296
"../../../Engine/Plugins/Animation/ControlRig/Content/Controls/ControlRig_Triangle_solid.uasset" 297
"../../../Engine/Plugins/Animation/ControlRig/Content/Controls/ControlRig_Triangle_solid.uexp" 298
"../../../Engine/Plugins/Animation/ControlRig/Content/Controls/ControlRig_Triangle_3mm.ubulk" 299
"../../../Engine/Plugins/Animation/ControlRig/Content/Controls/ControlRig_Triangle_3mm.uasset" 300
"../../../Engine/Plugins/Animation/ControlRig/Content/Controls/ControlRig_Triangle_3mm.uexp" 301
"../../../Engine/Plugins/Animation/ControlRig/Content/Controls/ControlRig_Triangle_1mm.ubulk" 302
"../../../Engine/Plugins/Animation/ControlRig/Content/Controls/ControlRig_Triangle_1mm.uasset" 303
"../../../Engine/Plugins/Animation/ControlRig/Content/Controls/ControlRig_Triangle_1mm.uexp" 304
"../../../Engine/Plugins/Animation/ControlRig/Content/Controls/ControlRig_Star4_solid.ubulk" 305
"../../../Engine/Plugins/Animation/ControlRig/Content/Controls/ControlRig_Star4_solid.uasset" 306
"../../../Engine/Plugins/Animation/ControlRig/Content/Controls/ControlRig_Star4_solid.uexp" 307
"../../../Engine/Plugins/Animation/ControlRig/Content/Controls/ControlRig_Star4_3mm.ubulk" 308
"../../../Engine/Plugins/Animation/ControlRig/Content/Controls/ControlRig_Star4_3mm.uasset" 309
"../../../Engine/Plugins/Animation/ControlRig/Content/Controls/ControlRig_Star4_3mm.uexp" 310
"../../../Engine/Plugins/Animation/ControlRig/Content/Controls/ControlRig_Star4_1mm.ubulk" 311
"../../../Engine/Plugins/Animation/ControlRig/Content/Controls/ControlRig_Star4_1mm.uasset" 312
"../../../Engine/Plugins/Animation/ControlRig/Content/Controls/ControlRig_Star4_1mm.uexp" 313
"../../../Engine/Plugins/Animation/ControlRig/Content/Controls/ControlRig_Square_solid.ubulk" 314
"../../../Engine/Plugins/Animation/ControlRig/Content/Controls/ControlRig_Square_solid.uasset" 315
"../../../Engine/Plugins/Animation/ControlRig/Content/Controls/ControlRig_Square_solid.uexp" 316
"../../../Engine/Plugins/Animation/ControlRig/Content/Controls/ControlRig_Square_3mm.ubulk" 317
"../../../Engine/Plugins/Animation/ControlRig/Content/Controls/ControlRig_Square_3mm.uasset" 318
"../../../Engine/Plugins/Animation/ControlRig/Content/Controls/ControlRig_Square_3mm.uexp" 319
"../../../Engine/Plugins/Animation/ControlRig/Content/Controls/ControlRig_Square_1mm.ubulk" 320
"../../../Engine/Plugins/Animation/ControlRig/Content/Controls/ControlRig_Square_1mm.uasset" 321
"../../../Engine/Plugins/Animation/ControlRig/Content/Controls/ControlRig_Square_1mm.uexp" 322
"../../../Engine/Plugins/Animation/ControlRig/Content/Controls/ControlRig_Sphere_solid.ubulk" 323
"../../../Engine/Plugins/Animation/ControlRig/Content/Controls/ControlRig_Sphere_solid.uasset" 324
"../../../Engine/Plugins/Animation/ControlRig/Content/Controls/ControlRig_Sphere_solid.uexp" 325
"../../../Engine/Plugins/Animation/ControlRig/Content/Controls/ControlRig_Sphere_3mm.ubulk" 326
"../../../Engine/Plugins/Animation/ControlRig/Content/Controls/ControlRig_Sphere_3mm.uasset" 327
"../../../Engine/Plugins/Animation/ControlRig/Content/Controls/ControlRig_Sphere_3mm.uexp" 328
"../../../Engine/Plugins/Animation/ControlRig/Content/Controls/ControlRig_Sphere_1mm.ubulk" 329
"../../../Engine/Plugins/Animation/ControlRig/Content/Controls/ControlRig_Sphere_1mm.uasset" 330
"../../../Engine/Plugins/Animation/ControlRig/Content/Controls/ControlRig_Sphere_1mm.uexp" 331
"../../../Engine/Plugins/Animation/ControlRig/Content/Controls/ControlRig_RoundedTriangle_solid.ubulk" 332
"../../../Engine/Plugins/Animation/ControlRig/Content/Controls/ControlRig_RoundedTriangle_solid.uasset" 333
"../../../Engine/Plugins/Animation/ControlRig/Content/Controls/ControlRig_RoundedTriangle_solid.uexp" 334
"../../../Engine/Plugins/Animation/ControlRig/Content/Controls/ControlRig_RoundedTriangle_3mm.ubulk" 335
"../../../Engine/Plugins/Animation/ControlRig/Content/Controls/ControlRig_RoundedTriangle_3mm.uasset" 336
"../../../Engine/Plugins/Animation/ControlRig/Content/Controls/ControlRig_RoundedTriangle_3mm.uexp" 337
"../../../Engine/Plugins/Animation/ControlRig/Content/Controls/ControlRig_RoundedTriangle_1mm.ubulk" 338
"../../../Engine/Plugins/Animation/ControlRig/Content/Controls/ControlRig_RoundedTriangle_1mm.uasset" 339
"../../../Engine/Plugins/Animation/ControlRig/Content/Controls/ControlRig_RoundedTriangle_1mm.uexp" 340
"../../../Engine/Plugins/Animation/ControlRig/Content/Controls/ControlRig_RoundedSquare_solid.ubulk" 341
"../../../Engine/Plugins/Animation/ControlRig/Content/Controls/ControlRig_RoundedSquare_solid.uasset" 342
"../../../Engine/Plugins/Animation/ControlRig/Content/Controls/ControlRig_RoundedSquare_solid.uexp" 343
"../../../Engine/Plugins/Animation/ControlRig/Content/Controls/ControlRig_RoundedSquare_3mm.ubulk" 344
"../../../Engine/Plugins/Animation/ControlRig/Content/Controls/ControlRig_RoundedSquare_3mm.uasset" 345
"../../../Engine/Plugins/Animation/ControlRig/Content/Controls/ControlRig_RoundedSquare_3mm.uexp" 346
"../../../Engine/Plugins/Animation/ControlRig/Content/Controls/ControlRig_RoundedSquare_1mm.ubulk" 347
"../../../Engine/Plugins/Animation/ControlRig/Content/Controls/ControlRig_RoundedSquare_1mm.uasset" 348
"../../../Engine/Plugins/Animation/ControlRig/Content/Controls/ControlRig_RoundedSquare_1mm.uexp" 349
"../../../Engine/Plugins/Animation/ControlRig/Content/Controls/ControlRig_QuarterCircle_solid.ubulk" 350
"../../../Engine/Plugins/Animation/ControlRig/Content/Controls/ControlRig_QuarterCircle_solid.uasset" 351
"../../../Engine/Plugins/Animation/ControlRig/Content/Controls/ControlRig_QuarterCircle_solid.uexp" 352
"../../../Engine/Plugins/Animation/ControlRig/Content/Controls/ControlRig_QuarterCircle_3mm.ubulk" 353
"../../../Engine/Plugins/Animation/ControlRig/Content/Controls/ControlRig_QuarterCircle_3mm.uasset" 354
"../../../Engine/Plugins/Animation/ControlRig/Content/Controls/ControlRig_QuarterCircle_3mm.uexp" 355
"../../../Engine/Plugins/Animation/ControlRig/Content/Controls/ControlRig_QuarterCircle_1mm.ubulk" 356
"../../../Engine/Plugins/Animation/ControlRig/Content/Controls/ControlRig_QuarterCircle_1mm.uasset" 357
"../../../Engine/Plugins/Animation/ControlRig/Content/Controls/ControlRig_QuarterCircle_1mm.uexp" 358
"../../../Engine/Plugins/Animation/ControlRig/Content/Controls/ControlRig_Pyramid_solid.ubulk" 359
"../../../Engine/Plugins/Animation/ControlRig/Content/Controls/ControlRig_Pyramid_solid.uasset" 360
"../../../Engine/Plugins/Animation/ControlRig/Content/Controls/ControlRig_Pyramid_solid.uexp" 361
"../../../Engine/Plugins/Animation/ControlRig/Content/Controls/ControlRig_Pyramid_3mm.ubulk" 362
"../../../Engine/Plugins/Animation/ControlRig/Content/Controls/ControlRig_Pyramid_3mm.uasset" 363
"../../../Engine/Plugins/Animation/ControlRig/Content/Controls/ControlRig_Pyramid_3mm.uexp" 364
"../../../Engine/Plugins/Animation/ControlRig/Content/Controls/ControlRig_Pyramid_1mm.ubulk" 365
"../../../Engine/Plugins/Animation/ControlRig/Content/Controls/ControlRig_Pyramid_1mm.uasset" 366
"../../../Engine/Plugins/Animation/ControlRig/Content/Controls/ControlRig_Pyramid_1mm.uexp" 367
"../../../Engine/Plugins/Animation/ControlRig/Content/Controls/ControlRig_Octagon_solid.ubulk" 368
"../../../Engine/Plugins/Animation/ControlRig/Content/Controls/ControlRig_Octagon_solid.uasset" 369
"../../../Engine/Plugins/Animation/ControlRig/Content/Controls/ControlRig_Octagon_solid.uexp" 370
"../../../Engine/Plugins/Animation/ControlRig/Content/Controls/ControlRig_Octagon_3mm.ubulk" 371
"../../../Engine/Plugins/Animation/ControlRig/Content/Controls/ControlRig_Octagon_3mm.uasset" 372
"../../../Engine/Plugins/Animation/ControlRig/Content/Controls/ControlRig_Octagon_3mm.uexp" 373
"../../../Engine/Plugins/Animation/ControlRig/Content/Controls/ControlRig_Octagon_1mm.ubulk" 374
"../../../Engine/Plugins/Animation/ControlRig/Content/Controls/ControlRig_Octagon_1mm.uasset" 375
"../../../Engine/Plugins/Animation/ControlRig/Content/Controls/ControlRig_Octagon_1mm.uexp" 376
"../../../Engine/Plugins/Animation/ControlRig/Content/Controls/ControlRig_Hexagon_solid.ubulk" 377
"../../../Engine/Plugins/Animation/ControlRig/Content/Controls/ControlRig_Hexagon_solid.uasset" 378
"../../../Engine/Plugins/Animation/ControlRig/Content/Controls/ControlRig_Hexagon_solid.uexp" 379
"../../../Engine/Plugins/Animation/ControlRig/Content/Controls/ControlRig_Hexagon_3mm.ubulk" 380
"../../../Engine/Plugins/Animation/ControlRig/Content/Controls/ControlRig_Hexagon_3mm.uasset" 381
"../../../Engine/Plugins/Animation/ControlRig/Content/Controls/ControlRig_Hexagon_3mm.uexp" 382
"../../../Engine/Plugins/Animation/ControlRig/Content/Controls/ControlRig_Hexagon_1mm.ubulk" 383
"../../../Engine/Plugins/Animation/ControlRig/Content/Controls/ControlRig_Hexagon_1mm.uasset" 384
"../../../Engine/Plugins/Animation/ControlRig/Content/Controls/ControlRig_Hexagon_1mm.uexp" 385
"../../../Engine/Plugins/Animation/ControlRig/Content/Controls/ControlRig_HalfCircle_solid.ubulk" 386
"../../../Engine/Plugins/Animation/ControlRig/Content/Controls/ControlRig_HalfCircle_solid.uasset" 387
"../../../Engine/Plugins/Animation/ControlRig/Content/Controls/ControlRig_HalfCircle_solid.uexp" 388
"../../../Engine/Plugins/Animation/ControlRig/Content/Controls/ControlRig_HalfCircle_3mm.ubulk" 389
"../../../Engine/Plugins/Animation/ControlRig/Content/Controls/ControlRig_HalfCircle_3mm.uasset" 390
"../../../Engine/Plugins/Animation/ControlRig/Content/Controls/ControlRig_HalfCircle_3mm.uexp" 391
"../../../Engine/Plugins/Animation/ControlRig/Content/Controls/ControlRig_HalfCircle_1mm.ubulk" 392
"../../../Engine/Plugins/Animation/ControlRig/Content/Controls/ControlRig_HalfCircle_1mm.uasset" 393
"../../../Engine/Plugins/Animation/ControlRig/Content/Controls/ControlRig_HalfCircle_1mm.uexp" 394
"../../../Engine/Plugins/Animation/ControlRig/Content/Controls/ControlRig_Diamond_solid.ubulk" 395
"../../../Engine/Plugins/Animation/ControlRig/Content/Controls/ControlRig_Diamond_solid.uasset" 396
"../../../Engine/Plugins/Animation/ControlRig/Content/Controls/ControlRig_Diamond_solid.uexp" 397
"../../../Engine/Plugins/Animation/ControlRig/Content/Controls/ControlRig_Diamond_3mm.ubulk" 398
"../../../Engine/Plugins/Animation/ControlRig/Content/Controls/ControlRig_Diamond_3mm.uasset" 399
"../../../Engine/Plugins/Animation/ControlRig/Content/Controls/ControlRig_Diamond_3mm.uexp" 400
"../../../Engine/Plugins/Animation/ControlRig/Content/Controls/ControlRig_Diamond_1mm.ubulk" 401
"../../../Engine/Plugins/Animation/ControlRig/Content/Controls/ControlRig_Diamond_1mm.uasset" 402
"../../../Engine/Plugins/Animation/ControlRig/Content/Controls/ControlRig_Diamond_1mm.uexp" 403
"../../../Engine/Plugins/Animation/ControlRig/Content/Controls/ControlRig_Circle_solid.ubulk" 404
"../../../Engine/Plugins/Animation/ControlRig/Content/Controls/ControlRig_Circle_solid.uasset" 405
"../../../Engine/Plugins/Animation/ControlRig/Content/Controls/ControlRig_Circle_solid.uexp" 406
"../../../Engine/Plugins/Animation/ControlRig/Content/Controls/ControlRig_Circle_3mm.ubulk" 407
"../../../Engine/Plugins/Animation/ControlRig/Content/Controls/ControlRig_Circle_3mm.uasset" 408
"../../../Engine/Plugins/Animation/ControlRig/Content/Controls/ControlRig_Circle_3mm.uexp" 409
"../../../Engine/Plugins/Animation/ControlRig/Content/Controls/ControlRig_Circle_1mm.ubulk" 410
"../../../Engine/Plugins/Animation/ControlRig/Content/Controls/ControlRig_Circle_1mm.uasset" 411
"../../../Engine/Plugins/Animation/ControlRig/Content/Controls/ControlRig_Circle_1mm.uexp" 412
"../../../Engine/Plugins/Animation/ControlRig/Content/Controls/ControlRig_Box_solid.ubulk" 413
"../../../Engine/Plugins/Animation/ControlRig/Content/Controls/ControlRig_Box_solid.uasset" 414
"../../../Engine/Plugins/Animation/ControlRig/Content/Controls/ControlRig_Box_solid.uexp" 415
"../../../Engine/Plugins/Animation/ControlRig/Content/Controls/ControlRig_Box_3mm.ubulk" 416
"../../../Engine/Plugins/Animation/ControlRig/Content/Controls/ControlRig_Box_3mm.uasset" 417
"../../../Engine/Plugins/Animation/ControlRig/Content/Controls/ControlRig_Box_3mm.uexp" 418
"../../../Engine/Plugins/Animation/ControlRig/Content/Controls/ControlRig_Box_1mm.ubulk" 419
"../../../Engine/Plugins/Animation/ControlRig/Content/Controls/ControlRig_Box_1mm.uasset" 420
"../../../Engine/Plugins/Animation/ControlRig/Content/Controls/ControlRig_Box_1mm.uexp" 421
"../../../Engine/Plugins/Animation/ControlRig/Content/Controls/ControlRig_Arrow_solid.ubulk" 422
"../../../Engine/Plugins/Animation/ControlRig/Content/Controls/ControlRig_Arrow_solid.uasset" 423
"../../../Engine/Plugins/Animation/ControlRig/Content/Controls/ControlRig_Arrow_solid.uexp" 424
"../../../Engine/Plugins/Animation/ControlRig/Content/Controls/ControlRig_Arrow_3mm.ubulk" 425
"../../../Engine/Plugins/Animation/ControlRig/Content/Controls/ControlRig_Arrow_3mm.uasset" 426
"../../../Engine/Plugins/Animation/ControlRig/Content/Controls/ControlRig_Arrow_3mm.uexp" 427
"../../../Engine/Plugins/Animation/ControlRig/Content/Controls/ControlRig_Arrow_1mm.ubulk" 428
"../../../Engine/Plugins/Animation/ControlRig/Content/Controls/ControlRig_Arrow_1mm.uasset" 429
"../../../Engine/Plugins/Animation/ControlRig/Content/Controls/ControlRig_Arrow_1mm.uexp" 430
"../../../Engine/Plugins/Animation/ControlRig/Content/Controls/ControlRig_Arrow4_solid.ubulk" 431
"../../../Engine/Plugins/Animation/ControlRig/Content/Controls/ControlRig_Arrow4_solid.uasset" 432
"../../../Engine/Plugins/Animation/ControlRig/Content/Controls/ControlRig_Arrow4_solid.uexp" 433
"../../../Engine/Plugins/Animation/ControlRig/Content/Controls/ControlRig_Arrow4_3mm.ubulk" 434
"../../../Engine/Plugins/Animation/ControlRig/Content/Controls/ControlRig_Arrow4_3mm.uasset" 435
"../../../Engine/Plugins/Animation/ControlRig/Content/Controls/ControlRig_Arrow4_3mm.uexp" 436
"../../../Engine/Plugins/Animation/ControlRig/Content/Controls/ControlRig_Arrow4_1mm.ubulk" 437
"../../../Engine/Plugins/Animation/ControlRig/Content/Controls/ControlRig_Arrow4_1mm.uasset" 438
"../../../Engine/Plugins/Animation/ControlRig/Content/Controls/ControlRig_Arrow4_1mm.uexp" 439
"../../../Engine/Plugins/Animation/ControlRig/Content/Controls/ControlRig_Arrow2_solid.ubulk" 440
"../../../Engine/Plugins/Animation/ControlRig/Content/Controls/ControlRig_Arrow2_solid.uasset" 441
"../../../Engine/Plugins/Animation/ControlRig/Content/Controls/ControlRig_Arrow2_solid.uexp" 442
"../../../Engine/Plugins/Animation/ControlRig/Content/Controls/ControlRig_Arrow2_3mm.ubulk" 443
"../../../Engine/Plugins/Animation/ControlRig/Content/Controls/ControlRig_Arrow2_3mm.uasset" 444
"../../../Engine/Plugins/Animation/ControlRig/Content/Controls/ControlRig_Arrow2_3mm.uexp" 445
"../../../Engine/Plugins/Animation/ControlRig/Content/Controls/ControlRig_Arrow2_1mm.ubulk" 446
"../../../Engine/Plugins/Animation/ControlRig/Content/Controls/ControlRig_Arrow2_1mm.uasset" 447
"../../../Engine/Plugins/Animation/ControlRig/Content/Controls/ControlRig_Arrow2_1mm.uexp" 448
"../../../Engine/Plugins/Animation/ControlRig/Content/Controls/ControlRigXRayMaterial.uasset" 449
"../../../Engine/Plugins/Animation/ControlRig/Content/Controls/ControlRigXRayMaterial.uexp" 450
"../../../Engine/Plugins/Animation/ControlRig/Content/Controls/ControlRigGizmoMaterial.uasset" 451
"../../../Engine/Plugins/Animation/ControlRig/Content/Controls/ControlRigGizmoMaterial.uexp" 452
"../../../Engine/Content/VREditor/TransformGizmo/StartRotationHandleIndicator.ubulk" 453
"../../../Engine/Content/VREditor/TransformGizmo/StartRotationHandleIndicator.uasset" 454
"../../../Engine/Content/VREditor/TransformGizmo/StartRotationHandleIndicator.uexp" 455
"../../../Engine/Content/VREditor/Sounds/UI/Drop_Item_From_ContentBrowser.ubulk" 456
"../../../Engine/Content/VREditor/Sounds/UI/Drop_Item_From_ContentBrowser.uasset" 457
"../../../Engine/Content/VREditor/Sounds/UI/Drop_Item_From_ContentBrowser.uexp" 458
"../../../Engine/Content/VREditor/TransformGizmo/PlaneTranslationHandle.ubulk" 459
"../../../Engine/Content/VREditor/TransformGizmo/PlaneTranslationHandle.uasset" 460
"../../../Engine/Content/VREditor/TransformGizmo/PlaneTranslationHandle.uexp" 461
"../../../Engine/Content/VREditor/Sounds/UI/Object_Snaps_To_Grid.ubulk" 462
"../../../Engine/Content/VREditor/Sounds/UI/Object_Snaps_To_Grid.uasset" 463
"../../../Engine/Content/VREditor/Sounds/UI/Object_Snaps_To_Grid.uexp" 464
"../../../Engine/Content/VREditor/Sounds/UI/Selection_Changes.ubulk" 465
"../../../Engine/Content/VREditor/Sounds/UI/Selection_Changes.uasset" 466
"../../../Engine/Content/VREditor/Sounds/UI/Selection_Changes.uexp" 467
"../../../Engine/Content/VREditor/Sounds/UI/Object_Snaps_To_Another_Actor.ubulk" 468
"../../../Engine/Content/VREditor/Sounds/UI/Object_Snaps_To_Another_Actor.uasset" 469
"../../../Engine/Content/VREditor/Sounds/UI/Object_Snaps_To_Another_Actor.uexp" 470
"../../../Engine/Content/VREditor/TransformGizmo/TranslucentTransformGizmoMaterial_Inst.uasset" 471
"../../../Engine/Content/VREditor/TransformGizmo/TranslucentTransformGizmoMaterial_Inst.uexp" 472
"../../../Engine/Content/VREditor/TransformGizmo/TransformGizmoFreeRotation.ubulk" 473
"../../../Engine/Content/VREditor/TransformGizmo/TransformGizmoFreeRotation.uasset" 474
"../../../Engine/Content/VREditor/TransformGizmo/TransformGizmoFreeRotation.uexp" 475
"../../../Engine/Content/VREditor/Sounds/UI/Scaling_Down.ubulk" 476
"../../../Engine/Content/VREditor/Sounds/UI/Scaling_Down.uasset" 477
"../../../Engine/Content/VREditor/Sounds/UI/Scaling_Down.uexp" 478
"../../../Engine/Content/Functions/Engine_MaterialFunctions02/Math/Transform3x3Matrix.uasset" 479
"../../../Engine/Content/Functions/Engine_MaterialFunctions02/Math/Transform3x3Matrix.uexp" 480
"../../../Engine/Content/Functions/Engine_MaterialFunctions02/SplitComponents.uasset" 481
"../../../Engine/Content/Functions/Engine_MaterialFunctions02/SplitComponents.uexp" 482
"../../../Engine/Content/VREditor/SnapGrid/SnapGridMaterial.uasset" 483
"../../../Engine/Content/VREditor/SnapGrid/SnapGridMaterial.uexp" 484
"../../../Engine/Content/VREditor/SnapGrid/SnapGridPlaneMesh.ubulk" 485
"../../../Engine/Content/VREditor/SnapGrid/SnapGridPlaneMesh.uasset" 486
"../../../Engine/Content/VREditor/SnapGrid/SnapGridPlaneMesh.uexp" 487
"../../../Engine/Content/VREditor/Sounds/UI/Scaling_Up.ubulk" 488
"../../../Engine/Content/VREditor/Sounds/UI/Scaling_Up.uasset" 489
"../../../Engine/Content/VREditor/Sounds/UI/Scaling_Up.uexp" 490
"../../../Engine/Content/VREditor/TransformGizmo/TransformGizmoMaterial_Inst.uasset" 491
"../../../Engine/Content/VREditor/TransformGizmo/TransformGizmoMaterial_Inst.uexp" 492
"../../../Engine/Content/VREditor/Sounds/UI/Gizmo_Handle_Clicked.ubulk" 493
"../../../Engine/Content/VREditor/Sounds/UI/Gizmo_Handle_Clicked.uasset" 494
"../../../Engine/Content/VREditor/Sounds/UI/Gizmo_Handle_Clicked.uexp" 495
"../../../Engine/Content/VREditor/TransformGizmo/RotationHandleQuarter.ubulk" 496
"../../../Engine/Content/VREditor/TransformGizmo/RotationHandleQuarter.uasset" 497
"../../../Engine/Content/VREditor/TransformGizmo/RotationHandleQuarter.uexp" 498
"../../../Engine/Content/VREditor/TransformGizmo/TranslateArrowHandle.ubulk" 499
"../../../Engine/Content/VREditor/TransformGizmo/TranslateArrowHandle.uasset" 500
"../../../Engine/Content/VREditor/TransformGizmo/TranslateArrowHandle.uexp" 501
"../../../Engine/Content/VREditor/TransformGizmo/RotationHandleIndicator.ubulk" 502
"../../../Engine/Content/VREditor/TransformGizmo/RotationHandleIndicator.uasset" 503
"../../../Engine/Content/VREditor/TransformGizmo/RotationHandleIndicator.uexp" 504
"../../../Engine/Content/VREditor/TransformGizmo/UniformScaleHandle.ubulk" 505
"../../../Engine/Content/VREditor/TransformGizmo/UniformScaleHandle.uasset" 506
"../../../Engine/Content/VREditor/TransformGizmo/UniformScaleHandle.uexp" 507
"../../../Engine/Content/VREditor/TransformGizmo/RotationHandleFull.ubulk" 508
"../../../Engine/Content/VREditor/TransformGizmo/RotationHandleFull.uasset" 509
"../../../Engine/Content/VREditor/TransformGizmo/RotationHandleFull.uexp" 510
"../../../Engine/Content/VREditor/Sounds/UI/Object_PickUp.ubulk" 511
"../../../Engine/Content/VREditor/Sounds/UI/Object_PickUp.uasset" 512
"../../../Engine/Content/VREditor/Sounds/UI/Object_PickUp.uexp" 513
"../../../Engine/Content/EngineSounds/Master.uasset" 514
"../../../Engine/Content/EngineSounds/Master.uexp" 515
"../../../Engine/Content/EngineResources/WhiteSquareTexture.uasset" 516
"../../../Engine/Content/EngineResources/WhiteSquareTexture.uexp" 517
"../../../Engine/Content/EngineMaterials/Widget3DPassThrough.uasset" 518
"../../../Engine/Content/EngineMaterials/Widget3DPassThrough.uexp" 519
"../../../Engine/Content/EngineMaterials/Widget3DPassThrough_Translucent.uasset" 520
"../../../Engine/Content/EngineMaterials/Widget3DPassThrough_Translucent.uexp" 521
"../../../Engine/Content/EngineMaterials/Widget3DPassThrough_Translucent_OneSided.uasset" 522
"../../../Engine/Content/EngineMaterials/Widget3DPassThrough_Translucent_OneSided.uexp" 523
"../../../Engine/Content/EngineMaterials/Widget3DPassThrough_Opaque.uasset" 524
"../../../Engine/Content/EngineMaterials/Widget3DPassThrough_Opaque.uexp" 525
"../../../Engine/Content/EngineMaterials/Widget3DPassThrough_Opaque_OneSided.uasset" 526
"../../../Engine/Content/EngineMaterials/Widget3DPassThrough_Opaque_OneSided.uexp" 527
"../../../Engine/Content/EngineMaterials/Widget3DPassThrough_Masked_OneSided.uasset" 528
"../../../Engine/Content/EngineMaterials/Widget3DPassThrough_Masked_OneSided.uexp" 529
"../../../Engine/Content/EngineMaterials/Widget3DPassThrough_Masked.uasset" 530
"../../../Engine/Content/EngineMaterials/Widget3DPassThrough_Masked.uexp" 531
"../../../Engine/Content/EngineMaterials/STBlueNoise_vec2_128x128x64.uasset" 532
"../../../Engine/Content/EngineMaterials/STBlueNoise_vec2_128x128x64.uexp" 533
"../../../Engine/Content/EngineMaterials/STBlueNoise_scalar_128x128x64.uasset" 534
"../../../Engine/Content/EngineMaterials/STBlueNoise_scalar_128x128x64.uexp" 535
"../../../Engine/Content/EngineMaterials/RemoveSurfaceMaterial.uasset" 536
"../../../Engine/Content/EngineMaterials/RemoveSurfaceMaterial.uexp" 537
"../../../Engine/Content/EngineMaterials/DefaultCalibrationGrayscale.uasset" 538
"../../../Engine/Content/EngineMaterials/DefaultCalibrationGrayscale.uexp" 539
"../../../Engine/Content/EngineMaterials/PPM_DefaultCalibrationGrayscale.uasset" 540
"../../../Engine/Content/EngineMaterials/PPM_DefaultCalibrationGrayscale.uexp" 541
"../../../Engine/Content/EngineMaterials/DefaultCalibrationColor.uasset" 542
"../../../Engine/Content/EngineMaterials/DefaultCalibrationColor.uexp" 543
"../../../Engine/Content/EngineMaterials/PPM_DefaultCalibrationColor.uasset" 544
"../../../Engine/Content/EngineMaterials/PPM_DefaultCalibrationColor.uexp" 545
"../../../Engine/Content/EngineMaterials/PhAT_JointLimitMaterial.uasset" 546
"../../../Engine/Content/EngineMaterials/PhAT_JointLimitMaterial.uexp" 547
"../../../Engine/Content/EngineMaterials/NaniteHiddenSectionMaterial.uasset" 548
"../../../Engine/Content/EngineMaterials/NaniteHiddenSectionMaterial.uexp" 549
"../../../Engine/Content/EngineMaterials/InvalidLightmapSettings.ubulk" 550
"../../../Engine/Content/EngineMaterials/InvalidLightmapSettings.uasset" 551
"../../../Engine/Content/EngineMaterials/InvalidLightmapSettings.uexp" 552
"../../../Engine/Content/EngineMaterials/M_InvalidLightmapSettings.uasset" 553
"../../../Engine/Content/EngineMaterials/M_InvalidLightmapSettings.uexp" 554
"../../../Engine/Content/EngineMaterials/GizmoMaterial.uasset" 555
"../../../Engine/Content/EngineMaterials/GizmoMaterial.uexp" 556
"../../../Engine/Content/EngineMaterials/BaseFlattenEmissiveMap_VT.uasset" 557
"../../../Engine/Content/EngineMaterials/BaseFlattenEmissiveMap_VT.uexp" 558
"../../../Engine/Content/EngineMaterials/BaseFlattenGrayscaleMap_VT.uasset" 559
"../../../Engine/Content/EngineMaterials/BaseFlattenGrayscaleMap_VT.uexp" 560
"../../../Engine/Content/EngineMaterials/BaseFlattenLinearColor_VT.uasset" 561
"../../../Engine/Content/EngineMaterials/BaseFlattenLinearColor_VT.uexp" 562
"../../../Engine/Content/EngineMaterials/Black_1x1_EXR_Texture_VT.uasset" 563
"../../../Engine/Content/EngineMaterials/Black_1x1_EXR_Texture_VT.uexp" 564
"../../../Engine/Content/EngineMaterials/BaseFlattenDiffuseMap_VT.uasset" 565
"../../../Engine/Content/EngineMaterials/BaseFlattenDiffuseMap_VT.uexp" 566
"../../../Engine/Content/EngineMaterials/BaseFlattenNormalMap_VT.uasset" 567
"../../../Engine/Content/EngineMaterials/BaseFlattenNormalMap_VT.uexp" 568
"../../../Engine/Content/EngineMaterials/FlattenMaterial_VT.uasset" 569
"../../../Engine/Content/EngineMaterials/FlattenMaterial_VT.uexp" 570
"../../../Engine/Content/EngineMaterials/BaseFlattenNormalMap.uasset" 571
"../../../Engine/Content/EngineMaterials/BaseFlattenNormalMap.uexp" 572
"../../../Engine/Content/EngineMaterials/BaseFlattenGrayscaleMap.uasset" 573
"../../../Engine/Content/EngineMaterials/BaseFlattenGrayscaleMap.uexp" 574
"../../../Engine/Content/EngineMaterials/BaseFlattenDiffuseMap.uasset" 575
"../../../Engine/Content/EngineMaterials/BaseFlattenDiffuseMap.uexp" 576
"../../../Engine/Content/Functions/Engine_MaterialFunctions02/PivotPainter2/Black_1x1_EXR_Texture.uasset" 577
"../../../Engine/Content/Functions/Engine_MaterialFunctions02/PivotPainter2/Black_1x1_EXR_Texture.uexp" 578
"../../../Engine/Content/EngineMaterials/BaseFlattenEmissiveMap.uasset" 579
"../../../Engine/Content/EngineMaterials/BaseFlattenEmissiveMap.uexp" 580
"../../../Engine/Content/EngineMaterials/BaseFlattenLinearColor.uasset" 581
"../../../Engine/Content/EngineMaterials/BaseFlattenLinearColor.uexp" 582
"../../../Engine/Content/EngineMaterials/FlattenMaterial.uasset" 583
"../../../Engine/Content/EngineMaterials/FlattenMaterial.uexp" 584
"../../../Engine/Content/EngineMaterials/DefaultWhiteGrid_Low.uasset" 585
"../../../Engine/Content/EngineMaterials/DefaultWhiteGrid_Low.uexp" 586
"../../../Engine/Content/EngineMaterials/EmissiveMeshMaterial.uasset" 587
"../../../Engine/Content/EngineMaterials/EmissiveMeshMaterial.uexp" 588
"../../../Engine/Content/EngineFonts/RobotoDistanceField.uasset" 589
"../../../Engine/Content/EngineFonts/RobotoDistanceField.uexp" 590
"../../../Engine/Content/EngineMaterials/DefaultTextMaterialOpaque.uasset" 591
"../../../Engine/Content/EngineMaterials/DefaultTextMaterialOpaque.uexp" 592
"../../../Engine/Content/EngineMaterials/DefaultDiffuse.ubulk" 593
"../../../Engine/Content/EngineMaterials/DefaultDiffuse.uasset" 594
"../../../Engine/Content/EngineMaterials/DefaultDiffuse.uexp" 595
"../../../Engine/Content/Functions/Engine_MaterialFunctions02/Utility/BreakOutFloat2Components.uasset" 596
"../../../Engine/Content/Functions/Engine_MaterialFunctions02/Utility/BreakOutFloat2Components.uexp" 597
"../../../Engine/Content/EngineMaterials/DefaultPostProcessMaterial.uasset" 598
"../../../Engine/Content/EngineMaterials/DefaultPostProcessMaterial.uexp" 599
"../../../Engine/Content/EngineMaterials/DefaultLightFunctionMaterial.uasset" 600
"../../../Engine/Content/EngineMaterials/DefaultLightFunctionMaterial.uexp" 601
"../../../Engine/Content/EngineMaterials/DefaultDestructiblePhysicalMaterial.uasset" 602
"../../../Engine/Content/EngineMaterials/DefaultDestructiblePhysicalMaterial.uexp" 603
"../../../Engine/Content/EngineMaterials/DefaultDeferredDecalMaterial.uasset" 604
"../../../Engine/Content/EngineMaterials/DefaultDeferredDecalMaterial.uexp" 605
"../../../Engine/Content/EngineMaterials/DefaultBloomKernel.uasset" 606
"../../../Engine/Content/EngineMaterials/DefaultBloomKernel.uexp" 607
"../../../Engine/Content/EngineFonts/Faces/RobotoLight.uexp" 608
"../../../Engine/Content/EngineFonts/Faces/RobotoLight.uasset" 609
"../../../Engine/Content/EngineFonts/Faces/RobotoLight.ufont" 610
"../../../Engine/Content/EngineFonts/Faces/RobotoBold.uexp" 611
"../../../Engine/Content/EngineFonts/Faces/RobotoBold.uasset" 612
"../../../Engine/Content/EngineFonts/Faces/RobotoBold.ufont" 613
"../../../Engine/Content/EngineFonts/Faces/RobotoRegular.uexp" 614
"../../../Engine/Content/EngineFonts/Faces/RobotoRegular.uasset" 615
"../../../Engine/Content/EngineFonts/Faces/RobotoRegular.ufont" 616
"../../../Engine/Content/EngineFonts/Faces/DroidSansFallback.uexp" 617
"../../../Engine/Content/EngineFonts/Faces/DroidSansFallback.uasset" 618
"../../../Engine/Content/EngineFonts/Faces/DroidSansFallback.ufont" 619
"../../../Engine/Content/EngineFonts/Faces/RobotoItalic.uexp" 620
"../../../Engine/Content/EngineFonts/Faces/RobotoItalic.uasset" 621
"../../../Engine/Content/EngineFonts/Faces/RobotoItalic.ufont" 622
"../../../Engine/Content/EngineFonts/Faces/RobotoBoldItalic.uexp" 623
"../../../Engine/Content/EngineFonts/Faces/RobotoBoldItalic.uasset" 624
"../../../Engine/Content/EngineFonts/Faces/RobotoBoldItalic.ufont" 625
"../../../Engine/Content/EngineFonts/Roboto.uasset" 626
"../../../Engine/Content/EngineFonts/Roboto.uexp" 627
"../../../Engine/Content/EngineDebugMaterials/VolumeToRender.uasset" 628
"../../../Engine/Content/EngineDebugMaterials/VolumeToRender.uexp" 629
"../../../Engine/Content/EngineDebugMaterials/M_VolumeRenderSphereTracePP.uasset" 630
"../../../Engine/Content/EngineDebugMaterials/M_VolumeRenderSphereTracePP.uexp" 631
"../../../Engine/Content/EngineDebugMaterials/M_SimpleUnlitTranslucent.uasset" 632
"../../../Engine/Content/EngineDebugMaterials/M_SimpleUnlitTranslucent.uexp" 633
"../../../Engine/Content/EngineDebugMaterials/DebugMeshMaterial.uasset" 634
"../../../Engine/Content/EngineDebugMaterials/DebugMeshMaterial.uexp" 635
"../../../Engine/Content/EngineDebugMaterials/DebugEditorMaterial.uasset" 636
"../../../Engine/Content/EngineDebugMaterials/DebugEditorMaterial.uexp" 637
"../../../Engine/Content/EngineDamageTypes/DmgTypeBP_Environmental.uasset" 638
"../../../Engine/Content/EngineDamageTypes/DmgTypeBP_Environmental.uexp" 639
"../../../Engine/Content/EditorResources/S_Terrain.ubulk" 640
"../../../Engine/Content/EditorResources/S_Terrain.uasset" 641
"../../../Engine/Content/EditorResources/S_Terrain.uexp" 642
"../../../Engine/Content/EditorResources/EmptyActor.uasset" 643
"../../../Engine/Content/EditorResources/EmptyActor.uexp" 644
"../../../Engine/Content/EditorResources/BSPVertex.uasset" 645
"../../../Engine/Content/EditorResources/BSPVertex.uexp" 646
"../../../Engine/Content/EditorMaterials/PreviewShadowIndicator.ubulk" 647
"../../../Engine/Content/EditorMaterials/PreviewShadowIndicator.uasset" 648
"../../../Engine/Content/EditorMaterials/PreviewShadowIndicator.uexp" 649
"../../../Engine/Content/EditorMaterials/PreviewShadowIndicatorMaterial.uasset" 650
"../../../Engine/Content/EditorMaterials/PreviewShadowIndicatorMaterial.uexp" 651
"../../../Engine/Content/EditorMaterials/PhAT_UnselectedMaterial.uasset" 652
"../../../Engine/Content/EditorMaterials/PhAT_UnselectedMaterial.uexp" 653
"../../../Engine/Content/EditorMaterials/PhAT_NoCollisionMaterial.uasset" 654
"../../../Engine/Content/EditorMaterials/PhAT_NoCollisionMaterial.uexp" 655
"../../../Engine/Content/EditorLandscapeResources/DefaultAlphaTexture.uasset" 656
"../../../Engine/Content/EditorLandscapeResources/DefaultAlphaTexture.uexp" 657
"../../../Engine/Content/EditorLandscapeResources/DataLayer.uasset" 658
"../../../Engine/Content/EditorLandscapeResources/DataLayer.uexp" 659
"../../../Engine/Content/BasicShapes/Plane.ubulk" 660
"../../../Engine/Content/BasicShapes/Plane.uasset" 661
"../../../Engine/Content/BasicShapes/Plane.uexp" 662
"../../../Engine/Content/EngineMaterials/DefaultMaterial.uasset" 663
"../../../Engine/Content/EngineMaterials/DefaultMaterial.uexp" 664
"../../../Engine/Content/BasicShapes/Cylinder.ubulk" 665
"../../../Engine/Content/BasicShapes/Cylinder.uasset" 666
"../../../Engine/Content/BasicShapes/Cylinder.uexp" 667
"../../../Engine/Content/BasicShapes/Cube.ubulk" 668
"../../../Engine/Content/BasicShapes/Cube.uasset" 669
"../../../Engine/Content/BasicShapes/Cube.uexp" 670
"../../../Engine/Content/BasicShapes/Cone.ubulk" 671
"../../../Engine/Content/BasicShapes/Cone.uasset" 672
"../../../Engine/Content/BasicShapes/Cone.uexp" 673
"../../../Engine/Plugins/Interchange/Runtime/Content/gltf/MaterialFunctions/MF_RotateV2.uasset" 674
"../../../Engine/Plugins/Interchange/Runtime/Content/gltf/MaterialFunctions/MF_RotateV2.uexp" 675
"../../../Engine/Plugins/Interchange/Runtime/Content/gltf/MaterialFunctions/MF_TransformUVs.uasset" 676
"../../../Engine/Plugins/Interchange/Runtime/Content/gltf/MaterialFunctions/MF_TransformUVs.uexp" 677
"../../../Engine/Plugins/Interchange/Runtime/Content/gltf/Textures/T_White_srgb.uasset" 678
"../../../Engine/Plugins/Interchange/Runtime/Content/gltf/Textures/T_White_srgb.uexp" 679
"../../../Engine/Plugins/Interchange/Runtime/Content/gltf/MaterialFunctions/MF_BaseColor.uasset" 680
"../../../Engine/Plugins/Interchange/Runtime/Content/gltf/MaterialFunctions/MF_BaseColor.uexp" 681
"../../../Engine/Plugins/Interchange/Runtime/Content/gltf/MaterialBodies/MF_Unlit_Body.uasset" 682
"../../../Engine/Plugins/Interchange/Runtime/Content/gltf/MaterialBodies/MF_Unlit_Body.uexp" 683
"../../../Engine/Plugins/Interchange/Runtime/Content/gltf/M_Unlit.uasset" 684
"../../../Engine/Plugins/Interchange/Runtime/Content/gltf/M_Unlit.uexp" 685
"../../../Engine/Plugins/Interchange/Runtime/Content/gltf/MaterialInstances/MI_Unlit_Opaque_DS.uasset" 686
"../../../Engine/Plugins/Interchange/Runtime/Content/gltf/MaterialInstances/MI_Unlit_Opaque_DS.uexp" 687
"../../../Engine/Plugins/Interchange/Runtime/Content/gltf/MaterialInstances/MI_Unlit_Opaque.uasset" 688
"../../../Engine/Plugins/Interchange/Runtime/Content/gltf/MaterialInstances/MI_Unlit_Opaque.uexp" 689
"../../../Engine/Plugins/Interchange/Runtime/Content/gltf/MaterialInstances/MI_Unlit_Mask_DS.uasset" 690
"../../../Engine/Plugins/Interchange/Runtime/Content/gltf/MaterialInstances/MI_Unlit_Mask_DS.uexp" 691
"../../../Engine/Plugins/Interchange/Runtime/Content/gltf/MaterialInstances/MI_Unlit_Mask.uasset" 692
"../../../Engine/Plugins/Interchange/Runtime/Content/gltf/MaterialInstances/MI_Unlit_Mask.uexp" 693
"../../../Engine/Plugins/Interchange/Runtime/Content/gltf/MaterialInstances/MI_Unlit_Blend_DS.uasset" 694
"../../../Engine/Plugins/Interchange/Runtime/Content/gltf/MaterialInstances/MI_Unlit_Blend_DS.uexp" 695
"../../../Engine/Plugins/Interchange/Runtime/Content/gltf/MaterialInstances/MI_Unlit_Blend.uasset" 696
"../../../Engine/Plugins/Interchange/Runtime/Content/gltf/MaterialInstances/MI_Unlit_Blend.uexp" 697
"../../../Engine/Plugins/Interchange/Runtime/Content/gltf/MaterialFunctions/MF_Iridescence.uasset" 698
"../../../Engine/Plugins/Interchange/Runtime/Content/gltf/MaterialFunctions/MF_Iridescence.uexp" 699
"../../../Engine/Plugins/Interchange/Runtime/Content/gltf/Textures/T_White_Linear.uasset" 700
"../../../Engine/Plugins/Interchange/Runtime/Content/gltf/Textures/T_White_Linear.uexp" 701
"../../../Engine/Plugins/Interchange/Runtime/Content/gltf/MaterialFunctions/MF_MetallicRoughness.uasset" 702
"../../../Engine/Plugins/Interchange/Runtime/Content/gltf/MaterialFunctions/MF_MetallicRoughness.uexp" 703
"../../../Engine/Plugins/Interchange/Runtime/Content/gltf/MaterialFunctions/MF_Transmission.uasset" 704
"../../../Engine/Plugins/Interchange/Runtime/Content/gltf/MaterialFunctions/MF_Transmission.uexp" 705
"../../../Engine/Plugins/Interchange/Runtime/Content/gltf/MaterialFunctions/MF_Occlusion.uasset" 706
"../../../Engine/Plugins/Interchange/Runtime/Content/gltf/MaterialFunctions/MF_Occlusion.uexp" 707
"../../../Engine/Plugins/Interchange/Runtime/Content/gltf/MaterialFunctions/MF_Specular.uasset" 708
"../../../Engine/Plugins/Interchange/Runtime/Content/gltf/MaterialFunctions/MF_Specular.uexp" 709
"../../../Engine/Plugins/Interchange/Runtime/Content/gltf/MaterialFunctions/MF_IOR.uasset" 710
"../../../Engine/Plugins/Interchange/Runtime/Content/gltf/MaterialFunctions/MF_IOR.uexp" 711
"../../../Engine/Plugins/Interchange/Runtime/Content/gltf/MaterialFunctions/MF_RotateNormals_TS.uasset" 712
"../../../Engine/Plugins/Interchange/Runtime/Content/gltf/MaterialFunctions/MF_RotateNormals_TS.uexp" 713
"../../../Engine/Plugins/Interchange/Runtime/Content/gltf/Textures/T_Generic_N.uasset" 714
"../../../Engine/Plugins/Interchange/Runtime/Content/gltf/Textures/T_Generic_N.uexp" 715
"../../../Engine/Plugins/Interchange/Runtime/Content/gltf/MaterialFunctions/MF_Normals.uasset" 716
"../../../Engine/Plugins/Interchange/Runtime/Content/gltf/MaterialFunctions/MF_Normals.uexp" 717
"../../../Engine/Plugins/Interchange/Runtime/Content/gltf/MaterialBodies/MF_Transmission_Body.uasset" 718
"../../../Engine/Plugins/Interchange/Runtime/Content/gltf/MaterialBodies/MF_Transmission_Body.uexp" 719
"../../../Engine/Plugins/Interchange/Runtime/Content/gltf/M_Transmission.uasset" 720
"../../../Engine/Plugins/Interchange/Runtime/Content/gltf/M_Transmission.uexp" 721
"../../../Engine/Plugins/Interchange/Runtime/Content/gltf/MaterialInstances/MI_Transmission_DS.uasset" 722
"../../../Engine/Plugins/Interchange/Runtime/Content/gltf/MaterialInstances/MI_Transmission_DS.uexp" 723
"../../../Engine/Plugins/Interchange/Runtime/Content/gltf/MaterialInstances/MI_Transmission.uasset" 724
"../../../Engine/Plugins/Interchange/Runtime/Content/gltf/MaterialInstances/MI_Transmission.uexp" 725
"../../../Engine/Plugins/Interchange/Runtime/Content/gltf/MaterialFunctions/MF_DiffuseSpecGloss.uasset" 726
"../../../Engine/Plugins/Interchange/Runtime/Content/gltf/MaterialFunctions/MF_DiffuseSpecGloss.uexp" 727
"../../../Engine/Content/Functions/Engine_MaterialFunctions02/Math/AddComponents.uasset" 728
"../../../Engine/Content/Functions/Engine_MaterialFunctions02/Math/AddComponents.uexp" 729
"../../../Engine/Plugins/Interchange/Runtime/Content/gltf/MaterialFunctions/MF_PerceivedBrightness.uasset" 730
"../../../Engine/Plugins/Interchange/Runtime/Content/gltf/MaterialFunctions/MF_PerceivedBrightness.uexp" 731
"../../../Engine/Plugins/Interchange/Runtime/Content/gltf/MaterialFunctions/MF_Emissive.uasset" 732
"../../../Engine/Plugins/Interchange/Runtime/Content/gltf/MaterialFunctions/MF_Emissive.uexp" 733
"../../../Engine/Plugins/Interchange/Runtime/Content/gltf/MaterialFunctions/MF_SpecGlossToMetalRoughness.uasset" 734
"../../../Engine/Plugins/Interchange/Runtime/Content/gltf/MaterialFunctions/MF_SpecGlossToMetalRoughness.uexp" 735
"../../../Engine/Plugins/Interchange/Runtime/Content/gltf/MaterialBodies/MF_SpecularGlossiness_Body.uasset" 736
"../../../Engine/Plugins/Interchange/Runtime/Content/gltf/MaterialBodies/MF_SpecularGlossiness_Body.uexp" 737
"../../../Engine/Plugins/Interchange/Runtime/Content/gltf/M_SpecularGlossiness.uasset" 738
"../../../Engine/Plugins/Interchange/Runtime/Content/gltf/M_SpecularGlossiness.uexp" 739
"../../../Engine/Plugins/Interchange/Runtime/Content/gltf/MaterialInstances/MI_SpecularGlossiness_Opaque_DS.uasset" 740
"../../../Engine/Plugins/Interchange/Runtime/Content/gltf/MaterialInstances/MI_SpecularGlossiness_Opaque_DS.uexp" 741
"../../../Engine/Plugins/Interchange/Runtime/Content/gltf/MaterialInstances/MI_SpecularGlossiness_Opaque.uasset" 742
"../../../Engine/Plugins/Interchange/Runtime/Content/gltf/MaterialInstances/MI_SpecularGlossiness_Opaque.uexp" 743
"../../../Engine/Plugins/Interchange/Runtime/Content/gltf/MaterialInstances/MI_SpecularGlossiness_Mask_DS.uasset" 744
"../../../Engine/Plugins/Interchange/Runtime/Content/gltf/MaterialInstances/MI_SpecularGlossiness_Mask_DS.uexp" 745
"../../../Engine/Plugins/Interchange/Runtime/Content/gltf/MaterialInstances/MI_SpecularGlossiness_Mask.uasset" 746
"../../../Engine/Plugins/Interchange/Runtime/Content/gltf/MaterialInstances/MI_SpecularGlossiness_Mask.uexp" 747
"../../../Engine/Plugins/Interchange/Runtime/Content/gltf/MaterialInstances/MI_SpecularGlossiness_Blend_DS.uasset" 748
"../../../Engine/Plugins/Interchange/Runtime/Content/gltf/MaterialInstances/MI_SpecularGlossiness_Blend_DS.uexp" 749
"../../../Engine/Plugins/Interchange/Runtime/Content/gltf/MaterialInstances/MI_SpecularGlossiness_Blend.uasset" 750
"../../../Engine/Plugins/Interchange/Runtime/Content/gltf/MaterialInstances/MI_SpecularGlossiness_Blend.uexp" 751
"../../../Engine/Plugins/Interchange/Runtime/Content/gltf/MaterialFunctions/MF_Sheen.uasset" 752
"../../../Engine/Plugins/Interchange/Runtime/Content/gltf/MaterialFunctions/MF_Sheen.uexp" 753
"../../../Engine/Plugins/Interchange/Runtime/Content/gltf/MaterialBodies/MF_Sheen_Body.uasset" 754
"../../../Engine/Plugins/Interchange/Runtime/Content/gltf/MaterialBodies/MF_Sheen_Body.uexp" 755
"../../../Engine/Plugins/Interchange/Runtime/Content/gltf/M_Sheen.uasset" 756
"../../../Engine/Plugins/Interchange/Runtime/Content/gltf/M_Sheen.uexp" 757
"../../../Engine/Plugins/Interchange/Runtime/Content/gltf/MaterialInstances/MI_Sheen_Opaque_DS.uasset" 758
"../../../Engine/Plugins/Interchange/Runtime/Content/gltf/MaterialInstances/MI_Sheen_Opaque_DS.uexp" 759
"../../../Engine/Plugins/Interchange/Runtime/Content/gltf/MaterialInstances/MI_Sheen_Opaque.uasset" 760
"../../../Engine/Plugins/Interchange/Runtime/Content/gltf/MaterialInstances/MI_Sheen_Opaque.uexp" 761
"../../../Engine/Plugins/Interchange/Runtime/Content/gltf/MaterialInstances/MI_Sheen_Mask_DS.uasset" 762
"../../../Engine/Plugins/Interchange/Runtime/Content/gltf/MaterialInstances/MI_Sheen_Mask_DS.uexp" 763
"../../../Engine/Plugins/Interchange/Runtime/Content/gltf/MaterialInstances/MI_Sheen_Mask.uasset" 764
"../../../Engine/Plugins/Interchange/Runtime/Content/gltf/MaterialInstances/MI_Sheen_Mask.uexp" 765
"../../../Engine/Plugins/Interchange/Runtime/Content/gltf/MaterialInstances/MI_Sheen_Blend_DS.uasset" 766
"../../../Engine/Plugins/Interchange/Runtime/Content/gltf/MaterialInstances/MI_Sheen_Blend_DS.uexp" 767
"../../../Engine/Plugins/Interchange/Runtime/Content/gltf/MaterialInstances/MI_Sheen_Blend.uasset" 768
"../../../Engine/Plugins/Interchange/Runtime/Content/gltf/MaterialInstances/MI_Sheen_Blend.uexp" 769
"../../../Engine/Plugins/Interchange/Runtime/Content/gltf/MaterialBodies/MF_Default_Body.uasset" 770
"../../../Engine/Plugins/Interchange/Runtime/Content/gltf/MaterialBodies/MF_Default_Body.uexp" 771
"../../../Engine/Plugins/Interchange/Runtime/Content/gltf/M_Default.uasset" 772
"../../../Engine/Plugins/Interchange/Runtime/Content/gltf/M_Default.uexp" 773
"../../../Engine/Plugins/Interchange/Runtime/Content/gltf/MaterialInstances/MI_Default_Opaque.uasset" 774
"../../../Engine/Plugins/Interchange/Runtime/Content/gltf/MaterialInstances/MI_Default_Opaque.uexp" 775
"../../../Engine/Plugins/Interchange/Runtime/Content/gltf/MaterialInstances/MI_Default_Mask_DS.uasset" 776
"../../../Engine/Plugins/Interchange/Runtime/Content/gltf/MaterialInstances/MI_Default_Mask_DS.uexp" 777
"../../../Engine/Plugins/Interchange/Runtime/Content/gltf/MaterialInstances/MI_Default_Mask.uasset" 778
"../../../Engine/Plugins/Interchange/Runtime/Content/gltf/MaterialInstances/MI_Default_Mask.uexp" 779
"../../../Engine/Plugins/Interchange/Runtime/Content/gltf/MaterialInstances/MI_Default_Blend_DS.uasset" 780
"../../../Engine/Plugins/Interchange/Runtime/Content/gltf/MaterialInstances/MI_Default_Blend_DS.uexp" 781
"../../../Engine/Plugins/Interchange/Runtime/Content/gltf/MaterialInstances/MI_Default_Blend.uasset" 782
"../../../Engine/Plugins/Interchange/Runtime/Content/gltf/MaterialInstances/MI_Default_Blend.uexp" 783
"../../../Engine/Content/Functions/Engine_MaterialFunctions01/Texturing/FlattenNormal.uasset" 784
"../../../Engine/Content/Functions/Engine_MaterialFunctions01/Texturing/FlattenNormal.uexp" 785
"../../../Engine/Plugins/Interchange/Runtime/Content/gltf/MaterialFunctions/MF_Clearcoat.uasset" 786
"../../../Engine/Plugins/Interchange/Runtime/Content/gltf/MaterialFunctions/MF_Clearcoat.uexp" 787
"../../../Engine/Plugins/Interchange/Runtime/Content/gltf/MaterialBodies/MF_ClearCoat_Body.uasset" 788
"../../../Engine/Plugins/Interchange/Runtime/Content/gltf/MaterialBodies/MF_ClearCoat_Body.uexp" 789
"../../../Engine/Plugins/Interchange/Runtime/Content/gltf/M_ClearCoat.uasset" 790
"../../../Engine/Plugins/Interchange/Runtime/Content/gltf/M_ClearCoat.uexp" 791
"../../../Engine/Plugins/Interchange/Runtime/Content/gltf/MaterialInstances/MI_ClearCoat_Opaque_DS.uasset" 792
"../../../Engine/Plugins/Interchange/Runtime/Content/gltf/MaterialInstances/MI_ClearCoat_Opaque_DS.uexp" 793
"../../../Engine/Plugins/Interchange/Runtime/Content/gltf/MaterialInstances/MI_ClearCoat_Opaque.uasset" 794
"../../../Engine/Plugins/Interchange/Runtime/Content/gltf/MaterialInstances/MI_ClearCoat_Opaque.uexp" 795
"../../../Engine/Plugins/Interchange/Runtime/Content/gltf/MaterialInstances/MI_ClearCoat_Mask_DS.uasset" 796
"../../../Engine/Plugins/Interchange/Runtime/Content/gltf/MaterialInstances/MI_ClearCoat_Mask_DS.uexp" 797
"../../../Engine/Plugins/Interchange/Runtime/Content/gltf/MaterialInstances/MI_ClearCoat_Mask.uasset" 798
"../../../Engine/Plugins/Interchange/Runtime/Content/gltf/MaterialInstances/MI_ClearCoat_Mask.uexp" 799
"../../../Engine/Plugins/Interchange/Runtime/Content/gltf/MaterialInstances/MI_ClearCoat_Blend_DS.uasset" 800
"../../../Engine/Plugins/Interchange/Runtime/Content/gltf/MaterialInstances/MI_ClearCoat_Blend_DS.uexp" 801
"../../../Engine/Plugins/Interchange/Runtime/Content/gltf/MaterialInstances/MI_ClearCoat_Blend.uasset" 802
"../../../Engine/Plugins/Interchange/Runtime/Content/gltf/MaterialInstances/MI_ClearCoat_Blend.uexp" 803
"../../../Engine/Content/MobileResources/HUD/VirtualJoystick_Background.uasset" 804
"../../../Engine/Content/MobileResources/HUD/VirtualJoystick_Background.uexp" 805
"../../../Engine/Content/MobileResources/HUD/VirtualJoystick_Thumb.uasset" 806
"../../../Engine/Content/MobileResources/HUD/VirtualJoystick_Thumb.uexp" 807
"../../../Engine/Content/MobileResources/HUD/DefaultVirtualJoysticks.uasset" 808
"../../../Engine/Content/MobileResources/HUD/DefaultVirtualJoysticks.uexp" 809
"../../../Engine/Content/EngineSky/VolumetricClouds/CloudWeatherTexture.uasset" 810
"../../../Engine/Content/EngineSky/VolumetricClouds/CloudWeatherTexture.uexp" 811
"../../../Engine/Content/EngineSky/VolumetricClouds/CloudGradientTexture.uasset" 812
"../../../Engine/Content/EngineSky/VolumetricClouds/CloudGradientTexture.uexp" 813
"../../../Engine/Content/EngineSky/VolumetricClouds/T_NoiseShape64.ubulk" 814
"../../../Engine/Content/EngineSky/VolumetricClouds/T_NoiseShape64.uasset" 815
"../../../Engine/Content/EngineSky/VolumetricClouds/T_NoiseShape64.uexp" 816
"../../../Engine/Content/EngineSky/VolumetricClouds/T_VolumeNoiseShape64.uasset" 817
"../../../Engine/Content/EngineSky/VolumetricClouds/T_VolumeNoiseShape64.uexp" 818
"../../../Engine/Content/EngineSky/VolumetricClouds/T_NoiseErosion.ubulk" 819
"../../../Engine/Content/EngineSky/VolumetricClouds/T_NoiseErosion.uasset" 820
"../../../Engine/Content/EngineSky/VolumetricClouds/T_NoiseErosion.uexp" 821
"../../../Engine/Content/EngineSky/VolumetricClouds/T_VolumeNoiseErosion32.uasset" 822
"../../../Engine/Content/EngineSky/VolumetricClouds/T_VolumeNoiseErosion32.uexp" 823
"../../../Engine/Content/EngineSky/VolumetricClouds/m_SimpleVolumetricCloud.uasset" 824
"../../../Engine/Content/EngineSky/VolumetricClouds/m_SimpleVolumetricCloud.uexp" 825
"../../../Engine/Content/EngineSky/VolumetricClouds/m_SimpleVolumetricCloud_Inst.uasset" 826
"../../../Engine/Content/EngineSky/VolumetricClouds/m_SimpleVolumetricCloud_Inst.uexp" 827
"../../../Engine/Content/EngineResources/FilmGrains/Marcie_Grain_v3_128_M2_000.uasset" 828
"../../../Engine/Content/EngineResources/FilmGrains/Marcie_Grain_v3_128_M2_000.uexp" 829
"../../../Engine/Content/EditorResources/SequenceRecorder/RecordingIndicator.uasset" 830
"../../../Engine/Content/EditorResources/SequenceRecorder/RecordingIndicator.uexp" 831
"../../../Engine/Content/EditorResources/SequenceRecorder/Countdown.uasset" 832
"../../../Engine/Content/EditorResources/SequenceRecorder/Countdown.uexp" 833
"../../../Engine/Content/EditorMaterials/Dataflow/DataflowVertexMaterial.uasset" 834
"../../../Engine/Content/EditorMaterials/Dataflow/DataflowVertexMaterial.uexp" 835
"../../../Engine/Content/Functions/Engine_MaterialFunctions01/Shading/PowerToRoughness.uasset" 836
"../../../Engine/Content/Functions/Engine_MaterialFunctions01/Shading/PowerToRoughness.uexp" 837
"../../../Engine/Content/Functions/Engine_MaterialFunctions01/Shading/ConvertFromDiffSpec.uasset" 838
"../../../Engine/Content/Functions/Engine_MaterialFunctions01/Shading/ConvertFromDiffSpec.uexp" 839
"../../../Engine/Content/EngineMaterials/Substrate/Volume/SubstrateSimpleVolumeLUT3D.uasset" 840
"../../../Engine/Content/EngineMaterials/Substrate/Volume/SubstrateSimpleVolumeLUT3D.uexp" 841
"../../../Engine/Content/EngineMaterials/Substrate/Volume/SubstrateSimpleVolumeEnvLUT3D.uasset" 842
"../../../Engine/Content/EngineMaterials/Substrate/Volume/SubstrateSimpleVolumeEnvLUT3D.uexp" 843
"../../../Engine/Content/EngineMaterials/Substrate/GLints2/AGlintTex2dArray2.uasset" 844
"../../../Engine/Content/EngineMaterials/Substrate/GLints2/AGlintTex2dArray2.uexp" 845
"../../../Engine/Content/EngineMaterials/Substrate/GLints/AGlintTex2dArray.uasset" 846
"../../../Engine/Content/EngineMaterials/Substrate/GLints/AGlintTex2dArray.uexp" 847
"../../../Engine/Content/EngineMaterials/DefaultPhysicalMaterial.uasset" 848
"../../../Engine/Content/EngineMaterials/DefaultPhysicalMaterial.uexp" 849
"../../../Engine/Content/EngineMaterials/BlendFunc_DefBlend.uasset" 850
"../../../Engine/Content/EngineMaterials/BlendFunc_DefBlend.uexp" 851
"../../../Engine/Content/OpenWorldTemplate/LandscapeMaterial/T_GridChecker_A.ubulk" 852
"../../../Engine/Content/OpenWorldTemplate/LandscapeMaterial/T_GridChecker_A.uasset" 853
"../../../Engine/Content/OpenWorldTemplate/LandscapeMaterial/T_GridChecker_A.uexp" 854
"../../../Engine/Content/EngineMaterials/BlendFunc_DefBase.uasset" 855
"../../../Engine/Content/EngineMaterials/BlendFunc_DefBase.uexp" 856
"../../../Engine/Content/Functions/Engine_MaterialFunctions03/Blends/Blend_Overlay.uasset" 857
"../../../Engine/Content/Functions/Engine_MaterialFunctions03/Blends/Blend_Overlay.uexp" 858
"../../../Engine/Content/Functions/Engine_MaterialFunctions01/Gradient/LinearGradient.uasset" 859
"../../../Engine/Content/Functions/Engine_MaterialFunctions01/Gradient/LinearGradient.uexp" 860
"../../../Engine/Content/Functions/Engine_MaterialFunctions01/ImageAdjustment/CheapContrast.uasset" 861
"../../../Engine/Content/Functions/Engine_MaterialFunctions01/ImageAdjustment/CheapContrast.uexp" 862
"../../../Engine/Content/OpenWorldTemplate/LandscapeMaterial/MF_ProcGrid.uasset" 863
"../../../Engine/Content/OpenWorldTemplate/LandscapeMaterial/MF_ProcGrid.uexp" 864
"../../../Engine/Content/OpenWorldTemplate/LandscapeMaterial/M_ProcGrid.uasset" 865
"../../../Engine/Content/OpenWorldTemplate/LandscapeMaterial/M_ProcGrid.uexp" 866
"../../../Engine/Plugins/Interchange/Runtime/Content/gltf/MaterialInstances/MI_Default_Opaque_DS.uasset" 867
"../../../Engine/Plugins/Interchange/Runtime/Content/gltf/MaterialInstances/MI_Default_Opaque_DS.uexp" 868
"E:/Unreal Projects/MyPokemonDemo/Content/ArenaAsset/circle_of_death_texture_20.ubulk" 869
"E:/Unreal Projects/MyPokemonDemo/Content/ArenaAsset/circle_of_death_texture_20.uasset" 870
"E:/Unreal Projects/MyPokemonDemo/Content/ArenaAsset/circle_of_death_texture_20.uexp" 871
"E:/Unreal Projects/MyPokemonDemo/Content/ArenaAsset/circle_of_death_texture_21.ubulk" 872
"E:/Unreal Projects/MyPokemonDemo/Content/ArenaAsset/circle_of_death_texture_21.uasset" 873
"E:/Unreal Projects/MyPokemonDemo/Content/ArenaAsset/circle_of_death_texture_21.uexp" 874
"E:/Unreal Projects/MyPokemonDemo/Content/ArenaAsset/collumn_simbols.uasset" 875
"E:/Unreal Projects/MyPokemonDemo/Content/ArenaAsset/collumn_simbols.uexp" 876
"E:/Unreal Projects/MyPokemonDemo/Content/ArenaAsset/circle_of_death_texture_4.ubulk" 877
"E:/Unreal Projects/MyPokemonDemo/Content/ArenaAsset/circle_of_death_texture_4.uasset" 878
"E:/Unreal Projects/MyPokemonDemo/Content/ArenaAsset/circle_of_death_texture_4.uexp" 879
"E:/Unreal Projects/MyPokemonDemo/Content/ArenaAsset/circle_of_death_texture_5.ubulk" 880
"E:/Unreal Projects/MyPokemonDemo/Content/ArenaAsset/circle_of_death_texture_5.uasset" 881
"E:/Unreal Projects/MyPokemonDemo/Content/ArenaAsset/circle_of_death_texture_5.uexp" 882
"E:/Unreal Projects/MyPokemonDemo/Content/ArenaAsset/sink_wall.uasset" 883
"E:/Unreal Projects/MyPokemonDemo/Content/ArenaAsset/sink_wall.uexp" 884
"E:/Unreal Projects/MyPokemonDemo/Content/ArenaAsset/circle_of_death_texture_6.ubulk" 885
"E:/Unreal Projects/MyPokemonDemo/Content/ArenaAsset/circle_of_death_texture_6.uasset" 886
"E:/Unreal Projects/MyPokemonDemo/Content/ArenaAsset/circle_of_death_texture_6.uexp" 887
"E:/Unreal Projects/MyPokemonDemo/Content/ArenaAsset/sink_floor.uasset" 888
"E:/Unreal Projects/MyPokemonDemo/Content/ArenaAsset/sink_floor.uexp" 889
"E:/Unreal Projects/MyPokemonDemo/Content/ArenaAsset/light.uasset" 890
"E:/Unreal Projects/MyPokemonDemo/Content/ArenaAsset/light.uexp" 891
"E:/Unreal Projects/MyPokemonDemo/Content/ArenaAsset/circle_of_death_texture_7.ubulk" 892
"E:/Unreal Projects/MyPokemonDemo/Content/ArenaAsset/circle_of_death_texture_7.uasset" 893
"E:/Unreal Projects/MyPokemonDemo/Content/ArenaAsset/circle_of_death_texture_7.uexp" 894
"E:/Unreal Projects/MyPokemonDemo/Content/ArenaAsset/circle_of_death_texture_8.ubulk" 895
"E:/Unreal Projects/MyPokemonDemo/Content/ArenaAsset/circle_of_death_texture_8.uasset" 896
"E:/Unreal Projects/MyPokemonDemo/Content/ArenaAsset/circle_of_death_texture_8.uexp" 897
"E:/Unreal Projects/MyPokemonDemo/Content/ArenaAsset/main_walls.uasset" 898
"E:/Unreal Projects/MyPokemonDemo/Content/ArenaAsset/main_walls.uexp" 899
"E:/Unreal Projects/MyPokemonDemo/Content/ArenaAsset/circle_of_death_texture_9.ubulk" 900
"E:/Unreal Projects/MyPokemonDemo/Content/ArenaAsset/circle_of_death_texture_9.uasset" 901
"E:/Unreal Projects/MyPokemonDemo/Content/ArenaAsset/circle_of_death_texture_9.uexp" 902
"E:/Unreal Projects/MyPokemonDemo/Content/ArenaAsset/circle_of_death_texture_10.ubulk" 903
"E:/Unreal Projects/MyPokemonDemo/Content/ArenaAsset/circle_of_death_texture_10.uasset" 904
"E:/Unreal Projects/MyPokemonDemo/Content/ArenaAsset/circle_of_death_texture_10.uexp" 905
"E:/Unreal Projects/MyPokemonDemo/Content/ArenaAsset/walls.uasset" 906
"E:/Unreal Projects/MyPokemonDemo/Content/ArenaAsset/walls.uexp" 907
"E:/Unreal Projects/MyPokemonDemo/Content/ArenaAsset/circle_of_death_texture_2.ubulk" 908
"E:/Unreal Projects/MyPokemonDemo/Content/ArenaAsset/circle_of_death_texture_2.uasset" 909
"E:/Unreal Projects/MyPokemonDemo/Content/ArenaAsset/circle_of_death_texture_2.uexp" 910
"E:/Unreal Projects/MyPokemonDemo/Content/ArenaAsset/circle_of_death_texture_3.ubulk" 911
"E:/Unreal Projects/MyPokemonDemo/Content/ArenaAsset/circle_of_death_texture_3.uasset" 912
"E:/Unreal Projects/MyPokemonDemo/Content/ArenaAsset/circle_of_death_texture_3.uexp" 913
"E:/Unreal Projects/MyPokemonDemo/Content/ArenaAsset/floor_main.uasset" 914
"E:/Unreal Projects/MyPokemonDemo/Content/ArenaAsset/floor_main.uexp" 915
"E:/Unreal Projects/MyPokemonDemo/Content/ArenaAsset/circle_of_death_texture_11.ubulk" 916
"E:/Unreal Projects/MyPokemonDemo/Content/ArenaAsset/circle_of_death_texture_11.uasset" 917
"E:/Unreal Projects/MyPokemonDemo/Content/ArenaAsset/circle_of_death_texture_11.uexp" 918
"E:/Unreal Projects/MyPokemonDemo/Content/ArenaAsset/circle_of_death_texture_12.ubulk" 919
"E:/Unreal Projects/MyPokemonDemo/Content/ArenaAsset/circle_of_death_texture_12.uasset" 920
"E:/Unreal Projects/MyPokemonDemo/Content/ArenaAsset/circle_of_death_texture_12.uexp" 921
"E:/Unreal Projects/MyPokemonDemo/Content/ArenaAsset/door_frame2.uasset" 922
"E:/Unreal Projects/MyPokemonDemo/Content/ArenaAsset/door_frame2.uexp" 923
"E:/Unreal Projects/MyPokemonDemo/Content/ArenaAsset/circle_of_death_texture_13.ubulk" 924
"E:/Unreal Projects/MyPokemonDemo/Content/ArenaAsset/circle_of_death_texture_13.uasset" 925
"E:/Unreal Projects/MyPokemonDemo/Content/ArenaAsset/circle_of_death_texture_13.uexp" 926
"E:/Unreal Projects/MyPokemonDemo/Content/ArenaAsset/circle_of_death_texture_14.ubulk" 927
"E:/Unreal Projects/MyPokemonDemo/Content/ArenaAsset/circle_of_death_texture_14.uasset" 928
"E:/Unreal Projects/MyPokemonDemo/Content/ArenaAsset/circle_of_death_texture_14.uexp" 929
"E:/Unreal Projects/MyPokemonDemo/Content/ArenaAsset/collumn_bricks.uasset" 930
"E:/Unreal Projects/MyPokemonDemo/Content/ArenaAsset/collumn_bricks.uexp" 931
"E:/Unreal Projects/MyPokemonDemo/Content/ArenaAsset/circle_of_death_texture_24.ubulk" 932
"E:/Unreal Projects/MyPokemonDemo/Content/ArenaAsset/circle_of_death_texture_24.uasset" 933
"E:/Unreal Projects/MyPokemonDemo/Content/ArenaAsset/circle_of_death_texture_24.uexp" 934
"E:/Unreal Projects/MyPokemonDemo/Content/ArenaAsset/circle_of_death_texture_25.ubulk" 935
"E:/Unreal Projects/MyPokemonDemo/Content/ArenaAsset/circle_of_death_texture_25.uasset" 936
"E:/Unreal Projects/MyPokemonDemo/Content/ArenaAsset/circle_of_death_texture_25.uexp" 937
"E:/Unreal Projects/MyPokemonDemo/Content/ArenaAsset/map_logo.uasset" 938
"E:/Unreal Projects/MyPokemonDemo/Content/ArenaAsset/map_logo.uexp" 939
"E:/Unreal Projects/MyPokemonDemo/Content/ArenaAsset/circle_of_death_texture_17.ubulk" 940
"E:/Unreal Projects/MyPokemonDemo/Content/ArenaAsset/circle_of_death_texture_17.uasset" 941
"E:/Unreal Projects/MyPokemonDemo/Content/ArenaAsset/circle_of_death_texture_17.uexp" 942
"E:/Unreal Projects/MyPokemonDemo/Content/ArenaAsset/metal.uasset" 943
"E:/Unreal Projects/MyPokemonDemo/Content/ArenaAsset/metal.uexp" 944
"E:/Unreal Projects/MyPokemonDemo/Content/ArenaAsset/circle_of_death_texture_18.ubulk" 945
"E:/Unreal Projects/MyPokemonDemo/Content/ArenaAsset/circle_of_death_texture_18.uasset" 946
"E:/Unreal Projects/MyPokemonDemo/Content/ArenaAsset/circle_of_death_texture_18.uexp" 947
"E:/Unreal Projects/MyPokemonDemo/Content/ArenaAsset/circle_of_death_texture_19.ubulk" 948
"E:/Unreal Projects/MyPokemonDemo/Content/ArenaAsset/circle_of_death_texture_19.uasset" 949
"E:/Unreal Projects/MyPokemonDemo/Content/ArenaAsset/circle_of_death_texture_19.uexp" 950
"E:/Unreal Projects/MyPokemonDemo/Content/ArenaAsset/collumn_ornament.uasset" 951
"E:/Unreal Projects/MyPokemonDemo/Content/ArenaAsset/collumn_ornament.uexp" 952
"E:/Unreal Projects/MyPokemonDemo/Content/ArenaAsset/circle_of_death_texture_22.ubulk" 953
"E:/Unreal Projects/MyPokemonDemo/Content/ArenaAsset/circle_of_death_texture_22.uasset" 954
"E:/Unreal Projects/MyPokemonDemo/Content/ArenaAsset/circle_of_death_texture_22.uexp" 955
"E:/Unreal Projects/MyPokemonDemo/Content/ArenaAsset/circle_of_death_texture_23.ubulk" 956
"E:/Unreal Projects/MyPokemonDemo/Content/ArenaAsset/circle_of_death_texture_23.uasset" 957
"E:/Unreal Projects/MyPokemonDemo/Content/ArenaAsset/circle_of_death_texture_23.uexp" 958
"E:/Unreal Projects/MyPokemonDemo/Content/ArenaAsset/door_frame3.uasset" 959
"E:/Unreal Projects/MyPokemonDemo/Content/ArenaAsset/door_frame3.uexp" 960
"E:/Unreal Projects/MyPokemonDemo/Content/ArenaAsset/circle_of_death_texture_0.ubulk" 961
"E:/Unreal Projects/MyPokemonDemo/Content/ArenaAsset/circle_of_death_texture_0.uasset" 962
"E:/Unreal Projects/MyPokemonDemo/Content/ArenaAsset/circle_of_death_texture_0.uexp" 963
"E:/Unreal Projects/MyPokemonDemo/Content/ArenaAsset/circle_of_death_texture_1.ubulk" 964
"E:/Unreal Projects/MyPokemonDemo/Content/ArenaAsset/circle_of_death_texture_1.uasset" 965
"E:/Unreal Projects/MyPokemonDemo/Content/ArenaAsset/circle_of_death_texture_1.uexp" 966
"E:/Unreal Projects/MyPokemonDemo/Content/ArenaAsset/logo.uasset" 967
"E:/Unreal Projects/MyPokemonDemo/Content/ArenaAsset/logo.uexp" 968
"E:/Unreal Projects/MyPokemonDemo/Content/ArenaAsset/circle_of_death_texture_15.ubulk" 969
"E:/Unreal Projects/MyPokemonDemo/Content/ArenaAsset/circle_of_death_texture_15.uasset" 970
"E:/Unreal Projects/MyPokemonDemo/Content/ArenaAsset/circle_of_death_texture_15.uexp" 971
"E:/Unreal Projects/MyPokemonDemo/Content/ArenaAsset/circle_of_death_texture_16.ubulk" 972
"E:/Unreal Projects/MyPokemonDemo/Content/ArenaAsset/circle_of_death_texture_16.uasset" 973
"E:/Unreal Projects/MyPokemonDemo/Content/ArenaAsset/circle_of_death_texture_16.uexp" 974
"E:/Unreal Projects/MyPokemonDemo/Content/ArenaAsset/door_frame.uasset" 975
"E:/Unreal Projects/MyPokemonDemo/Content/ArenaAsset/door_frame.uexp" 976
"E:/Unreal Projects/MyPokemonDemo/Content/ArenaAsset/circle_of_death.ubulk" 977
"E:/Unreal Projects/MyPokemonDemo/Content/ArenaAsset/circle_of_death.uasset" 978
"E:/Unreal Projects/MyPokemonDemo/Content/ArenaAsset/circle_of_death.uexp" 979
"../../../Engine/Content/EngineMaterials/FlattenMaterial_WS_Normal_VT.uasset" 980
"../../../Engine/Content/EngineMaterials/FlattenMaterial_WS_Normal_VT.uexp" 981
"../../../Engine/Content/OpenWorldTemplate/HLOD/HLOD0_Instancing.uasset" 982
"../../../Engine/Content/OpenWorldTemplate/HLOD/HLOD0_Instancing.uexp" 983
"E:/Unreal Projects/MyPokemonDemo/Content/Enums/E_Movetype.uasset" 984
"E:/Unreal Projects/MyPokemonDemo/Content/Enums/E_Movetype.uexp" 985
"E:/Unreal Projects/MyPokemonDemo/Content/Enums/E_MoveCategory.uasset" 986
"E:/Unreal Projects/MyPokemonDemo/Content/Enums/E_MoveCategory.uexp" 987
"E:/Unreal Projects/MyPokemonDemo/Content/DA/DA_move.uasset" 988
"E:/Unreal Projects/MyPokemonDemo/Content/DA/DA_move.uexp" 989
"E:/Unreal Projects/MyPokemonDemo/Content/DA/Moves/DA_Move_Tackle.uasset" 990
"E:/Unreal Projects/MyPokemonDemo/Content/DA/Moves/DA_Move_Tackle.uexp" 991
"E:/Unreal Projects/MyPokemonDemo/Content/DA/DA_PokemonSpecies.uasset" 992
"E:/Unreal Projects/MyPokemonDemo/Content/DA/DA_PokemonSpecies.uexp" 993
"E:/Unreal Projects/MyPokemonDemo/Content/DA/PokemonSpecies/DA_TurtleSpecies.uasset" 994
"E:/Unreal Projects/MyPokemonDemo/Content/DA/PokemonSpecies/DA_TurtleSpecies.uexp" 995
"E:/Unreal Projects/MyPokemonDemo/Content/MonsterForSurvivalGame/Mesh/PBR/TurtleShell_Skeleton.uasset" 996
"E:/Unreal Projects/MyPokemonDemo/Content/MonsterForSurvivalGame/Mesh/PBR/TurtleShell_Skeleton.uexp" 997
"E:/Unreal Projects/MyPokemonDemo/Content/MonsterForSurvivalGame/Animation/PBR/TurtleShell/TurtleShell_IdleBattle_ANIM.uasset" 998
"E:/Unreal Projects/MyPokemonDemo/Content/MonsterForSurvivalGame/Animation/PBR/TurtleShell/TurtleShell_IdleBattle_ANIM.uexp" 999
"E:/Unreal Projects/MyPokemonDemo/Content/SimpleDamageText/Blueprints/UI/UI_DamageText.uasset" 1000
"E:/Unreal Projects/MyPokemonDemo/Content/SimpleDamageText/Blueprints/UI/UI_DamageText.uexp" 1001
"E:/Unreal Projects/MyPokemonDemo/Content/SimpleDamageText/Blueprints/Damage/BP_DamageText.uasset" 1002
"E:/Unreal Projects/MyPokemonDemo/Content/SimpleDamageText/Blueprints/Damage/BP_DamageText.uexp" 1003
"E:/Unreal Projects/MyPokemonDemo/Content/Blueprint/Pokemon/BP_pokemon.uasset" 1004
"E:/Unreal Projects/MyPokemonDemo/Content/Blueprint/Pokemon/BP_pokemon.uexp" 1005
"E:/Unreal Projects/MyPokemonDemo/Content/MonsterForSurvivalGame/Animation/PBR/TurtleShell/TurtleShell_GetHit_ANIM.uasset" 1006
"E:/Unreal Projects/MyPokemonDemo/Content/MonsterForSurvivalGame/Animation/PBR/TurtleShell/TurtleShell_GetHit_ANIM.uexp" 1007
"E:/Unreal Projects/MyPokemonDemo/Content/MonsterForSurvivalGame/Mesh/PBR/TurtleShell_PhysicsAsset.uasset" 1008
"E:/Unreal Projects/MyPokemonDemo/Content/MonsterForSurvivalGame/Mesh/PBR/TurtleShell_PhysicsAsset.uexp" 1009
"E:/Unreal Projects/MyPokemonDemo/Content/MonsterForSurvivalGame/Texture/RAM_TEX.ubulk" 1010
"E:/Unreal Projects/MyPokemonDemo/Content/MonsterForSurvivalGame/Texture/RAM_TEX.uasset" 1011
"E:/Unreal Projects/MyPokemonDemo/Content/MonsterForSurvivalGame/Texture/RAM_TEX.uexp" 1012
"E:/Unreal Projects/MyPokemonDemo/Content/MonsterForSurvivalGame/Texture/BasecolorDefault_TEX.ubulk" 1013
"E:/Unreal Projects/MyPokemonDemo/Content/MonsterForSurvivalGame/Texture/BasecolorDefault_TEX.uasset" 1014
"E:/Unreal Projects/MyPokemonDemo/Content/MonsterForSurvivalGame/Texture/BasecolorDefault_TEX.uexp" 1015
"E:/Unreal Projects/MyPokemonDemo/Content/MonsterForSurvivalGame/Texture/Emissive_TEX.ubulk" 1016
"E:/Unreal Projects/MyPokemonDemo/Content/MonsterForSurvivalGame/Texture/Emissive_TEX.uasset" 1017
"E:/Unreal Projects/MyPokemonDemo/Content/MonsterForSurvivalGame/Texture/Emissive_TEX.uexp" 1018
"E:/Unreal Projects/MyPokemonDemo/Content/MonsterForSurvivalGame/Material/DefaultPBR_MAT.uasset" 1019
"E:/Unreal Projects/MyPokemonDemo/Content/MonsterForSurvivalGame/Material/DefaultPBR_MAT.uexp" 1020
"E:/Unreal Projects/MyPokemonDemo/Content/MonsterForSurvivalGame/Mesh/PBR/TurtleShell_SK.uasset" 1021
"E:/Unreal Projects/MyPokemonDemo/Content/MonsterForSurvivalGame/Mesh/PBR/TurtleShell_SK.uexp" 1022
"E:/Unreal Projects/MyPokemonDemo/Content/MonsterForSurvivalGame/Animation/PBR/TurtleShell/TurtleShell_Attack01_ANIM.uasset" 1023
"E:/Unreal Projects/MyPokemonDemo/Content/MonsterForSurvivalGame/Animation/PBR/TurtleShell/TurtleShell_Attack01_ANIM.uexp" 1024
"E:/Unreal Projects/MyPokemonDemo/Content/MonsterForSurvivalGame/Animation/PBR/TurtleShell/TurtleShell_Die_ANIM.uasset" 1025
"E:/Unreal Projects/MyPokemonDemo/Content/MonsterForSurvivalGame/Animation/PBR/TurtleShell/TurtleShell_Die_ANIM.uexp" 1026
"E:/Unreal Projects/MyPokemonDemo/Content/Blueprint/Pokemon/BP_turtle.uasset" 1027
"E:/Unreal Projects/MyPokemonDemo/Content/Blueprint/Pokemon/BP_turtle.uexp" 1028
"../../../Engine/Content/EngineSky/T_Sky_Stars.ubulk" 1029
"../../../Engine/Content/EngineSky/T_Sky_Stars.uasset" 1030
"../../../Engine/Content/EngineSky/T_Sky_Stars.uexp" 1031
"../../../Engine/Content/EngineSky/T_Sky_Clouds_M.ubulk" 1032
"../../../Engine/Content/EngineSky/T_Sky_Clouds_M.uasset" 1033
"../../../Engine/Content/EngineSky/T_Sky_Clouds_M.uexp" 1034
"../../../Engine/Content/EngineSky/T_Sky_Blue.ubulk" 1035
"../../../Engine/Content/EngineSky/T_Sky_Blue.uasset" 1036
"../../../Engine/Content/EngineSky/T_Sky_Blue.uexp" 1037
"../../../Engine/Content/EngineSky/M_Sky_Panning_Clouds2.uasset" 1038
"../../../Engine/Content/EngineSky/M_Sky_Panning_Clouds2.uexp" 1039
"../../../Engine/Content/EngineSky/SM_SkySphere.ubulk" 1040
"../../../Engine/Content/EngineSky/SM_SkySphere.uasset" 1041
"../../../Engine/Content/EngineSky/SM_SkySphere.uexp" 1042
"../../../Engine/Content/EngineSky/M_SimpleSkyDome.uasset" 1043
"../../../Engine/Content/EngineSky/M_SimpleSkyDome.uexp" 1044
"../../../Engine/Content/Animation/DefaultAnimCurveCompressionSettings.uasset" 1045
"../../../Engine/Content/Animation/DefaultAnimCurveCompressionSettings.uexp" 1046
"E:/Unreal Projects/MyPokemonDemo/Content/LPCharacters_FREE/Characters/Meshes/SK_Character_1_Skeleton.uasset" 1047
"E:/Unreal Projects/MyPokemonDemo/Content/LPCharacters_FREE/Characters/Meshes/SK_Character_1_Skeleton.uexp" 1048
"../../../Engine/Content/Animation/DefaultVariableFrameStrippingSettings.uasset" 1049
"../../../Engine/Content/Animation/DefaultVariableFrameStrippingSettings.uexp" 1050
"../../../Engine/Content/Animation/DefaultAnimBoneCompressionSettings.uasset" 1051
"../../../Engine/Content/Animation/DefaultAnimBoneCompressionSettings.uexp" 1052
"E:/Unreal Projects/MyPokemonDemo/Content/LPCharacters_FREE/Characters/Animations/ANIM_Idle_Anim.uasset" 1053
"E:/Unreal Projects/MyPokemonDemo/Content/LPCharacters_FREE/Characters/Animations/ANIM_Idle_Anim.uexp" 1054
"E:/Unreal Projects/MyPokemonDemo/Content/Blueprint/Save/ST_PlayerPokemonEntry.uasset" 1055
"E:/Unreal Projects/MyPokemonDemo/Content/Blueprint/Save/ST_PlayerPokemonEntry.uexp" 1056
"E:/Unreal Projects/MyPokemonDemo/Content/LPCharacters_FREE/Characters/Meshes/SK_Character_4_Skeleton.uasset" 1057
"E:/Unreal Projects/MyPokemonDemo/Content/LPCharacters_FREE/Characters/Meshes/SK_Character_4_Skeleton.uexp" 1058
"E:/Unreal Projects/MyPokemonDemo/Content/LPCharacters_FREE/Characters/Animations/ANIM_Idle_Anim1.uasset" 1059
"E:/Unreal Projects/MyPokemonDemo/Content/LPCharacters_FREE/Characters/Animations/ANIM_Idle_Anim1.uexp" 1060
"E:/Unreal Projects/MyPokemonDemo/Content/LPCharacters_FREE/Characters/Physical_Assets/PA_Character_4_PhysicsAsset.uasset" 1061
"E:/Unreal Projects/MyPokemonDemo/Content/LPCharacters_FREE/Characters/Physical_Assets/PA_Character_4_PhysicsAsset.uexp" 1062
"E:/Unreal Projects/MyPokemonDemo/Content/LPCharacters_FREE/Textures/T_Color.ubulk" 1063
"E:/Unreal Projects/MyPokemonDemo/Content/LPCharacters_FREE/Textures/T_Color.uasset" 1064
"E:/Unreal Projects/MyPokemonDemo/Content/LPCharacters_FREE/Textures/T_Color.uexp" 1065
"E:/Unreal Projects/MyPokemonDemo/Content/LPCharacters_FREE/Materials/M_Color.uasset" 1066
"E:/Unreal Projects/MyPokemonDemo/Content/LPCharacters_FREE/Materials/M_Color.uexp" 1067
"E:/Unreal Projects/MyPokemonDemo/Content/LPCharacters_FREE/Characters/Meshes/SKM_Character_4.uasset" 1068
"E:/Unreal Projects/MyPokemonDemo/Content/LPCharacters_FREE/Characters/Meshes/SKM_Character_4.uexp" 1069
"E:/Unreal Projects/MyPokemonDemo/Content/Blueprint/Save/ST_TrainerPokemonEntry.uasset" 1070
"E:/Unreal Projects/MyPokemonDemo/Content/Blueprint/Save/ST_TrainerPokemonEntry.uexp" 1071
"E:/Unreal Projects/MyPokemonDemo/Content/LPCharacters_FREE/Characters/Animations/Walk_Anim.uasset" 1072
"E:/Unreal Projects/MyPokemonDemo/Content/LPCharacters_FREE/Characters/Animations/Walk_Anim.uexp" 1073
"E:/Unreal Projects/MyPokemonDemo/Content/LPCharacters_FREE/Characters/Animations/Run_Anim.uasset" 1074
"E:/Unreal Projects/MyPokemonDemo/Content/LPCharacters_FREE/Characters/Animations/Run_Anim.uexp" 1075
"E:/Unreal Projects/MyPokemonDemo/Content/Blueprint/Character/BS_PlayerLocomotion.uasset" 1076
"E:/Unreal Projects/MyPokemonDemo/Content/Blueprint/Character/BS_PlayerLocomotion.uexp" 1077
"E:/Unreal Projects/MyPokemonDemo/Content/Blueprint/Character/ABP_PlayerTrainer.uasset" 1078
"E:/Unreal Projects/MyPokemonDemo/Content/Blueprint/Character/ABP_PlayerTrainer.uexp" 1079
"E:/Unreal Projects/MyPokemonDemo/Content/Blueprint/Character/BP_Trainer.uasset" 1080
"E:/Unreal Projects/MyPokemonDemo/Content/Blueprint/Character/BP_Trainer.uexp" 1081
"E:/Unreal Projects/MyPokemonDemo/Content/Blueprint/UI/WBP_BattleUI.uasset" 1082
"E:/Unreal Projects/MyPokemonDemo/Content/Blueprint/UI/WBP_BattleUI.uexp" 1083
"E:/Unreal Projects/MyPokemonDemo/Content/Blueprint/UI/BP_HitCameraShake.uasset" 1084
"E:/Unreal Projects/MyPokemonDemo/Content/Blueprint/UI/BP_HitCameraShake.uexp" 1085
"E:/Unreal Projects/MyPokemonDemo/Content/Blueprint/Gamemode/BP_BattleStage.uasset" 1086
"E:/Unreal Projects/MyPokemonDemo/Content/Blueprint/Gamemode/BP_BattleStage.uexp" 1087
"E:/Unreal Projects/MyPokemonDemo/Content/Blueprint/Save/ST_PokemonSaveData.uasset" 1088
"E:/Unreal Projects/MyPokemonDemo/Content/Blueprint/Save/ST_PokemonSaveData.uexp" 1089
"E:/Unreal Projects/MyPokemonDemo/Content/Blueprint/Save/SG_PlayerProgress.uasset" 1090
"E:/Unreal Projects/MyPokemonDemo/Content/Blueprint/Save/SG_PlayerProgress.uexp" 1091
"E:/Unreal Projects/MyPokemonDemo/Content/Blueprint/Gamemode/E_BattlePhase.uasset" 1092
"E:/Unreal Projects/MyPokemonDemo/Content/Blueprint/Gamemode/E_BattlePhase.uexp" 1093
"E:/Unreal Projects/MyPokemonDemo/Content/Blueprint/Gamemode/BP_TurnManager.uasset" 1094
"E:/Unreal Projects/MyPokemonDemo/Content/Blueprint/Gamemode/BP_TurnManager.uexp" 1095
"E:/Unreal Projects/MyPokemonDemo/Content/Blueprint/UI/WBP_PartyStatus.uasset" 1096
"E:/Unreal Projects/MyPokemonDemo/Content/Blueprint/UI/WBP_PartyStatus.uexp" 1097
"E:/Unreal Projects/MyPokemonDemo/Content/LPCharacters_FREE/Characters/Physical_Assets/PA_Character_1_PhysicsAsset.uasset" 1098
"E:/Unreal Projects/MyPokemonDemo/Content/LPCharacters_FREE/Characters/Physical_Assets/PA_Character_1_PhysicsAsset.uexp" 1099
"E:/Unreal Projects/MyPokemonDemo/Content/LPCharacters_FREE/Characters/Meshes/SKM_Character_1.uasset" 1100
"E:/Unreal Projects/MyPokemonDemo/Content/LPCharacters_FREE/Characters/Meshes/SKM_Character_1.uexp" 1101
"../../../Engine/Content/BasicShapes/Sphere.ubulk" 1102
"../../../Engine/Content/BasicShapes/Sphere.uasset" 1103
"../../../Engine/Content/BasicShapes/Sphere.uexp" 1104
"../../../Engine/Content/BasicShapes/BasicShapeMaterial.uasset" 1105
"../../../Engine/Content/BasicShapes/BasicShapeMaterial.uexp" 1106
"E:/Unreal Projects/MyPokemonDemo/Content/Blueprint/BP_Pokeball.uasset" 1107
"E:/Unreal Projects/MyPokemonDemo/Content/Blueprint/BP_Pokeball.uexp" 1108
"E:/Unreal Projects/MyPokemonDemo/Content/ThirdPerson/Input/Actions/IA_Jump.uasset" 1109
"E:/Unreal Projects/MyPokemonDemo/Content/ThirdPerson/Input/Actions/IA_Jump.uexp" 1110
"E:/Unreal Projects/MyPokemonDemo/Content/Blueprint/Input/IA_ThrowBall.uasset" 1111
"E:/Unreal Projects/MyPokemonDemo/Content/Blueprint/Input/IA_ThrowBall.uexp" 1112
"E:/Unreal Projects/MyPokemonDemo/Content/Blueprint/Input/IA_Interact.uasset" 1113
"E:/Unreal Projects/MyPokemonDemo/Content/Blueprint/Input/IA_Interact.uexp" 1114
"E:/Unreal Projects/MyPokemonDemo/Content/ThirdPerson/Input/Actions/IA_Look.uasset" 1115
"E:/Unreal Projects/MyPokemonDemo/Content/ThirdPerson/Input/Actions/IA_Look.uexp" 1116
"E:/Unreal Projects/MyPokemonDemo/Content/ThirdPerson/Input/Actions/IA_Move.uasset" 1117
"E:/Unreal Projects/MyPokemonDemo/Content/ThirdPerson/Input/Actions/IA_Move.uexp" 1118
"E:/Unreal Projects/MyPokemonDemo/Content/ThirdPerson/Input/IMC_Default.uasset" 1119
"E:/Unreal Projects/MyPokemonDemo/Content/ThirdPerson/Input/IMC_Default.uexp" 1120
"E:/Unreal Projects/MyPokemonDemo/Content/Characters/Mannequins/Meshes/SK_Mannequin.uasset" 1121
"E:/Unreal Projects/MyPokemonDemo/Content/Characters/Mannequins/Meshes/SK_Mannequin.uexp" 1122
"E:/Unreal Projects/MyPokemonDemo/Content/Characters/Mannequins/Animations/Quinn/MF_Run_Fwd.uasset" 1123
"E:/Unreal Projects/MyPokemonDemo/Content/Characters/Mannequins/Animations/Quinn/MF_Run_Fwd.uexp" 1124
"E:/Unreal Projects/MyPokemonDemo/Content/Characters/Mannequins/Animations/Quinn/MF_Walk_Fwd.uasset" 1125
"E:/Unreal Projects/MyPokemonDemo/Content/Characters/Mannequins/Animations/Quinn/MF_Walk_Fwd.uexp" 1126
"../../../Engine/Content/Animation/DefaultRecorderBoneCompression.uasset" 1127
"../../../Engine/Content/Animation/DefaultRecorderBoneCompression.uexp" 1128
"E:/Unreal Projects/MyPokemonDemo/Content/Characters/Mannequins/Animations/Manny/MM_Walk_InPlace.uasset" 1129
"E:/Unreal Projects/MyPokemonDemo/Content/Characters/Mannequins/Animations/Manny/MM_Walk_InPlace.uexp" 1130
"E:/Unreal Projects/MyPokemonDemo/Content/Characters/Mannequins/Animations/Quinn/BS_MF_Unarmed_WalkRun.uasset" 1131
"E:/Unreal Projects/MyPokemonDemo/Content/Characters/Mannequins/Animations/Quinn/BS_MF_Unarmed_WalkRun.uexp" 1132
"E:/Unreal Projects/MyPokemonDemo/Content/Characters/Mannequins/Animations/Quinn/MF_Idle.uasset" 1133
"E:/Unreal Projects/MyPokemonDemo/Content/Characters/Mannequins/Animations/Quinn/MF_Idle.uexp" 1134
"E:/Unreal Projects/MyPokemonDemo/Content/Characters/Mannequins/Animations/Manny/MM_Fall_Loop.uasset" 1135
"E:/Unreal Projects/MyPokemonDemo/Content/Characters/Mannequins/Animations/Manny/MM_Fall_Loop.uexp" 1136
"E:/Unreal Projects/MyPokemonDemo/Content/Characters/Mannequins/Animations/Manny/MM_Jump.uasset" 1137
"E:/Unreal Projects/MyPokemonDemo/Content/Characters/Mannequins/Animations/Manny/MM_Jump.uexp" 1138
"../../../Engine/Plugins/Animation/ControlRig/Content/Controls/DefaultGizmoLibrary.uasset" 1139
"../../../Engine/Plugins/Animation/ControlRig/Content/Controls/DefaultGizmoLibrary.uexp" 1140
"E:/Unreal Projects/MyPokemonDemo/Content/Characters/Mannequins/Rigs/CR_Mannequin_BasicFootIK.uasset" 1141
"E:/Unreal Projects/MyPokemonDemo/Content/Characters/Mannequins/Rigs/CR_Mannequin_BasicFootIK.uexp" 1142
"E:/Unreal Projects/MyPokemonDemo/Content/Characters/Mannequins/Animations/Manny/MM_Run_Fwd.uasset" 1143
"E:/Unreal Projects/MyPokemonDemo/Content/Characters/Mannequins/Animations/Manny/MM_Run_Fwd.uexp" 1144
"E:/Unreal Projects/MyPokemonDemo/Content/Characters/Mannequins/Animations/Manny/MM_Walk_Fwd.uasset" 1145
"E:/Unreal Projects/MyPokemonDemo/Content/Characters/Mannequins/Animations/Manny/MM_Walk_Fwd.uexp" 1146
"E:/Unreal Projects/MyPokemonDemo/Content/Characters/Mannequins/Animations/Manny/BS_MM_WalkRun.uasset" 1147
"E:/Unreal Projects/MyPokemonDemo/Content/Characters/Mannequins/Animations/Manny/BS_MM_WalkRun.uexp" 1148
"E:/Unreal Projects/MyPokemonDemo/Content/Characters/Mannequins/Animations/Manny/MM_Land.uasset" 1149
"E:/Unreal Projects/MyPokemonDemo/Content/Characters/Mannequins/Animations/Manny/MM_Land.uexp" 1150
"E:/Unreal Projects/MyPokemonDemo/Content/Characters/Mannequins/Animations/Manny/MM_Idle.uasset" 1151
"E:/Unreal Projects/MyPokemonDemo/Content/Characters/Mannequins/Animations/Manny/MM_Idle.uexp" 1152
"E:/Unreal Projects/MyPokemonDemo/Content/Characters/Mannequins/Animations/ABP_Manny.uasset" 1153
"E:/Unreal Projects/MyPokemonDemo/Content/Characters/Mannequins/Animations/ABP_Manny.uexp" 1154
"E:/Unreal Projects/MyPokemonDemo/Content/Characters/Mannequins/Animations/ABP_Quinn.uasset" 1155
"E:/Unreal Projects/MyPokemonDemo/Content/Characters/Mannequins/Animations/ABP_Quinn.uexp" 1156
"E:/Unreal Projects/MyPokemonDemo/Content/ThirdPerson/Blueprints/BP_PlayerTrainer.uasset" 1157
"E:/Unreal Projects/MyPokemonDemo/Content/ThirdPerson/Blueprints/BP_PlayerTrainer.uexp" 1158
"E:/Unreal Projects/MyPokemonDemo/Content/DA/Moves/DA_Move_Ember.uasset" 1159
"E:/Unreal Projects/MyPokemonDemo/Content/DA/Moves/DA_Move_Ember.uexp" 1160
"E:/Unreal Projects/MyPokemonDemo/Content/DA/PokemonSpecies/DA_PikachuSpecies.uasset" 1161
"E:/Unreal Projects/MyPokemonDemo/Content/DA/PokemonSpecies/DA_PikachuSpecies.uexp" 1162
"E:/Unreal Projects/MyPokemonDemo/Content/MonsterForSurvivalGame/Mesh/Polyart/Swarm09_SK_Skeleton.uasset" 1163
"E:/Unreal Projects/MyPokemonDemo/Content/MonsterForSurvivalGame/Mesh/Polyart/Swarm09_SK_Skeleton.uexp" 1164
"E:/Unreal Projects/MyPokemonDemo/Content/MonsterForSurvivalGame/Animation/Polyart/Swarm09/Swarm09_Die_Anim.uasset" 1165
"E:/Unreal Projects/MyPokemonDemo/Content/MonsterForSurvivalGame/Animation/Polyart/Swarm09/Swarm09_Die_Anim.uexp" 1166
"E:/Unreal Projects/MyPokemonDemo/Content/MonsterForSurvivalGame/Mesh/PBR/Swarm09_SK_Skeleton.uasset" 1167
"E:/Unreal Projects/MyPokemonDemo/Content/MonsterForSurvivalGame/Mesh/PBR/Swarm09_SK_Skeleton.uexp" 1168
"E:/Unreal Projects/MyPokemonDemo/Content/MonsterForSurvivalGame/Mesh/PBR/Swarm09_SK_PhysicsAsset.uasset" 1169
"E:/Unreal Projects/MyPokemonDemo/Content/MonsterForSurvivalGame/Mesh/PBR/Swarm09_SK_PhysicsAsset.uexp" 1170
"E:/Unreal Projects/MyPokemonDemo/Content/MonsterForSurvivalGame/Mesh/PBR/Swarm09_SK.uasset" 1171
"E:/Unreal Projects/MyPokemonDemo/Content/MonsterForSurvivalGame/Mesh/PBR/Swarm09_SK.uexp" 1172
"E:/Unreal Projects/MyPokemonDemo/Content/MonsterForSurvivalGame/Animation/Polyart/Swarm09/Swarm09_Idle_Anim.uasset" 1173
"E:/Unreal Projects/MyPokemonDemo/Content/MonsterForSurvivalGame/Animation/Polyart/Swarm09/Swarm09_Idle_Anim.uexp" 1174
"E:/Unreal Projects/MyPokemonDemo/Content/MonsterForSurvivalGame/Animation/PBR/Swarm09/Swarm09_Attack_Anim.uasset" 1175
"E:/Unreal Projects/MyPokemonDemo/Content/MonsterForSurvivalGame/Animation/PBR/Swarm09/Swarm09_Attack_Anim.uexp" 1176
"E:/Unreal Projects/MyPokemonDemo/Content/MonsterForSurvivalGame/Animation/Polyart/Swarm09/Swarm09_GetHit_Anim.uasset" 1177
"E:/Unreal Projects/MyPokemonDemo/Content/MonsterForSurvivalGame/Animation/Polyart/Swarm09/Swarm09_GetHit_Anim.uexp" 1178
"E:/Unreal Projects/MyPokemonDemo/Content/MonsterForSurvivalGame/Animation/PBR/Swarm09/Swarm09_Idle_Anim.uasset" 1179
"E:/Unreal Projects/MyPokemonDemo/Content/MonsterForSurvivalGame/Animation/PBR/Swarm09/Swarm09_Idle_Anim.uexp" 1180
"E:/Unreal Projects/MyPokemonDemo/Content/MonsterForSurvivalGame/Animation/PBR/Swarm09/Swarm09_Die_Anim.uasset" 1181
"E:/Unreal Projects/MyPokemonDemo/Content/MonsterForSurvivalGame/Animation/PBR/Swarm09/Swarm09_Die_Anim.uexp" 1182
"E:/Unreal Projects/MyPokemonDemo/Content/MonsterForSurvivalGame/Animation/Polyart/Swarm09/Swarm09_Attack_Anim.uasset" 1183
"E:/Unreal Projects/MyPokemonDemo/Content/MonsterForSurvivalGame/Animation/Polyart/Swarm09/Swarm09_Attack_Anim.uexp" 1184
"E:/Unreal Projects/MyPokemonDemo/Content/Blueprint/Pokemon/BP_pikachu.uasset" 1185
"E:/Unreal Projects/MyPokemonDemo/Content/Blueprint/Pokemon/BP_pikachu.uexp" 1186
"E:/Unreal Projects/MyPokemonDemo/Content/scene/Demo_Map.uexp" 1187
"E:/Unreal Projects/MyPokemonDemo/Content/scene/Demo_Map.ubulk" 1188
"E:/Unreal Projects/MyPokemonDemo/Content/scene/Demo_Map.umap" 1189
"E:/Unreal Projects/MyPokemonDemo/Content/NetBattle/BP_NetBattlePresenter.uasset" 1190
"E:/Unreal Projects/MyPokemonDemo/Content/NetBattle/BP_NetBattlePresenter.uexp" 1191
"E:/Unreal Projects/MyPokemonDemo/Content/NetBattle/WBP_NetBattleUI.uasset" 1192
"E:/Unreal Projects/MyPokemonDemo/Content/NetBattle/WBP_NetBattleUI.uexp" 1193
"E:/Unreal Projects/MyPokemonDemo/Content/NetBattle/BP_NetBattlePlayerController.uasset" 1194
"E:/Unreal Projects/MyPokemonDemo/Content/NetBattle/BP_NetBattlePlayerController.uexp" 1195
"E:/Unreal Projects/MyPokemonDemo/Content/NetBattle/BP_NetBattleGameMode.uasset" 1196
"E:/Unreal Projects/MyPokemonDemo/Content/NetBattle/BP_NetBattleGameMode.uexp" 1197
"E:/Unreal Projects/MyPokemonDemo/Content/NetBattle/NetBattleMap.uexp" 1198
"E:/Unreal Projects/MyPokemonDemo/Content/NetBattle/NetBattleMap.umap" 1199
"E:/Unreal Projects/MyPokemonDemo/Content/NetBattle/BattleMenuMap.uexp" 1200
"E:/Unreal Projects/MyPokemonDemo/Content/NetBattle/BattleMenuMap.umap" 1201
"../../../Engine/Content/Maps/Entry_BuiltData.uasset" 1202
"../../../Engine/Content/Maps/Entry_BuiltData.uexp" 1203
"../../../Engine/Content/Maps/Entry.uexp" 1204
"../../../Engine/Content/Maps/Entry.umap" 1205
"E:/Unreal Projects/MyPokemonDemo/Content/scene/Demo_Map/_Generated_/6HALJP5KCX02T8UTTBZH4T8LG.uexp" 1206
"E:/Unreal Projects/MyPokemonDemo/Content/scene/Demo_Map/_Generated_/6HALJP5KCX02T8UTTBZH4T8LG.ubulk" 1207
"E:/Unreal Projects/MyPokemonDemo/Content/scene/Demo_Map/_Generated_/6HALJP5KCX02T8UTTBZH4T8LG.umap" 1208
"E:/Unreal Projects/MyPokemonDemo/Content/scene/Demo_Map/_Generated_/47TPSQSUGTNCW62TIN3A6YP0H.uexp" 1209
"E:/Unreal Projects/MyPokemonDemo/Content/scene/Demo_Map/_Generated_/47TPSQSUGTNCW62TIN3A6YP0H.ubulk" 1210
"E:/Unreal Projects/MyPokemonDemo/Content/scene/Demo_Map/_Generated_/47TPSQSUGTNCW62TIN3A6YP0H.umap" 1211
"E:/Unreal Projects/MyPokemonDemo/Content/scene/Demo_Map/_Generated_/1GSC1THVOUP5WFPEAOG7B4FB7.uexp" 1212
"E:/Unreal Projects/MyPokemonDemo/Content/scene/Demo_Map/_Generated_/1GSC1THVOUP5WFPEAOG7B4FB7.ubulk" 1213
"E:/Unreal Projects/MyPokemonDemo/Content/scene/Demo_Map/_Generated_/1GSC1THVOUP5WFPEAOG7B4FB7.umap" 1214
"E:/Unreal Projects/MyPokemonDemo/Content/scene/Demo_Map/_Generated_/BX5R6YICJ8TN8EZCL1XPVU4L3.uexp" 1215
"E:/Unreal Projects/MyPokemonDemo/Content/scene/Demo_Map/_Generated_/BX5R6YICJ8TN8EZCL1XPVU4L3.ubulk" 1216
"E:/Unreal Projects/MyPokemonDemo/Content/scene/Demo_Map/_Generated_/BX5R6YICJ8TN8EZCL1XPVU4L3.umap" 1217
"E:/Unreal Projects/MyPokemonDemo/Content/scene/Demo_Map/_Generated_/1D1QY0OGIJJ3K5JFRGR3QMAYH.uexp" 1218
"E:/Unreal Projects/MyPokemonDemo/Content/scene/Demo_Map/_Generated_/1D1QY0OGIJJ3K5JFRGR3QMAYH.ubulk" 1219
"E:/Unreal Projects/MyPokemonDemo/Content/scene/Demo_Map/_Generated_/1D1QY0OGIJJ3K5JFRGR3QMAYH.umap" 1220
"E:/Unreal Projects/MyPokemonDemo/Content/scene/Demo_Map/_Generated_/68WCKU20ACW2Y2QRP1YOY4ZIZ.uexp" 1221
"E:/Unreal Projects/MyPokemonDemo/Content/scene/Demo_Map/_Generated_/68WCKU20ACW2Y2QRP1YOY4ZIZ.ubulk" 1222
"E:/Unreal Projects/MyPokemonDemo/Content/scene/Demo_Map/_Generated_/68WCKU20ACW2Y2QRP1YOY4ZIZ.umap" 1223
"E:/Unreal Projects/MyPokemonDemo/Content/scene/Demo_Map/_Generated_/AIFVP2GFT8HVI9F6AXZRJX2TA.uexp" 1224
"E:/Unreal Projects/MyPokemonDemo/Content/scene/Demo_Map/_Generated_/AIFVP2GFT8HVI9F6AXZRJX2TA.ubulk" 1225
"E:/Unreal Projects/MyPokemonDemo/Content/scene/Demo_Map/_Generated_/AIFVP2GFT8HVI9F6AXZRJX2TA.umap" 1226
"E:/Unreal Projects/MyPokemonDemo/Content/scene/Demo_Map/_Generated_/AE9BHPQ18HMTM2BTA8FBRSYMD.uexp" 1227
"E:/Unreal Projects/MyPokemonDemo/Content/scene/Demo_Map/_Generated_/AE9BHPQ18HMTM2BTA8FBRSYMD.ubulk" 1228
"E:/Unreal Projects/MyPokemonDemo/Content/scene/Demo_Map/_Generated_/AE9BHPQ18HMTM2BTA8FBRSYMD.umap" 1229
"E:/Unreal Projects/MyPokemonDemo/Content/scene/Demo_Map/_Generated_/43YQL2G1OJTSZOZORVT3Q1HZM.uexp" 1230
"E:/Unreal Projects/MyPokemonDemo/Content/scene/Demo_Map/_Generated_/43YQL2G1OJTSZOZORVT3Q1HZM.ubulk" 1231
"E:/Unreal Projects/MyPokemonDemo/Content/scene/Demo_Map/_Generated_/43YQL2G1OJTSZOZORVT3Q1HZM.umap" 1232
"E:/Unreal Projects/MyPokemonDemo/Content/scene/Demo_Map/_Generated_/DJHR9TBA3U4GE097OKASY5EQM.uexp" 1233
"E:/Unreal Projects/MyPokemonDemo/Content/scene/Demo_Map/_Generated_/DJHR9TBA3U4GE097OKASY5EQM.ubulk" 1234
"E:/Unreal Projects/MyPokemonDemo/Content/scene/Demo_Map/_Generated_/DJHR9TBA3U4GE097OKASY5EQM.umap" 1235
"E:/Unreal Projects/MyPokemonDemo/Content/scene/Demo_Map/_Generated_/5515KL1FJQDZHGDVZR4261AIU.uexp" 1236
"E:/Unreal Projects/MyPokemonDemo/Content/scene/Demo_Map/_Generated_/5515KL1FJQDZHGDVZR4261AIU.ubulk" 1237
"E:/Unreal Projects/MyPokemonDemo/Content/scene/Demo_Map/_Generated_/5515KL1FJQDZHGDVZR4261AIU.umap" 1238
"E:/Unreal Projects/MyPokemonDemo/Content/scene/Demo_Map/_Generated_/1U71M8D68OFELFHEI2UK8NJDF.uexp" 1239
"E:/Unreal Projects/MyPokemonDemo/Content/scene/Demo_Map/_Generated_/1U71M8D68OFELFHEI2UK8NJDF.ubulk" 1240
"E:/Unreal Projects/MyPokemonDemo/Content/scene/Demo_Map/_Generated_/1U71M8D68OFELFHEI2UK8NJDF.umap" 1241
"E:/Unreal Projects/MyPokemonDemo/Content/scene/Demo_Map/_Generated_/EA94VUYM0NRAKN13PP6FLQ56L.uexp" 1242
"E:/Unreal Projects/MyPokemonDemo/Content/scene/Demo_Map/_Generated_/EA94VUYM0NRAKN13PP6FLQ56L.ubulk" 1243
"E:/Unreal Projects/MyPokemonDemo/Content/scene/Demo_Map/_Generated_/EA94VUYM0NRAKN13PP6FLQ56L.umap" 1244
"E:/Unreal Projects/MyPokemonDemo/Content/scene/Demo_Map/_Generated_/8JTS07C3B19AI1LN53G30UJQ2.uexp" 1245
"E:/Unreal Projects/MyPokemonDemo/Content/scene/Demo_Map/_Generated_/8JTS07C3B19AI1LN53G30UJQ2.ubulk" 1246
"E:/Unreal Projects/MyPokemonDemo/Content/scene/Demo_Map/_Generated_/8JTS07C3B19AI1LN53G30UJQ2.umap" 1247
"E:/Unreal Projects/MyPokemonDemo/Content/scene/Demo_Map/_Generated_/5VIEZM0X81BCPYA9LL900UO7K.uexp" 1248
"E:/Unreal Projects/MyPokemonDemo/Content/scene/Demo_Map/_Generated_/5VIEZM0X81BCPYA9LL900UO7K.ubulk" 1249
"E:/Unreal Projects/MyPokemonDemo/Content/scene/Demo_Map/_Generated_/5VIEZM0X81BCPYA9LL900UO7K.umap" 1250
"E:/Unreal Projects/MyPokemonDemo/Content/scene/Demo_Map/_Generated_/9AYV5XGOJK2OXPGJSHU3ALS9Q.uexp" 1251
"E:/Unreal Projects/MyPokemonDemo/Content/scene/Demo_Map/_Generated_/9AYV5XGOJK2OXPGJSHU3ALS9Q.ubulk" 1252
"E:/Unreal Projects/MyPokemonDemo/Content/scene/Demo_Map/_Generated_/9AYV5XGOJK2OXPGJSHU3ALS9Q.umap" 1253
"E:/Unreal Projects/MyPokemonDemo/Content/scene/Demo_Map/_Generated_/1JXHJ5MUE8P85RZ73J5PX1VXI.uexp" 1254
"E:/Unreal Projects/MyPokemonDemo/Content/scene/Demo_Map/_Generated_/1JXHJ5MUE8P85RZ73J5PX1VXI.ubulk" 1255
"E:/Unreal Projects/MyPokemonDemo/Content/scene/Demo_Map/_Generated_/1JXHJ5MUE8P85RZ73J5PX1VXI.umap" 1256
"E:/Unreal Projects/MyPokemonDemo/Content/scene/Demo_Map/_Generated_/CWSHVSBIU0KC58MXCYDUO0Z3K.uexp" 1257
"E:/Unreal Projects/MyPokemonDemo/Content/scene/Demo_Map/_Generated_/CWSHVSBIU0KC58MXCYDUO0Z3K.ubulk" 1258
"E:/Unreal Projects/MyPokemonDemo/Content/scene/Demo_Map/_Generated_/CWSHVSBIU0KC58MXCYDUO0Z3K.umap" 1259
"E:/Unreal Projects/MyPokemonDemo/Content/scene/Demo_Map/_Generated_/A434B1SCV2T5IBVOM0F09RSWH.uexp" 1260
"E:/Unreal Projects/MyPokemonDemo/Content/scene/Demo_Map/_Generated_/A434B1SCV2T5IBVOM0F09RSWH.ubulk" 1261
"E:/Unreal Projects/MyPokemonDemo/Content/scene/Demo_Map/_Generated_/A434B1SCV2T5IBVOM0F09RSWH.umap" 1262
"E:/Unreal Projects/MyPokemonDemo/Content/scene/Demo_Map/_Generated_/461O39WROQE2RNRX053PL42XN.uexp" 1263
"E:/Unreal Projects/MyPokemonDemo/Content/scene/Demo_Map/_Generated_/461O39WROQE2RNRX053PL42XN.ubulk" 1264
"E:/Unreal Projects/MyPokemonDemo/Content/scene/Demo_Map/_Generated_/461O39WROQE2RNRX053PL42XN.umap" 1265
"E:/Unreal Projects/MyPokemonDemo/Content/scene/Demo_Map/_Generated_/40L0NNY8MJRVUHGDXM4HXPKL4.uexp" 1266
"E:/Unreal Projects/MyPokemonDemo/Content/scene/Demo_Map/_Generated_/40L0NNY8MJRVUHGDXM4HXPKL4.ubulk" 1267
"E:/Unreal Projects/MyPokemonDemo/Content/scene/Demo_Map/_Generated_/40L0NNY8MJRVUHGDXM4HXPKL4.umap" 1268
"E:/Unreal Projects/MyPokemonDemo/Content/scene/Demo_Map/_Generated_/CV0BRHEX3AZB1VBDUUTLFKJ20.uexp" 1269
"E:/Unreal Projects/MyPokemonDemo/Content/scene/Demo_Map/_Generated_/CV0BRHEX3AZB1VBDUUTLFKJ20.ubulk" 1270
"E:/Unreal Projects/MyPokemonDemo/Content/scene/Demo_Map/_Generated_/CV0BRHEX3AZB1VBDUUTLFKJ20.umap" 1271
"E:/Unreal Projects/MyPokemonDemo/Content/scene/Demo_Map/_Generated_/1M0J1JUKQZ23VNS5FV2MQTPY2.uexp" 1272
"E:/Unreal Projects/MyPokemonDemo/Content/scene/Demo_Map/_Generated_/1M0J1JUKQZ23VNS5FV2MQTPY2.ubulk" 1273
"E:/Unreal Projects/MyPokemonDemo/Content/scene/Demo_Map/_Generated_/1M0J1JUKQZ23VNS5FV2MQTPY2.umap" 1274
"E:/Unreal Projects/MyPokemonDemo/Content/scene/Demo_Map/_Generated_/40XSMB8VO7EA2VPEK1F8HAYE2.uexp" 1275
"E:/Unreal Projects/MyPokemonDemo/Content/scene/Demo_Map/_Generated_/40XSMB8VO7EA2VPEK1F8HAYE2.ubulk" 1276
"E:/Unreal Projects/MyPokemonDemo/Content/scene/Demo_Map/_Generated_/40XSMB8VO7EA2VPEK1F8HAYE2.umap" 1277
"E:/Unreal Projects/MyPokemonDemo/Content/scene/Demo_Map/_Generated_/3ACT7TTNRQSUQBTBQO5XAG3FO.uexp" 1278
"E:/Unreal Projects/MyPokemonDemo/Content/scene/Demo_Map/_Generated_/3ACT7TTNRQSUQBTBQO5XAG3FO.ubulk" 1279
"E:/Unreal Projects/MyPokemonDemo/Content/scene/Demo_Map/_Generated_/3ACT7TTNRQSUQBTBQO5XAG3FO.umap" 1280
"E:/Unreal Projects/MyPokemonDemo/Content/scene/Demo_Map/_Generated_/BE5S6FDOIZW8T963UR6M92QRV.uexp" 1281
"E:/Unreal Projects/MyPokemonDemo/Content/scene/Demo_Map/_Generated_/BE5S6FDOIZW8T963UR6M92QRV.ubulk" 1282
"E:/Unreal Projects/MyPokemonDemo/Content/scene/Demo_Map/_Generated_/BE5S6FDOIZW8T963UR6M92QRV.umap" 1283
"E:/Unreal Projects/MyPokemonDemo/Content/scene/Demo_Map/_Generated_/DCO1MC72VCHO2W8L6B8HW9MZW.uexp" 1284
"E:/Unreal Projects/MyPokemonDemo/Content/scene/Demo_Map/_Generated_/DCO1MC72VCHO2W8L6B8HW9MZW.ubulk" 1285
"E:/Unreal Projects/MyPokemonDemo/Content/scene/Demo_Map/_Generated_/DCO1MC72VCHO2W8L6B8HW9MZW.umap" 1286
"E:/Unreal Projects/MyPokemonDemo/Content/scene/Demo_Map/_Generated_/CZ65NA9K8X95SIR274B6J7554.uexp" 1287
"E:/Unreal Projects/MyPokemonDemo/Content/scene/Demo_Map/_Generated_/CZ65NA9K8X95SIR274B6J7554.ubulk" 1288
"E:/Unreal Projects/MyPokemonDemo/Content/scene/Demo_Map/_Generated_/CZ65NA9K8X95SIR274B6J7554.umap" 1289
"E:/Unreal Projects/MyPokemonDemo/Content/scene/Demo_Map/_Generated_/73OVMCVYNI2YHMY4H06RMXRZG.uexp" 1290
"E:/Unreal Projects/MyPokemonDemo/Content/scene/Demo_Map/_Generated_/73OVMCVYNI2YHMY4H06RMXRZG.ubulk" 1291
"E:/Unreal Projects/MyPokemonDemo/Content/scene/Demo_Map/_Generated_/73OVMCVYNI2YHMY4H06RMXRZG.umap" 1292
"E:/Unreal Projects/MyPokemonDemo/Content/scene/Demo_Map/_Generated_/1YERVMKNZFVREPFOZAGPUAREB.uexp" 1293
"E:/Unreal Projects/MyPokemonDemo/Content/scene/Demo_Map/_Generated_/1YERVMKNZFVREPFOZAGPUAREB.ubulk" 1294
"E:/Unreal Projects/MyPokemonDemo/Content/scene/Demo_Map/_Generated_/1YERVMKNZFVREPFOZAGPUAREB.umap" 1295
"E:/Unreal Projects/MyPokemonDemo/Content/scene/Demo_Map/_Generated_/EEO7ZLO6354UJNP38CM0LQ02Z.uexp" 1296
"E:/Unreal Projects/MyPokemonDemo/Content/scene/Demo_Map/_Generated_/EEO7ZLO6354UJNP38CM0LQ02Z.ubulk" 1297
"E:/Unreal Projects/MyPokemonDemo/Content/scene/Demo_Map/_Generated_/EEO7ZLO6354UJNP38CM0LQ02Z.umap" 1298
"E:/Unreal Projects/MyPokemonDemo/Content/scene/Demo_Map/_Generated_/44IO4MABMFU48RI9822M51TKI.uexp" 1299
"E:/Unreal Projects/MyPokemonDemo/Content/scene/Demo_Map/_Generated_/44IO4MABMFU48RI9822M51TKI.ubulk" 1300
"E:/Unreal Projects/MyPokemonDemo/Content/scene/Demo_Map/_Generated_/44IO4MABMFU48RI9822M51TKI.umap" 1301
"E:/Unreal Projects/MyPokemonDemo/Content/scene/Demo_Map/_Generated_/2UXRASQSE0LO9EE7GKZSSB02L.uexp" 1302
"E:/Unreal Projects/MyPokemonDemo/Content/scene/Demo_Map/_Generated_/2UXRASQSE0LO9EE7GKZSSB02L.ubulk" 1303
"E:/Unreal Projects/MyPokemonDemo/Content/scene/Demo_Map/_Generated_/2UXRASQSE0LO9EE7GKZSSB02L.umap" 1304
"E:/Unreal Projects/MyPokemonDemo/Content/scene/Demo_Map/_Generated_/AURDLXUWFUQSL3M91INO0G5WS.uexp" 1305
"E:/Unreal Projects/MyPokemonDemo/Content/scene/Demo_Map/_Generated_/AURDLXUWFUQSL3M91INO0G5WS.ubulk" 1306
"E:/Unreal Projects/MyPokemonDemo/Content/scene/Demo_Map/_Generated_/AURDLXUWFUQSL3M91INO0G5WS.umap" 1307
"E:/Unreal Projects/MyPokemonDemo/Content/scene/Demo_Map/_Generated_/7G9Y68F3K12HC8SOZ73ZO19ZF.uexp" 1308
"E:/Unreal Projects/MyPokemonDemo/Content/scene/Demo_Map/_Generated_/7G9Y68F3K12HC8SOZ73ZO19ZF.ubulk" 1309
"E:/Unreal Projects/MyPokemonDemo/Content/scene/Demo_Map/_Generated_/7G9Y68F3K12HC8SOZ73ZO19ZF.umap" 1310
"E:/Unreal Projects/MyPokemonDemo/Content/scene/Demo_Map/_Generated_/ATP3KF32TJ8BUGIBIEVKZ9TDL.uexp" 1311
"E:/Unreal Projects/MyPokemonDemo/Content/scene/Demo_Map/_Generated_/ATP3KF32TJ8BUGIBIEVKZ9TDL.ubulk" 1312
"E:/Unreal Projects/MyPokemonDemo/Content/scene/Demo_Map/_Generated_/ATP3KF32TJ8BUGIBIEVKZ9TDL.umap" 1313
"E:/Unreal Projects/MyPokemonDemo/Content/scene/Demo_Map/_Generated_/C411Z76RHPVUNNW2NEVXBNPTF.uexp" 1314
"E:/Unreal Projects/MyPokemonDemo/Content/scene/Demo_Map/_Generated_/C411Z76RHPVUNNW2NEVXBNPTF.ubulk" 1315
"E:/Unreal Projects/MyPokemonDemo/Content/scene/Demo_Map/_Generated_/C411Z76RHPVUNNW2NEVXBNPTF.umap" 1316
"E:/Unreal Projects/MyPokemonDemo/Content/scene/Demo_Map/_Generated_/4EASKWPLMW98X3F62MMJ0BVNV.uexp" 1317
"E:/Unreal Projects/MyPokemonDemo/Content/scene/Demo_Map/_Generated_/4EASKWPLMW98X3F62MMJ0BVNV.ubulk" 1318
"E:/Unreal Projects/MyPokemonDemo/Content/scene/Demo_Map/_Generated_/4EASKWPLMW98X3F62MMJ0BVNV.umap" 1319
"E:/Unreal Projects/MyPokemonDemo/Content/scene/Demo_Map/_Generated_/3K2Z1MILWLWF854BHO34XN4XD.uexp" 1320
"E:/Unreal Projects/MyPokemonDemo/Content/scene/Demo_Map/_Generated_/3K2Z1MILWLWF854BHO34XN4XD.ubulk" 1321
"E:/Unreal Projects/MyPokemonDemo/Content/scene/Demo_Map/_Generated_/3K2Z1MILWLWF854BHO34XN4XD.umap" 1322
"E:/Unreal Projects/MyPokemonDemo/Content/scene/Demo_Map/_Generated_/4ZS8HDGDLZ2S8PUNLBAXXMWUH.uexp" 1323
"E:/Unreal Projects/MyPokemonDemo/Content/scene/Demo_Map/_Generated_/4ZS8HDGDLZ2S8PUNLBAXXMWUH.ubulk" 1324
"E:/Unreal Projects/MyPokemonDemo/Content/scene/Demo_Map/_Generated_/4ZS8HDGDLZ2S8PUNLBAXXMWUH.umap" 1325
"E:/Unreal Projects/MyPokemonDemo/Content/scene/Demo_Map/_Generated_/CPZTFRAUN1M552AG96KWTJMBA.uexp" 1326
"E:/Unreal Projects/MyPokemonDemo/Content/scene/Demo_Map/_Generated_/CPZTFRAUN1M552AG96KWTJMBA.ubulk" 1327
"E:/Unreal Projects/MyPokemonDemo/Content/scene/Demo_Map/_Generated_/CPZTFRAUN1M552AG96KWTJMBA.umap" 1328
"E:/Unreal Projects/MyPokemonDemo/Content/scene/Demo_Map/_Generated_/94ZBYVRL1CWGY5G82RZNWLQY0.uexp" 1329
"E:/Unreal Projects/MyPokemonDemo/Content/scene/Demo_Map/_Generated_/94ZBYVRL1CWGY5G82RZNWLQY0.ubulk" 1330
"E:/Unreal Projects/MyPokemonDemo/Content/scene/Demo_Map/_Generated_/94ZBYVRL1CWGY5G82RZNWLQY0.umap" 1331
"E:/Unreal Projects/MyPokemonDemo/Content/scene/Demo_Map/_Generated_/7FUTX9HT8QHPFZ1ZC25UW4HE7.uexp" 1332
"E:/Unreal Projects/MyPokemonDemo/Content/scene/Demo_Map/_Generated_/7FUTX9HT8QHPFZ1ZC25UW4HE7.ubulk" 1333
"E:/Unreal Projects/MyPokemonDemo/Content/scene/Demo_Map/_Generated_/7FUTX9HT8QHPFZ1ZC25UW4HE7.umap" 1334
"E:/Unreal Projects/MyPokemonDemo/Content/scene/Demo_Map/_Generated_/CXRGY3UIFJXXKAONXJMJB19YX.uexp" 1335
"E:/Unreal Projects/MyPokemonDemo/Content/scene/Demo_Map/_Generated_/CXRGY3UIFJXXKAONXJMJB19YX.ubulk" 1336
"E:/Unreal Projects/MyPokemonDemo/Content/scene/Demo_Map/_Generated_/CXRGY3UIFJXXKAONXJMJB19YX.umap" 1337
"E:/Unreal Projects/MyPokemonDemo/Content/scene/Demo_Map/_Generated_/E8KRMEAR2HZSD5JZR99ZWNV8U.uexp" 1338
"E:/Unreal Projects/MyPokemonDemo/Content/scene/Demo_Map/_Generated_/E8KRMEAR2HZSD5JZR99ZWNV8U.ubulk" 1339
"E:/Unreal Projects/MyPokemonDemo/Content/scene/Demo_Map/_Generated_/E8KRMEAR2HZSD5JZR99ZWNV8U.umap" 1340
"E:/Unreal Projects/MyPokemonDemo/Content/scene/Demo_Map/_Generated_/6B5MVZ4EAGHZSMSHFPGSBTHCH.uexp" 1341
"E:/Unreal Projects/MyPokemonDemo/Content/scene/Demo_Map/_Generated_/6B5MVZ4EAGHZSMSHFPGSBTHCH.ubulk" 1342
"E:/Unreal Projects/MyPokemonDemo/Content/scene/Demo_Map/_Generated_/6B5MVZ4EAGHZSMSHFPGSBTHCH.umap" 1343
"E:/Unreal Projects/MyPokemonDemo/Content/scene/Demo_Map/_Generated_/DTSAFH9XIWRP41RREL3MN1LKG.uexp" 1344
"E:/Unreal Projects/MyPokemonDemo/Content/scene/Demo_Map/_Generated_/DTSAFH9XIWRP41RREL3MN1LKG.ubulk" 1345
"E:/Unreal Projects/MyPokemonDemo/Content/scene/Demo_Map/_Generated_/DTSAFH9XIWRP41RREL3MN1LKG.umap" 1346
"E:/Unreal Projects/MyPokemonDemo/Content/scene/Demo_Map/_Generated_/BOOALJ1Z3VRZCAAIKHRX74M4O.uexp" 1347
"E:/Unreal Projects/MyPokemonDemo/Content/scene/Demo_Map/_Generated_/BOOALJ1Z3VRZCAAIKHRX74M4O.ubulk" 1348
"E:/Unreal Projects/MyPokemonDemo/Content/scene/Demo_Map/_Generated_/BOOALJ1Z3VRZCAAIKHRX74M4O.umap" 1349
"E:/Unreal Projects/MyPokemonDemo/Content/scene/Demo_Map/_Generated_/2XNOJ0TV1MG0BFRXJDXAJHEJ6.uexp" 1350
"E:/Unreal Projects/MyPokemonDemo/Content/scene/Demo_Map/_Generated_/2XNOJ0TV1MG0BFRXJDXAJHEJ6.ubulk" 1351
"E:/Unreal Projects/MyPokemonDemo/Content/scene/Demo_Map/_Generated_/2XNOJ0TV1MG0BFRXJDXAJHEJ6.umap" 1352
"E:/Unreal Projects/MyPokemonDemo/Content/scene/Demo_Map/_Generated_/EGCR9O3PYM9ND1IAK6AOTZYG5.uexp" 1353
"E:/Unreal Projects/MyPokemonDemo/Content/scene/Demo_Map/_Generated_/EGCR9O3PYM9ND1IAK6AOTZYG5.ubulk" 1354
"E:/Unreal Projects/MyPokemonDemo/Content/scene/Demo_Map/_Generated_/EGCR9O3PYM9ND1IAK6AOTZYG5.umap" 1355
"E:/Unreal Projects/MyPokemonDemo/Content/scene/Demo_Map/_Generated_/7SD2G0YQ9ZD579PUK4C7WOBER.uexp" 1356
"E:/Unreal Projects/MyPokemonDemo/Content/scene/Demo_Map/_Generated_/7SD2G0YQ9ZD579PUK4C7WOBER.ubulk" 1357
"E:/Unreal Projects/MyPokemonDemo/Content/scene/Demo_Map/_Generated_/7SD2G0YQ9ZD579PUK4C7WOBER.umap" 1358
"E:/Unreal Projects/MyPokemonDemo/Content/scene/Demo_Map/_Generated_/0MCXZJ0VCS0CUGH8ZQC3LXP96.uexp" 1359
"E:/Unreal Projects/MyPokemonDemo/Content/scene/Demo_Map/_Generated_/0MCXZJ0VCS0CUGH8ZQC3LXP96.ubulk" 1360
"E:/Unreal Projects/MyPokemonDemo/Content/scene/Demo_Map/_Generated_/0MCXZJ0VCS0CUGH8ZQC3LXP96.umap" 1361
"E:/Unreal Projects/MyPokemonDemo/Content/scene/Demo_Map/_Generated_/A3GASDNXCINMLS6MNZSYC9K6Y.uexp" 1362
"E:/Unreal Projects/MyPokemonDemo/Content/scene/Demo_Map/_Generated_/A3GASDNXCINMLS6MNZSYC9K6Y.ubulk" 1363
"E:/Unreal Projects/MyPokemonDemo/Content/scene/Demo_Map/_Generated_/A3GASDNXCINMLS6MNZSYC9K6Y.umap" 1364
"E:/Unreal Projects/MyPokemonDemo/Content/scene/Demo_Map/_Generated_/7C3TLM8HQDHJFSO0WFVWWOHW3.uexp" 1365
"E:/Unreal Projects/MyPokemonDemo/Content/scene/Demo_Map/_Generated_/7C3TLM8HQDHJFSO0WFVWWOHW3.ubulk" 1366
"E:/Unreal Projects/MyPokemonDemo/Content/scene/Demo_Map/_Generated_/7C3TLM8HQDHJFSO0WFVWWOHW3.umap" 1367
"E:/Unreal Projects/MyPokemonDemo/Content/scene/Demo_Map/_Generated_/7L065TES5VS26E5XEQ2493I4C.uexp" 1368
"E:/Unreal Projects/MyPokemonDemo/Content/scene/Demo_Map/_Generated_/7L065TES5VS26E5XEQ2493I4C.ubulk" 1369
"E:/Unreal Projects/MyPokemonDemo/Content/scene/Demo_Map/_Generated_/7L065TES5VS26E5XEQ2493I4C.umap" 1370
"E:/Unreal Projects/MyPokemonDemo/Content/scene/Demo_Map/_Generated_/AXRW6JGJ2XDHVVWWT7P8JDKYC.uexp" 1371
"E:/Unreal Projects/MyPokemonDemo/Content/scene/Demo_Map/_Generated_/AXRW6JGJ2XDHVVWWT7P8JDKYC.ubulk" 1372
"E:/Unreal Projects/MyPokemonDemo/Content/scene/Demo_Map/_Generated_/AXRW6JGJ2XDHVVWWT7P8JDKYC.umap" 1373
"E:/Unreal Projects/MyPokemonDemo/Content/scene/Demo_Map/_Generated_/72UJXBL84VIYA2VWQ8UB4G6ML.uexp" 1374
"E:/Unreal Projects/MyPokemonDemo/Content/scene/Demo_Map/_Generated_/72UJXBL84VIYA2VWQ8UB4G6ML.ubulk" 1375
"E:/Unreal Projects/MyPokemonDemo/Content/scene/Demo_Map/_Generated_/72UJXBL84VIYA2VWQ8UB4G6ML.umap" 1376
"E:/Unreal Projects/MyPokemonDemo/Content/scene/Demo_Map/_Generated_/DMZ858DND4K39RUVCM38OSQ9Q.uexp" 1377
"E:/Unreal Projects/MyPokemonDemo/Content/scene/Demo_Map/_Generated_/DMZ858DND4K39RUVCM38OSQ9Q.ubulk" 1378
"E:/Unreal Projects/MyPokemonDemo/Content/scene/Demo_Map/_Generated_/DMZ858DND4K39RUVCM38OSQ9Q.umap" 1379
"E:/Unreal Projects/MyPokemonDemo/Content/scene/Demo_Map/_Generated_/7J2U61RW86Q2CC3AQTVY57AVT.uexp" 1380
"E:/Unreal Projects/MyPokemonDemo/Content/scene/Demo_Map/_Generated_/7J2U61RW86Q2CC3AQTVY57AVT.ubulk" 1381
"E:/Unreal Projects/MyPokemonDemo/Content/scene/Demo_Map/_Generated_/7J2U61RW86Q2CC3AQTVY57AVT.umap" 1382
"E:/Unreal Projects/MyPokemonDemo/Content/scene/Demo_Map/_Generated_/AWNZNLCDP1L3DDJCXLMFZGG7R.uexp" 1383
"E:/Unreal Projects/MyPokemonDemo/Content/scene/Demo_Map/_Generated_/AWNZNLCDP1L3DDJCXLMFZGG7R.ubulk" 1384
"E:/Unreal Projects/MyPokemonDemo/Content/scene/Demo_Map/_Generated_/AWNZNLCDP1L3DDJCXLMFZGG7R.umap" 1385
"E:/Unreal Projects/MyPokemonDemo/Content/scene/Demo_Map/_Generated_/8TMQTFIMRON2VI5D70NE5KF1X.uexp" 1386
"E:/Unreal Projects/MyPokemonDemo/Content/scene/Demo_Map/_Generated_/8TMQTFIMRON2VI5D70NE5KF1X.ubulk" 1387
"E:/Unreal Projects/MyPokemonDemo/Content/scene/Demo_Map/_Generated_/8TMQTFIMRON2VI5D70NE5KF1X.umap" 1388
"E:/Unreal Projects/MyPokemonDemo/Content/scene/Demo_Map/_Generated_/27KACFA53UIKVQ7BSWPE32C51.uexp" 1389
"E:/Unreal Projects/MyPokemonDemo/Content/scene/Demo_Map/_Generated_/27KACFA53UIKVQ7BSWPE32C51.ubulk" 1390
"E:/Unreal Projects/MyPokemonDemo/Content/scene/Demo_Map/_Generated_/27KACFA53UIKVQ7BSWPE32C51.umap" 1391
"E:/Unreal Projects/MyPokemonDemo/Content/scene/Demo_Map/_Generated_/2A588ATODV9I3LE8BWW5VJQVK.uexp" 1392
"E:/Unreal Projects/MyPokemonDemo/Content/scene/Demo_Map/_Generated_/2A588ATODV9I3LE8BWW5VJQVK.ubulk" 1393
"E:/Unreal Projects/MyPokemonDemo/Content/scene/Demo_Map/_Generated_/2A588ATODV9I3LE8BWW5VJQVK.umap" 1394
"E:/Unreal Projects/MyPokemonDemo/Content/scene/Demo_Map/_Generated_/1Q4H4P4G56NGRKP5PTW12ODVZ.uexp" 1395
"E:/Unreal Projects/MyPokemonDemo/Content/scene/Demo_Map/_Generated_/1Q4H4P4G56NGRKP5PTW12ODVZ.ubulk" 1396
"E:/Unreal Projects/MyPokemonDemo/Content/scene/Demo_Map/_Generated_/1Q4H4P4G56NGRKP5PTW12ODVZ.umap" 1397
