"E:/Unreal Projects/MyPokemonDemo/MyPokemonDemo.uproject" 1
"E:/Unreal Projects/MyPokemonDemo/Binaries/Win64/UnrealEditor.modules" 2
"../../../Engine/Plugins/AudioGameplayVolume/AudioGameplayVolume.uplugin" 3
"../../../Engine/Plugins/AudioGameplay/AudioGameplay.uplugin" 4
"../../../Engine/Plugins/Bridge/Bridge.uplugin" 5
"../../../Engine/Plugins/ChaosCloth/ChaosCloth.uplugin" 6
"../../../Engine/Plugins/BlueprintFileUtils/BlueprintFileUtils.uplugin" 7
"../../../Engine/Plugins/ChaosClothAssetEditor/ChaosClothAssetEditor.uplugin" 8
"../../../Engine/Plugins/CmdLinkServer/CmdLinkServer.uplugin" 9
"../../../Engine/Plugins/ChaosClothAsset/ChaosClothAsset.uplugin" 10
"../../../Engine/Plugins/AudioInsights/AudioInsights.uplugin" 11
"../../../Engine/Plugins/EnhancedInput/EnhancedInput.uplugin" 12
"../../../Engine/Plugins/DiscoveryBeaconReceiver/DiscoveryBeaconReceiver.uplugin" 13
"../../../Engine/Plugins/LightWeightInstancesEditor/LightWeightInstancesEditor.uplugin" 14
"../../../Engine/Plugins/Fab/Fab.uplugin" 15
"../../../Engine/Plugins/JsonBlueprintUtilities/JsonBlueprintUtilities.uplugin" 16
"../../../Engine/Plugins/MeshPainting/MeshPainting.uplugin" 17
"../../../Engine/Plugins/ScriptPlugin/ScriptPlugin.uplugin" 18
"../../../Engine/Plugins/TraceUtilities/TraceUtilities.uplugin" 19
"../../../Engine/Plugins/FastBuildController/FastBuildController.uplugin" 20
"../../../Engine/Plugins/WorldMetrics/WorldMetrics.uplugin" 21
"../../../Engine/Plugins/ChaosVD/ChaosVD.uplugin" 22
"../../../Engine/Plugins/MovieScene/CustomizableSequencerTracks/CustomizableSequencerTracks.uplugin" 23
"../../../Engine/Plugins/PCG/PCG.uplugin" 24
"../../../Engine/Plugins/Messaging/MessagingDebugger/MessagingDebugger.uplugin" 25
"../../../Engine/Plugins/Messaging/UdpMessaging/UdpMessaging.uplugin" 26
"../../../Engine/Plugins/AI/AISupport/AISupport.uplugin" 27
"../../../Engine/Plugins/PCGGeometryScriptInterop/PCGGeometryScriptInterop.uplugin" 28
"../../../Engine/Plugins/PCGExternalDataInterop/PCGExternalDataInterop.uplugin" 29
"../../../Engine/Plugins/Messaging/TcpMessaging/TcpMessaging.uplugin" 30
"../../../Engine/Plugins/AI/EnvironmentQueryEditor/EnvironmentQueryEditor.uplugin" 31
"../../../Engine/Plugins/MovieScene/LevelSequenceEditor/LevelSequenceEditor.uplugin" 32
"../../../Engine/Plugins/AI/MassAI/MassAI.uplugin" 33
"../../../Engine/Plugins/AI/MassCrowd/MassCrowd.uplugin" 34
"../../../Engine/Plugins/AI/MLAdapter/MLAdapter.uplugin" 35
"../../../Engine/Plugins/Cameras/GameplayCameras/GameplayCameras.uplugin" 36
"../../../Engine/Plugins/XGEController/XGEController.uplugin" 37
"../../../Engine/Plugins/UbaController/UbaController.uplugin" 38
"../../../Engine/Plugins/NetcodeUnitTest/NetcodeUnitTest/NetcodeUnitTest.uplugin" 39
"../../../Engine/Plugins/MovieScene/MovieRenderPipeline/MovieRenderPipeline.uplugin" 40
"../../../Engine/Plugins/MovieScene/ReplayTracks/ReplayTracks.uplugin" 41
"../../../Engine/Plugins/NetcodeUnitTest/NUTUnrealEngine/NUTUnrealEngine.uplugin" 42
"../../../Engine/Plugins/MovieScene/MovieSceneTextTrack/MovieSceneTextTrack.uplugin" 43
"../../../Engine/Plugins/MovieScene/ActorSequence/ActorSequence.uplugin" 44
"../../../Engine/Plugins/MovieScene/TemplateSequence/TemplateSequence.uplugin" 45
"../../../Engine/Plugins/NNE/NNERuntimeORT/NNERuntimeORT.uplugin" 46
"../../../Engine/Plugins/Animation/AnimationData/AnimationData.uplugin" 47
"../../../Engine/Plugins/RenderGraphInsights/RenderGraphInsights.uplugin" 48
"../../../Engine/Plugins/Animation/AnimationLocomotionLibrary/AnimationLocomotionLibrary.uplugin" 49
"../../../Engine/Plugins/Cameras/CameraShakePreviewer/CameraShakePreviewer.uplugin" 50
"../../../Engine/Plugins/Online/OnlineServicesEOS/OnlineServicesEOS.uplugin" 51
"../../../Engine/Plugins/Online/EOSOverlayInputProvider/EOSOverlayInputProvider.uplugin" 52
"../../../Engine/Plugins/Online/EOSShared/EOSShared.uplugin" 53
"../../../Engine/Plugins/Animation/AnimationModifierLibrary/AnimationModifierLibrary.uplugin" 54
"../../../Engine/Plugins/MovieScene/SequencerScripting/SequencerScripting.uplugin" 55
"../../../Engine/Plugins/Online/OnlineSubsystem/OnlineSubsystem.uplugin" 56
"../../../Engine/Plugins/Animation/BlendStack/BlendStack.uplugin" 57
"../../../Engine/Plugins/MemoryUsageQueries/MemoryUsageQueries.uplugin" 58
"../../../Engine/Plugins/Animation/ControlRig/ControlRig.uplugin" 59
"../../../Engine/Plugins/Animation/ControlRigSpline/ControlRigSpline.uplugin" 60
"../../../Engine/Plugins/Online/OnlineServices/OnlineServices.uplugin" 61
"../../../Engine/Plugins/Online/OnlineBase/OnlineBase.uplugin" 62
"../../../Engine/Plugins/MovieScene/MoviePipelineMaskRenderPass/MoviePipelineMaskRenderPass.uplugin" 63
"../../../Engine/Plugins/Animation/MotionWarping/MotionWarping.uplugin" 64
"../../../Engine/Plugins/Online/OnlineFramework/OnlineFramework.uplugin" 65
"../../../Engine/Plugins/Animation/LiveLinkCurveDebugUI/LiveLinkCurveDebugUI.uplugin" 66
"../../../Engine/Plugins/Animation/LiveLink/LiveLink.uplugin" 67
"../../../Engine/Plugins/Animation/AnimationWarping/AnimationWarping.uplugin" 68
"../../../Engine/Plugins/Animation/PerformanceCaptureCore/PerformanceCaptureCore.uplugin" 69
"../../../Engine/Plugins/AI/HTNPlanner/HTNPlanner.uplugin" 70
"../../../Engine/Plugins/Performance/PerformanceMonitor/PerformanceMonitor.uplugin" 71
"../../../Engine/Plugins/Animation/LiveLinkHub/LiveLinkHub.uplugin" 72
"../../../Engine/Plugins/Animation/RigLogic/RigLogic.uplugin" 73
"../../../Engine/Plugins/Animation/DeformerGraph/DeformerGraph.uplugin" 74
"../../../Engine/Plugins/Protocols/MQTT/MQTT.uplugin" 75
"../../../Engine/Plugins/Online/OnlineServicesNull/OnlineServicesNull.uplugin" 76
"../../../Engine/Plugins/Compositing/LensDistortion/LensDistortion.uplugin" 77
"../../../Engine/Plugins/Online/OnlineSubsystemAmazon/OnlineSubsystemAmazon.uplugin" 78
"../../../Engine/Plugins/Compression/OodleNetwork/OodleNetwork.uplugin" 79
"../../../Engine/Plugins/Animation/ACLPlugin/ACLPlugin.uplugin" 80
"../../../Engine/Plugins/Online/OnlineServicesEOSGS/OnlineServicesEOSGS.uplugin" 81
"../../../Engine/Plugins/Online/OnlineSubsystemApple/OnlineSubsystemApple.uplugin" 82
"../../../Engine/Plugins/Compositing/OpenColorIO/OpenColorIO.uplugin" 83
"../../../Engine/Plugins/Animation/ControlRigModules/ControlRigModules.uplugin" 84
"../../../Engine/Plugins/Online/OnlineServicesOSSAdapter/OnlineServicesOSSAdapter.uplugin" 85
"../../../Engine/Plugins/Online/WebAuth/WebAuth.uplugin" 86
"../../../Engine/Plugins/Animation/BlendSpaceMotionAnalysis/BlendSpaceMotionAnalysis.uplugin" 87
"../../../Engine/Plugins/Online/OnlineSubsystemSteam/OnlineSubsystemSteam.uplugin" 88
"../../../Engine/Plugins/Online/OnlineSubsystemNull/OnlineSubsystemNull.uplugin" 89
"../../../Engine/Plugins/Portal/LauncherChunkInstaller/LauncherChunkInstaller.uplugin" 90
"../../../Engine/Plugins/Online/OnlineSubsystemEOS/OnlineSubsystemEOS.uplugin" 91
"../../../Engine/Plugins/Online/OnlineSubsystemOculus/OnlineSubsystemOculus.uplugin" 92
"../../../Engine/Plugins/Animation/GameplayInsights/GameplayInsights.uplugin" 93
"../../../Engine/Plugins/Runtime/ActorLayerUtilities/ActorLayerUtilities.uplugin" 94
"../../../Engine/Plugins/Compositing/Composure/Composure.uplugin" 95
"../../../Engine/Plugins/Online/OnlineSubsystemTencent/OnlineSubsystemTencent.uplugin" 96
"../../../Engine/Plugins/Runtime/AndroidBackgroundService/AndroidBackgroundService.uplugin" 97
"../../../Engine/Plugins/Runtime/AndroidDeviceProfileSelector/AndroidDeviceProfileSelector.uplugin" 98
"../../../Engine/Plugins/Runtime/AndroidFileServer/AndroidFileServer.uplugin" 99
"../../../Engine/Plugins/Runtime/AnimationBudgetAllocator/AnimationBudgetAllocator.uplugin" 100
"../../../Engine/Plugins/Online/OnlineSubsystemUtils/OnlineSubsystemUtils.uplugin" 101
"../../../Engine/Plugins/Developer/GitSourceControl/GitSourceControl.uplugin" 102
"../../../Engine/Plugins/Online/OnlineSubsystemGoogle/OnlineSubsystemGoogle.uplugin" 103
"../../../Engine/Plugins/Developer/BlankPlugin/BlankPlugin.uplugin" 104
"../../../Engine/Plugins/Compositing/OpenCVLensDistortion/OpenCVLensDistortion.uplugin" 105
"../../../Engine/Plugins/Online/SocketSubsystemEOS/SocketSubsystemEOS.uplugin" 106
"../../../Engine/Plugins/Developer/NullSourceCodeAccess/NullSourceCodeAccess.uplugin" 107
"../../../Engine/Plugins/Developer/KDevelopSourceCodeAccess/KDevelopSourceCodeAccess.uplugin" 108
"../../../Engine/Plugins/Runtime/AndroidPermission/AndroidPermission.uplugin" 109
"../../../Engine/Plugins/Developer/AnimationSharing/AnimationSharing.uplugin" 110
"../../../Engine/Plugins/Animation/PoseSearch/PoseSearch.uplugin" 111
"../../../Engine/Plugins/Developer/OneSkyLocalizationService/OneSkyLocalizationService.uplugin" 112
"../../../Engine/Plugins/Runtime/AndroidMoviePlayer/AndroidMoviePlayer.uplugin" 113
"../../../Engine/Plugins/Developer/PlasticSourceControl/PlasticSourceControl.uplugin" 114
"../../../Engine/Plugins/Developer/PropertyAccessNode/PropertyAccessNode.uplugin" 115
"../../../Engine/Plugins/Online/OnlineSubsystemFacebook/OnlineSubsystemFacebook.uplugin" 116
"../../../Engine/Plugins/Runtime/AppleImageUtils/AppleImageUtils.uplugin" 117
"../../../Engine/Plugins/Developer/CodeLiteSourceCodeAccess/CodeLiteSourceCodeAccess.uplugin" 118
"../../../Engine/Plugins/Developer/XCodeSourceCodeAccess/XCodeSourceCodeAccess.uplugin" 119
"../../../Engine/Plugins/Developer/DumpGPUServices/DumpGPUServices.uplugin" 120
"../../../Engine/Plugins/Developer/N10XSourceCodeAccess/N10XSourceCodeAccess.uplugin" 121
"../../../Engine/Plugins/Developer/VisualStudioCodeSourceCodeAccess/VisualStudioCodeSourceCodeAccess.uplugin" 122
"../../../Engine/Plugins/Developer/PerforceSourceControl/PerforceSourceControl.uplugin" 123
"../../../Engine/Plugins/Developer/UObjectPlugin/UObjectPlugin.uplugin" 124
"../../../Engine/Plugins/Runtime/ArchVisCharacter/ArchVisCharacter.uplugin" 125
"../../../Engine/Plugins/Runtime/ApexDestruction/ApexDestruction.uplugin" 126
"../../../Engine/Plugins/Developer/XcodeGPUDebuggerPlugin/XcodeGPUDebuggerPlugin.uplugin" 127
"../../../Engine/Plugins/Developer/CLionSourceCodeAccess/CLionSourceCodeAccess.uplugin" 128
"../../../Engine/Plugins/Developer/RiderSourceCodeAccess/RiderSourceCodeAccess.uplugin" 129
"../../../Engine/Plugins/Runtime/AudioModulation/AudioModulation.uplugin" 130
"../../../Engine/Plugins/Developer/PixWinPlugin/PixWinPlugin.uplugin" 131
"../../../Engine/Plugins/Developer/RenderDocPlugin/RenderDocPlugin.uplugin" 132
"../../../Engine/Plugins/Developer/SubversionSourceControl/SubversionSourceControl.uplugin" 133
"../../../Engine/Plugins/Runtime/CableComponent/CableComponent.uplugin" 134
"../../../Engine/Plugins/Developer/TextureFormatOodle/TextureFormatOodle.uplugin" 135
"../../../Engine/Plugins/Runtime/ChunkDownloader/ChunkDownloader.uplugin" 136
"../../../Engine/Plugins/Runtime/CommonUI/CommonUI.uplugin" 137
"../../../Engine/Plugins/Developer/TraceSourceFiltering/TraceSourceFilters.uplugin" 138
"../../../Engine/Plugins/Runtime/ComputeFramework/ComputeFramework.uplugin" 139
"../../../Engine/Plugins/Animation/IKRig/IKRig.uplugin" 140
"../../../Engine/Plugins/Runtime/ExampleDeviceProfileSelector/ExampleDeviceProfileSelector.uplugin" 141
"../../../Engine/Plugins/Developer/VisualStudioSourceCodeAccess/VisualStudioSourceCodeAccess.uplugin" 142
"../../../Engine/Plugins/Developer/PluginUtils/PluginUtils.uplugin" 143
"../../../Engine/Plugins/Runtime/AssetTags/AssetTags.uplugin" 144
"../../../Engine/Plugins/Runtime/AudioCapture/AudioCapture.uplugin" 145
"../../../Engine/Plugins/Runtime/GameInput/GameInput.uplugin" 146
"../../../Engine/Plugins/Runtime/GameplayAbilities/GameplayAbilities.uplugin" 147
"../../../Engine/Plugins/Runtime/GameplayBehaviorSmartObjects/GameplayBehaviorSmartObjects.uplugin" 148
"../../../Engine/Plugins/Runtime/GeometryCache/GeometryCache.uplugin" 149
"../../../Engine/Plugins/Runtime/GameplayStateTree/GameplayStateTree.uplugin" 150
"../../../Engine/Plugins/Runtime/GameplayInteractions/GameplayInteractions.uplugin" 151
"../../../Engine/Plugins/Runtime/AudioMotorSim/AudioMotorSim.uplugin" 152
"../../../Engine/Plugins/Runtime/GoogleCloudMessaging/GoogleCloudMessaging.uplugin" 153
"../../../Engine/Plugins/Runtime/DataRegistry/DataRegistry.uplugin" 154
"../../../Engine/Plugins/Developer/TraceDataFiltering/TraceDataFilters.uplugin" 155
"../../../Engine/Plugins/Runtime/Harmonix/Harmonix.uplugin" 156
"../../../Engine/Plugins/Runtime/CustomMeshComponent/CustomMeshComponent.uplugin" 157
"../../../Engine/Plugins/Runtime/GeometryScripting/GeometryScripting.uplugin" 158
"../../../Engine/Plugins/Runtime/HTTPChunkInstaller/HTTPChunkInstaller.uplugin" 159
"../../../Engine/Plugins/Runtime/AudioWidgets/AudioWidgets.uplugin" 160
"../../../Engine/Plugins/Runtime/HPMotionController/HPMotionController.uplugin" 161
"../../../Engine/Plugins/Runtime/GeoReferencing/GeoReferencing.uplugin" 162
"../../../Engine/Plugins/Runtime/GooglePAD/GooglePAD.uplugin" 163
"../../../Engine/Plugins/Runtime/LevelStreamingPersistence/LevelStreamingPersistence.uplugin" 164
"../../../Engine/Plugins/Runtime/HairStrands/HairStrands.uplugin" 165
"../../../Engine/Plugins/Runtime/GameFeatures/GameFeatures.uplugin" 166
"../../../Engine/Plugins/Runtime/HDRIBackdrop/HDRIBackdrop.uplugin" 167
"../../../Engine/Plugins/Runtime/MassGameplay/MassGameplay.uplugin" 168
"../../../Engine/Plugins/Runtime/Firebase/Firebase.uplugin" 169
"../../../Engine/Plugins/Runtime/LinuxDeviceProfileSelector/LinuxDeviceProfileSelector.uplugin" 170
"../../../Engine/Plugins/Runtime/LocationServicesAndroidImpl/LocationServicesAndroidImpl.uplugin" 171
"../../../Engine/Plugins/Runtime/InputDebugging/InputDebugging.uplugin" 172
"../../../Engine/Plugins/Runtime/MassEntity/MassEntity.uplugin" 173
"../../../Engine/Plugins/Runtime/IOSDeviceProfileSelector/IOSDeviceProfileSelector.uplugin" 174
"../../../Engine/Plugins/Runtime/IOSReplayKit/IOSReplayKit.uplugin" 175
"../../../Engine/Plugins/Runtime/MixedRealityCaptureFramework/MixedRealityCaptureFramework.uplugin" 176
"../../../Engine/Plugins/Runtime/GeometryProcessing/GeometryProcessing.uplugin" 177
"../../../Engine/Plugins/Runtime/ModularGameplay/ModularGameplay.uplugin" 178
"../../../Engine/Plugins/Runtime/LocationServicesBPLibrary/LocationServicesBPLibrary.uplugin" 179
"../../../Engine/Plugins/Runtime/MsQuic/MsQuic.uplugin" 180
"../../../Engine/Plugins/Runtime/MicrosoftSpatialAudio/MicroSoftSpatialSound.uplugin" 181
"../../../Engine/Plugins/Runtime/nDisplay/nDisplay.uplugin" 182
"../../../Engine/Plugins/Runtime/AppleMoviePlayer/AppleMoviePlayer.uplugin" 183
"../../../Engine/Plugins/Runtime/MeshModelingToolset/MeshModelingToolset.uplugin" 184
"../../../Engine/Plugins/Runtime/NetworkPrediction/NetworkPrediction.uplugin" 185
"../../../Engine/Plugins/Runtime/InstancedActors/InstancedActors.uplugin" 186
"../../../Engine/Plugins/Runtime/NetworkPredictionInsights/NetworkPredictionInsights.uplugin" 187
"../../../Engine/Plugins/Runtime/OpenXR/OpenXR.uplugin" 188
"../../../Engine/Plugins/Runtime/NetworkPredictionExtras/NetworkPredictionExtras.uplugin" 189
"../../../Engine/Plugins/Runtime/OpenCV/OpenCV.uplugin" 190
"../../../Engine/Plugins/Runtime/MobilePatchingUtils/MobilePatchingUtils.uplugin" 191
"../../../Engine/Plugins/Runtime/MIDIDevice/MIDIDevice.uplugin" 192
"../../../Engine/Plugins/Runtime/OptionalMobileFeaturesBPLibrary/OptionalMobileFeaturesBPLibrary.uplugin" 193
"../../../Engine/Plugins/Runtime/LiveLinkOvernDisplay/LiveLinkOverNDisplay.uplugin" 194
"../../../Engine/Plugins/Runtime/OSC/OSC.uplugin" 195
"../../../Engine/Plugins/Runtime/Metasound/Metasound.uplugin" 196
"../../../Engine/Plugins/Runtime/OpenXREyeTracker/OpenXREyeTracker.uplugin" 197
"../../../Engine/Plugins/Runtime/OSCModulationMixing/OSCModulationMixing.uplugin" 198
"../../../Engine/Plugins/Runtime/PreLoadScreenMoviePlayer/PreLoadScreenMoviePlayer.uplugin" 199
"../../../Engine/Plugins/Runtime/NavCorridor/NavCorridor.uplugin" 200
"../../../Engine/Plugins/Runtime/PropertyAccess/PropertyAccessEditor.uplugin" 201
"../../../Engine/Plugins/Runtime/PropertyBindingUtils/PropertyBindingUtils.uplugin" 202
"../../../Engine/Plugins/Runtime/nDisplayModularFeatures/nDisplayModularFeatures.uplugin" 203
"../../../Engine/Plugins/Runtime/RenderTrace/RenderTrace.uplugin" 204
"../../../Engine/Plugins/Runtime/AudioSynesthesia/AudioSynesthesia.uplugin" 205
"../../../Engine/Plugins/Runtime/OpenXRViveTracker/OpenXRViveTracker.uplugin" 206
"../../../Engine/Plugins/Runtime/ResonanceAudio/ResonanceAudio.uplugin" 207
"../../../Engine/Plugins/Runtime/ReplicationSystemTestPlugin/ReplicationSystemTestPlugin.uplugin" 208
"../../../Engine/Plugins/Runtime/LocationServicesIOSImpl/LocationServicesIOSImpl.uplugin" 209
"../../../Engine/Plugins/Runtime/OpenXRMsftHandInteraction/OpenXRMsftHandInteraction.uplugin" 210
"../../../Engine/Plugins/Runtime/SoundFields/SoundFields.uplugin" 211
"../../../Engine/Plugins/Runtime/ProceduralMeshComponent/ProceduralMeshComponent.uplugin" 212
"../../../Engine/Plugins/Runtime/Spatialization/Spatialization.uplugin" 213
"../../../Engine/Plugins/Runtime/ReplicationGraph/ReplicationGraph.uplugin" 214
"../../../Engine/Plugins/Runtime/Soundscape/Soundscape.uplugin" 215
"../../../Engine/Plugins/Editor/AssetManagerEditor/AssetManagerEditor.uplugin" 216
"../../../Engine/Plugins/Editor/AssetReferenceRestrictions/AssetReferenceRestrictions.uplugin" 217
"../../../Engine/Plugins/Runtime/SoundCueTemplates/SoundCueTemplates.uplugin" 218
"../../../Engine/Plugins/Editor/AssetSearch/AssetSearch.uplugin" 219
"../../../Engine/Plugins/Editor/AssetRegistryExport/AssetRegistryExport.uplugin" 220
"../../../Engine/Plugins/Runtime/SmartObjects/SmartObjects.uplugin" 221
"../../../Engine/Plugins/Runtime/Synthesis/Synthesis.uplugin" 222
"../../../Engine/Plugins/Runtime/MobileFSR/MobileFSR.uplugin" 223
"../../../Engine/Plugins/Runtime/WarpUtils/WarpUtils.uplugin" 224
"../../../Engine/Plugins/Runtime/ScriptableToolsFramework/ScriptableToolsFramework.uplugin" 225
"../../../Engine/Plugins/Runtime/StateTree/StateTree.uplugin" 226
"../../../Engine/Plugins/Editor/BlueprintHeaderView/BlueprintHeaderView.uplugin" 227
"../../../Engine/Plugins/Runtime/SkeletalMerging/SkeletalMerging.uplugin" 228
"../../../Engine/Plugins/Runtime/WindowsMoviePlayer/WindowsMoviePlayer.uplugin" 229
"../../../Engine/Plugins/Runtime/WaveTable/WaveTable.uplugin" 230
"../../../Engine/Plugins/Runtime/RigVM/RigVM.uplugin" 231
"../../../Engine/Plugins/Runtime/WebBrowserNativeProxy/WebBrowserNativeProxy.uplugin" 232
"../../../Engine/Plugins/Editor/BlueprintMaterialTextureNodes/BlueprintMaterialTextureNodes.uplugin" 233
"../../../Engine/Plugins/Runtime/OpenXRHandTracking/OpenXRHandTracking.uplugin" 234
"../../../Engine/Plugins/Runtime/XRBase/XRBase.uplugin" 235
"../../../Engine/Plugins/Runtime/SoundUtilities/SoundUtilities.uplugin" 236
"../../../Engine/Plugins/Runtime/ZoneGraphAnnotations/ZoneGraphAnnotations.uplugin" 237
"../../../Engine/Plugins/Runtime/SignificanceManager/SignificanceManager.uplugin" 238
"../../../Engine/Plugins/Runtime/ZoneGraph/ZoneGraph.uplugin" 239
"../../../Engine/Plugins/Editor/CryptoKeys/CryptoKeys.uplugin" 240
"../../../Engine/Plugins/Runtime/SunPosition/SunPosition.uplugin" 241
"../../../Engine/Plugins/Editor/ConsoleVariablesEditor/ConsoleVariables.uplugin" 242
"../../../Engine/Plugins/Editor/DisplayClusterLaunch/DisplayClusterLaunch.uplugin" 243
"../../../Engine/Plugins/Runtime/ModelViewViewModel/ModelViewViewModel.uplugin" 244
"../../../Engine/Plugins/Runtime/WebMMoviePlayer/WebMMoviePlayer.uplugin" 245
"../../../Engine/Plugins/Tests/CQTest/CQTest.uplugin" 246
"../../../Engine/Plugins/Tests/InterchangeTests/InterchangeTests.uplugin" 247
"../../../Engine/Plugins/Runtime/SoundMod/SoundMod.uplugin" 248
"../../../Engine/Plugins/Tests/TestSamples/TestSamples.uplugin" 249
"../../../Engine/Plugins/Runtime/WindowsDeviceProfileSelector/WindowsDeviceProfileSelector.uplugin" 250
"../../../Engine/Plugins/Tests/EditorTests/EditorTests.uplugin" 251
"../../../Engine/Plugins/Editor/ChangelistReview/ChangelistReview.uplugin" 252
"../../../Engine/Plugins/Tests/TestFramework/TestFramework.uplugin" 253
"../../../Engine/Plugins/Tests/WidgetAutomationTests/WidgetAutomationTests.uplugin" 254
"../../../Engine/Plugins/Slate/SlateInsights/SlateInsights.uplugin" 255
"../../../Engine/Plugins/Editor/EditorDebugTools/EditorDebugTools.uplugin" 256
"../../../Engine/Plugins/Slate/SlateScripting/SlateScripting.uplugin" 257
"../../../Engine/Plugins/Editor/EditorScriptingUtilities/EditorScriptingUtilities.uplugin" 258
"../../../Engine/Plugins/Runtime/WorldConditions/WorldConditions.uplugin" 259
"../../../Engine/Plugins/Tests/FbxAutomationTestBuilder/FbxAutomationTestBuilder.uplugin" 260
"../../../Engine/Plugins/Tests/PythonAutomationTest/PythonAutomationTest.uplugin" 261
"../../../Engine/Plugins/Enterprise/DatasmithC4DImporter/DatasmithC4DImporter.uplugin" 262
"../../../Engine/Plugins/Enterprise/DatasmithCADImporter/DatasmithCADImporter.uplugin" 263
"../../../Engine/Plugins/Editor/GeometryMode/GeometryMode.uplugin" 264
"../../../Engine/Plugins/Editor/DataValidation/DataValidation.uplugin" 265
"../../../Engine/Plugins/Editor/GameplayTagsEditor/GameplayTagsEditor.uplugin" 266
"../../../Engine/Plugins/Tests/FunctionalTestingEditor/FunctionalTestingEditor.uplugin" 267
"../../../Engine/Plugins/Editor/GuidedTutorials/GuidedTutorials.uplugin" 268
"../../../Engine/Plugins/Tests/RuntimeTests/RuntimeTests.uplugin" 269
"../../../Engine/Plugins/Editor/MeshLODToolset/MeshLODToolset.uplugin" 270
"../../../Engine/Plugins/Runtime/WebBrowserWidget/WebBrowserWidget.uplugin" 271
"../../../Engine/Plugins/Editor/CurveEditorTools/CurveEditorTools.uplugin" 272
"../../../Engine/Plugins/Editor/MobileLauncherProfileWizard/MobileLauncherProfileWizard.uplugin" 273
"../../../Engine/Plugins/Enterprise/DataprepEditor/DataprepEditor.uplugin" 274
"../../../Engine/Plugins/Tests/AutomationDriverTests/AutomationDriverTests.uplugin" 275
"../../../Engine/Plugins/Editor/EditorPerformanceModule/EditorPerformanceModule.uplugin" 276
"../../../Engine/Plugins/Enterprise/AxFImporter/AxFImporter.uplugin" 277
"../../../Engine/Plugins/Editor/EditorSysConfigAssistant/EditorSysConfigAssistant.uplugin" 278
"../../../Engine/Plugins/Editor/PluginBrowser/PluginBrowser.uplugin" 279
"../../../Engine/Plugins/Editor/EngineAssetDefinitions/EngineAssetDefinitions.uplugin" 280
"../../../Engine/Plugins/Editor/SequencerAnimTools/SequencerAnimTools.uplugin" 281
"../../../Engine/Plugins/Editor/SampleToolsEditorMode/SampleToolsEditorMode.uplugin" 282
"../../../Engine/Plugins/Editor/StylusInput/StylusInput.uplugin" 283
"../../../Engine/Plugins/Editor/ScriptableToolsEditorMode/ScriptableToolsEditorMode.uplugin" 284
"../../../Engine/Plugins/Editor/StaticMeshEditorModeling/StaticMeshEditorModeling.uplugin" 285
"../../../Engine/Plugins/Editor/LiveUpdateForSlate/LiveUpdateForSlate.uplugin" 286
"../../../Engine/Plugins/Enterprise/DatasmithFBXImporter/DatasmithFBXImporter.uplugin" 287
"../../../Engine/Plugins/Editor/WorldPartitionHLODUtilities/WorldPartitionHLODUtilities.uplugin" 288
"../../../Engine/Plugins/Editor/ProxyLODPlugin/ProxyLODPlugin.uplugin" 289
"../../../Engine/Plugins/Enterprise/VariantManager/VariantManager.uplugin" 290
"../../../Engine/Plugins/Enterprise/GLTFExporter/GLTFExporter.uplugin" 291
"../../../Engine/Plugins/Editor/UVEditor/UVEditor.uplugin" 292
"../../../Engine/Plugins/Enterprise/DatasmithContent/DatasmithContent.uplugin" 293
"../../../Engine/Plugins/Enterprise/VariantManagerContent/VariantManagerContent.uplugin" 294
"../../../Engine/Plugins/Experimental/ActorModifierCore/ActorModifierCore.uplugin" 295
"../../../Engine/Plugins/Experimental/AbilitySystemGameFeatureActions/AbilitySystemGameFeatureActions.uplugin" 296
"../../../Engine/Plugins/Editor/FacialAnimation/FacialAnimation.uplugin" 297
"../../../Engine/Plugins/Tests/RHITests/RHITests.uplugin" 298
"../../../Engine/Plugins/Editor/ModelingToolsEditorMode/ModelingToolsEditorMode.uplugin" 299
"../../../Engine/Plugins/Experimental/AnimToTexture/AnimToTexture.uplugin" 300
"../../../Engine/Plugins/Experimental/AppleVision/AppleVision.uplugin" 301
"../../../Engine/Plugins/Enterprise/LidarPointCloud/LidarPointCloud.uplugin" 302
"../../../Engine/Plugins/Experimental/Avalanche/Avalanche.uplugin" 303
"../../../Engine/Plugins/Experimental/BackChannel/BackChannel.uplugin" 304
"../../../Engine/Plugins/Editor/WaveformEditor/WaveformEditor.uplugin" 305
"../../../Engine/Plugins/Enterprise/DatasmithImporter/DatasmithImporter.uplugin" 306
"../../../Engine/Plugins/Experimental/AnimNext/AnimNext.uplugin" 307
"../../../Engine/Plugins/Experimental/BlueprintSnapNodes/BlueprintSnapNodes.uplugin" 308
"../../../Engine/Plugins/Experimental/ChaosCaching/ChaosCaching.uplugin" 309
"../../../Engine/Plugins/Experimental/BlueprintStats/BlueprintStats.uplugin" 310
"../../../Engine/Plugins/Editor/MakeCookedEditorAsDLC/MakeCookedEditorAsDLC.uplugin" 311
"../../../Engine/Plugins/Experimental/ChaosCachingUSD/ChaosCachingUSD.uplugin" 312
"../../../Engine/Plugins/Experimental/AdvancedRenamer/AdvancedRenamer.uplugin" 313
"../../../Engine/Plugins/Experimental/AutomationUtils/AutomationUtils.uplugin" 314
"../../../Engine/Plugins/Experimental/ChaosClothEditor/ChaosClothEditor.uplugin" 315
"../../../Engine/Plugins/Experimental/ChaosNiagara/ChaosNiagara.uplugin" 316
"../../../Engine/Plugins/Experimental/ChaosModularVehicle/ChaosModularVehicle.uplugin" 317
"../../../Engine/Plugins/Experimental/ChaosVehiclesPlugin/ChaosVehiclesPlugin.uplugin" 318
"../../../Engine/Plugins/Editor/MacGraphicsSwitching/MacGraphicsSwitching.uplugin" 319
"../../../Engine/Plugins/Experimental/ActorPalette/ActorPalette.uplugin" 320
"../../../Engine/Plugins/Enterprise/MDLImporter/MDLImporter.uplugin" 321
"../../../Engine/Plugins/Experimental/CharacterAI/CharacterAI.uplugin" 322
"../../../Engine/Plugins/Editor/SpeedTreeImporter/SpeedTreeImporter.uplugin" 323
"../../../Engine/Plugins/Experimental/ClonerEffector/ClonerEffector.uplugin" 324
"../../../Engine/Plugins/Experimental/Chooser/Chooser.uplugin" 325
"../../../Engine/Plugins/Experimental/ChaosSolverPlugin/ChaosSolverPlugin.uplugin" 326
"../../../Engine/Plugins/Experimental/Buoyancy/Buoyancy.uplugin" 327
"../../../Engine/Plugins/Experimental/CodeEditor/CodeEditor.uplugin" 328
"../../../Engine/Plugins/Experimental/ChaosEditor/ChaosEditor.uplugin" 329
"../../../Engine/Plugins/Experimental/CodeView/CodeView.uplugin" 330
"../../../Engine/Plugins/Experimental/ChaosFlesh/ChaosFlesh.uplugin" 331
"../../../Engine/Plugins/Experimental/CustomDetailsView/CustomDetailsView.uplugin" 332
"../../../Engine/Plugins/Experimental/Dataflow/Dataflow.uplugin" 333
"../../../Engine/Plugins/Experimental/ControlFlows/ControlFlows.uplugin" 334
"../../../Engine/Plugins/Experimental/ChaosUserDataPT/ChaosUserDataPT.uplugin" 335
"../../../Engine/Plugins/Experimental/DefaultInstallBundleManager/DefaultInstallBundleManager.uplugin" 336
"../../../Engine/Plugins/Experimental/CineCameraSceneCapture/CineCameraSceneCapture.uplugin" 337
"../../../Engine/Plugins/Experimental/DatasmithCloTranslator/DatasmithCloTranslator.uplugin" 338
"../../../Engine/Plugins/Experimental/CinematicPrestreaming/CinematicPrestreaming.uplugin" 339
"../../../Engine/Plugins/Experimental/CommonConversation/CommonConversation.uplugin" 340
"../../../Engine/Plugins/Experimental/FieldSystemPlugin/FieldSystemPlugin.uplugin" 341
"../../../Engine/Plugins/Experimental/CineCameraRigs/CineCameraRigs.uplugin" 342
"../../../Engine/Plugins/Experimental/GameplayBehaviors/GameplayBehaviors.uplugin" 343
"../../../Engine/Plugins/Experimental/ColorCorrectRegions/ColorCorrectRegions.uplugin" 344
"../../../Engine/Plugins/Experimental/GameInputWindows/GameInputWindows.uplugin" 345
"../../../Engine/Plugins/Experimental/Fracture/Fracture.uplugin" 346
"../../../Engine/Plugins/Experimental/DynamicMaterial/DynamicMaterial.uplugin" 347
"../../../Engine/Plugins/Experimental/GeometryMask/GeometryMask.uplugin" 348
"../../../Engine/Plugins/Experimental/FullBodyIK/FullBodyIK.uplugin" 349
"../../../Engine/Plugins/Experimental/GeometryCacheAbcFile/GeometryCacheAbcFile.uplugin" 350
"../../../Engine/Plugins/Experimental/GeometryCollectionPlugin/GeometryCollectionPlugin.uplugin" 351
"../../../Engine/Plugins/Experimental/FloatingProperties/FloatingProperties.uplugin" 352
"../../../Engine/Plugins/Experimental/GizmoFramework/GizmoFramework.uplugin" 353
"../../../Engine/Plugins/Experimental/GameplayTargetingSystem/TargetingSystem.uplugin" 354
"../../../Engine/Plugins/Experimental/GPULightmass/GPULightmass.uplugin" 355
"../../../Engine/Plugins/Experimental/HairCardGenerator/HairCardGenerator.uplugin" 356
"../../../Engine/Plugins/Experimental/GizmoEdMode/GizmoEdMode.uplugin" 357
"../../../Engine/Plugins/Experimental/GameplayGraph/GameplayGraph.uplugin" 358
"../../../Engine/Plugins/Experimental/InstanceDataObjectFixupTool/InstanceDataObjectFixupTool.uplugin" 359
"../../../Engine/Plugins/Experimental/GeometryFlow/GeometryFlow.uplugin" 360
"../../../Engine/Plugins/Experimental/HairModelingToolset/HairModelingToolset.uplugin" 361
"../../../Engine/Plugins/Editor/MaterialAnalyzer/MaterialAnalyzer.uplugin" 362
"../../../Engine/Plugins/Experimental/Landmass/Landmass.uplugin" 363
"../../../Engine/Plugins/Experimental/ImpostorBaker/ImpostorBaker.uplugin" 364
"../../../Engine/Plugins/Experimental/LiveLinkControlRig/LiveLinkControlRig.uplugin" 365
"../../../Engine/Plugins/Experimental/LearningAgents/LearningAgents.uplugin" 366
"../../../Engine/Plugins/Experimental/MeshModelingToolsetExp/MeshModelingToolsetExp.uplugin" 367
"../../../Engine/Plugins/Experimental/Iris/Iris.uplugin" 368
"../../../Engine/Plugins/Experimental/MotorSimOutputMotoSynth/MotorSimOutputMotoSynth.uplugin" 369
"../../../Engine/Plugins/Experimental/LiveLinkFaceImporter/LiveLinkFaceImporter.uplugin" 370
"../../../Engine/Plugins/Experimental/MoverExamples/MoverExamples.uplugin" 371
"../../../Engine/Plugins/Experimental/MotoSynth/MotoSynth.uplugin" 372
"../../../Engine/Plugins/Experimental/ImagePlate/ImagePlate.uplugin" 373
"../../../Engine/Plugins/Experimental/Mutable/Mutable.uplugin" 374
"../../../Engine/Plugins/Experimental/NeuralRendering/NeuralRendering.uplugin" 375
"../../../Engine/Plugins/Experimental/NNERuntimeIREE/NNERuntimeIREE.uplugin" 376
"../../../Engine/Plugins/Experimental/LocalizableMessage/LocalizableMessage.uplugin" 377
"../../../Engine/Plugins/Experimental/OperatorStack/OperatorStack.uplugin" 378
"../../../Engine/Plugins/Experimental/Mover/Mover.uplugin" 379
"../../../Engine/Plugins/Experimental/JWT/JWT.uplugin" 380
"../../../Engine/Plugins/Experimental/PanoramicCapture/PanoramicCapture.uplugin" 381
"../../../Engine/Plugins/Experimental/OptiXDenoise/OptiXDenoise.uplugin" 382
"../../../Engine/Plugins/Experimental/LandscapePatch/LandscapePatch.uplugin" 383
"../../../Engine/Plugins/Experimental/NaniteDisplacedMesh/NaniteDisplacedMesh.uplugin" 384
"../../../Engine/Plugins/Experimental/PCGBiomeSample/PCGBiomeSample.uplugin" 385
"../../../Engine/Plugins/Experimental/PlanarCutPlugin/PlanarCut.uplugin" 386
"../../../Engine/Plugins/Experimental/PCGWaterInterop/PCGWaterInterop.uplugin" 387
"../../../Engine/Plugins/Experimental/PixelStreamingPlayer/PixelStreamingPlayer.uplugin" 388
"../../../Engine/Plugins/Experimental/PhysicsControl/PhysicsControl.uplugin" 389
"../../../Engine/Plugins/Experimental/NNERuntimeRDG/NNERuntimeRDG.uplugin" 390
"../../../Engine/Plugins/Experimental/MoverTests/MoverTests.uplugin" 391
"../../../Engine/Plugins/Experimental/PythonScriptPlugin/PythonScriptPlugin.uplugin" 392
"../../../Engine/Plugins/Experimental/PluginAudit/PluginAudit.uplugin" 393
"../../../Engine/Plugins/Experimental/PluginTemplateTool/PluginTemplateTool.uplugin" 394
"../../../Engine/Plugins/Experimental/PropertyAnimator/PropertyAnimator.uplugin" 395
"../../../Engine/Plugins/Experimental/NNEDenoiser/NNEDenoiser.uplugin" 396
"../../../Engine/Plugins/Experimental/PythonFoundationPackages/PythonFoundationPackages.uplugin" 397
"../../../Engine/Plugins/Experimental/PCGBiomeCore/PCGBiomeCore.uplugin" 398
"../../../Engine/Plugins/Experimental/RawInput/RawInput.uplugin" 399
"../../../Engine/Plugins/Experimental/RemoteControlComponents/RemoteControlComponents.uplugin" 400
"../../../Engine/Plugins/Experimental/RenderGrid/RenderGrid.uplugin" 401
"../../../Engine/Plugins/Experimental/OpenImageDenoise/OpenImageDenoise.uplugin" 402
"../../../Engine/Plugins/Experimental/RemoteSession/RemoteSession.uplugin" 403
"../../../Engine/Plugins/Experimental/SecuritySandbox/SecuritySandbox.uplugin" 404
"../../../Engine/Plugins/Experimental/SerializationUtils/SerializationUtils.uplugin" 405
"../../../Engine/Plugins/Experimental/SimpleHMD/SimpleHMD.uplugin" 406
"../../../Engine/Plugins/Experimental/PropertyAnimatorCore/PropertyAnimatorCore.uplugin" 407
"../../../Engine/Plugins/Experimental/PluginReferenceViewer/PluginReferenceViewer.uplugin" 408
"../../../Engine/Plugins/Experimental/NNERuntimeBasicCpu/NNERuntimeBasicCpu.uplugin" 409
"../../../Engine/Plugins/Experimental/Shotgrid/Shotgrid.uplugin" 410
"../../../Engine/Plugins/Experimental/SkeletalReduction/SkeletalReduction.uplugin" 411
"../../../Engine/Plugins/Experimental/ScreenReader/ScreenReader.uplugin" 412
"../../../Engine/Plugins/Experimental/StudioTelemetry/StudioTelemetry.uplugin" 413
"../../../Engine/Plugins/Experimental/StormSyncAvalancheBridge/StormSyncAvalancheBridge.uplugin" 414
"../../../Engine/Plugins/Experimental/PlatformCrypto/PlatformCrypto.uplugin" 415
"../../../Engine/Plugins/Experimental/QuicMessaging/QuicMessaging.uplugin" 416
"../../../Engine/Plugins/Experimental/SVGImporter/SVGImporter.uplugin" 417
"../../../Engine/Plugins/Experimental/StormSync/StormSync.uplugin" 418
"../../../Engine/Plugins/VirtualProduction/CompositePlane/CompositePlane.uplugin" 419
"../../../Engine/Plugins/Experimental/SlateModelViewViewModel/SlateModelViewViewModel.uplugin" 420
"../../../Engine/Plugins/VirtualProduction/DataCharts/DataCharts.uplugin" 421
"../../../Engine/Plugins/Experimental/Gauntlet/Gauntlet.uplugin" 422
"../../../Engine/Plugins/VirtualProduction/ICVFX/ICVFX.uplugin" 423
"../../../Engine/Plugins/Experimental/StateGraph/StateGraph.uplugin" 424
"../../../Engine/Plugins/VirtualProduction/LevelSnapshots/LevelSnapshots.uplugin" 425
"../../../Engine/Plugins/Experimental/StructUtils/StructUtils.uplugin" 426
"../../../Engine/Plugins/Experimental/SurfaceEffects/SurfaceEffects.uplugin" 427
"../../../Engine/Plugins/VirtualProduction/CameraCalibration/CameraCalibration.uplugin" 428
"../../../Engine/Plugins/VirtualProduction/CameraCalibrationCore/CameraCalibrationCore.uplugin" 429
"../../../Engine/Plugins/VirtualProduction/LiveLinkLens/LiveLinkLens.uplugin" 430
"../../../Engine/Plugins/Experimental/TargetDeviceServicesScripting/TargetDeviceServicesScripting.uplugin" 431
"../../../Engine/Plugins/VirtualProduction/ICVFXTesting/ICVFXTesting.uplugin" 432
"../../../Engine/Plugins/VirtualProduction/LiveLinkInputDevice/LiveLinkInputDevice.uplugin" 433
"../../../Engine/Plugins/Experimental/SlateScreenReader/SlateScreenReader.uplugin" 434
"../../../Engine/Plugins/VirtualProduction/LiveLinkMasterLockit/LiveLinkMasterLockit.uplugin" 435
"../../../Engine/Plugins/VirtualProduction/LiveLinkCamera/LiveLinkCamera.uplugin" 436
"../../../Engine/Plugins/VirtualProduction/LiveLinkPrestonMDR/LiveLinkPrestonMDR.uplugin" 437
"../../../Engine/Plugins/Experimental/TetMeshing/TetMeshing.uplugin" 438
"../../../Engine/Plugins/Experimental/TypedElementDataStorageEditorUI/TypedElementDataStorageEditorUI.uplugin" 439
"../../../Engine/Plugins/VirtualProduction/LensComponent/LensComponent.uplugin" 440
"../../../Engine/Plugins/Experimental/UIFramework/UIFramework.uplugin" 441
"../../../Engine/Plugins/VirtualProduction/LiveLinkFreeD/LiveLinkFreeD.uplugin" 442
"../../../Engine/Plugins/Experimental/TextToSpeech/TextToSpeech.uplugin" 443
"../../../Engine/Plugins/Experimental/Volumetrics/Volumetrics.uplugin" 444
"../../../Engine/Plugins/Experimental/Text3D/Text3D.uplugin" 445
"../../../Engine/Plugins/Experimental/TextureGraph/TextureGraph.uplugin" 446
"../../../Engine/Plugins/Experimental/TextureMediaPlayer/TextureMediaPlayer.uplugin" 447
"../../../Engine/Plugins/Experimental/PostProcessMaterialChainGraph/PostProcessMaterialChainGraph.uplugin" 448
"../../../Engine/Plugins/Experimental/WaveFunctionCollapse/WaveFunctionCollapse.uplugin" 449
"../../../Engine/Plugins/Web/HttpBlueprint/HttpBlueprint.uplugin" 450
"../../../Engine/Plugins/Experimental/Water/Water.uplugin" 451
"../../../Engine/Plugins/Experimental/UserToolBoxCore/UserToolBoxCore.uplugin" 452
"../../../Engine/Plugins/Experimental/XRCreativeFramework/XRCreativeFramework.uplugin" 453
"../../../Engine/Plugins/Experimental/VirtualHeightfieldMesh/VirtualHeightfieldMesh.uplugin" 454
"../../../Engine/Plugins/VirtualProduction/EpicStageApp/EpicStageApp.uplugin" 455
"../../../Engine/Plugins/Marketplace/FabLauncher/FabLauncher.uplugin" 456
"../../../Engine/Plugins/Interchange/Runtime/Interchange.uplugin" 457
"../../../Engine/Plugins/Experimental/WebSocketMessaging/WebSocketMessaging.uplugin" 458
"../../../Engine/Plugins/Experimental/VirtualProductionUtilities/VirtualProductionUtilities.uplugin" 459
"../../../Engine/Plugins/Experimental/ToolPresets/ToolPresets.uplugin" 460
"../../../Engine/Plugins/Experimental/WebSocketNetworking/WebSocketNetworking.uplugin" 461
"../../../Engine/Plugins/Media/AndroidCamera/AndroidCamera.uplugin" 462
"../../../Engine/Plugins/Experimental/UserToolBoxBasicCommand/UserToolBoxBasicCommand.uplugin" 463
"../../../Engine/Plugins/Experimental/WaterExtras/WaterExtras.uplugin" 464
"../../../Engine/Plugins/Importers/AlembicHairImporter/AlembicHairImporter.uplugin" 465
"../../../Engine/Plugins/FX/NiagaraSimCaching/NiagaraSimCaching.uplugin" 466
"../../../Engine/Plugins/FX/NiagaraMRQ/NiagaraMRQ.uplugin" 467
"../../../Engine/Plugins/FX/Niagara/Niagara.uplugin" 468
"../../../Engine/Plugins/Media/AjaMedia/AjaMedia.uplugin" 469
"../../../Engine/Plugins/VirtualProduction/LiveLinkXR/LiveLinkXR.uplugin" 470
"../../../Engine/Plugins/Importers/AlembicImporter/AlembicImporter.uplugin" 471
"../../../Engine/Plugins/VirtualProduction/MultiUserTakes/MultiUserTakes.uplugin" 472
"../../../Engine/Plugins/Experimental/TypedElementsDataStorage/TypedElementsDataStorage.uplugin" 473
"../../../Engine/Plugins/VirtualProduction/RemoteControl/RemoteControl.uplugin" 474
"../../../Engine/Plugins/VirtualProduction/RemoteControlInterception/RemoteControlInterception.uplugin" 475
"../../../Engine/Plugins/VirtualProduction/RemoteControlWebInterface/RemoteControlWebInterface.uplugin" 476
"../../../Engine/Plugins/2D/Paper2D/Paper2D.uplugin" 477
"../../../Engine/Plugins/VirtualProduction/LiveLinkVRPN/LiveLinkVRPN.uplugin" 478
"../../../Engine/Plugins/Interchange/Editor/InterchangeEditor.uplugin" 479
"../../../Engine/Plugins/VirtualProduction/StageMonitoring/StageMonitoring.uplugin" 480
"../../../Engine/Plugins/Experimental/VirtualScouting/VirtualScouting.uplugin" 481
"../../../Engine/Plugins/VirtualProduction/RemoteControlProtocolMIDI/RemoteControlProtocolMIDI.uplugin" 482
"../../../Engine/Plugins/VirtualProduction/RemoteControlProtocolOSC/RemoteControlProtocolOSC.uplugin" 483
"../../../Engine/Plugins/FX/CascadeToNiagaraConverter/CascadeToNiagaraConverter.uplugin" 484
"../../../Engine/Plugins/VirtualProduction/TimedDataMonitor/TimedDataMonitor.uplugin" 485
"../../../Engine/Plugins/FX/ExampleCustomDataInterface/ExampleCustomDataInterface.uplugin" 486
"../../../Engine/Plugins/VirtualProduction/Takes/Takes.uplugin" 487
"../../../Engine/Plugins/FX/NiagaraFluids/NiagaraFluids.uplugin" 488
"../../../Engine/Plugins/Media/AndroidMedia/AndroidMedia.uplugin" 489
"../../../Engine/Plugins/VirtualProduction/VirtualCamera/VirtualCamera.uplugin" 490
"../../../Engine/Plugins/Importers/USDMultiUser/USDMultiUser.uplugin" 491
"../../../Engine/Plugins/VirtualProduction/VirtualCameraCore/VirtualCameraCore.uplugin" 492
"../../../Engine/Plugins/Media/AppleProResDecoderElectra/AppleProResDecoderElectra.uplugin" 493
"../../../Engine/Plugins/Media/AvidDNxMedia/AvidDNxMedia.uplugin" 494
"../../../Engine/Plugins/VirtualProduction/RemoteControlProtocolDMX/RemoteControlProtocolDMX.uplugin" 495
"../../../Engine/Plugins/Media/BinkMedia/BinkMedia.uplugin" 496
"../../../Engine/Plugins/Media/AvidDNxHDDecoderElectra/AvidDNxHDDecoderElectra.uplugin" 497
"../../../Engine/Plugins/VirtualProduction/SequencerPlaylists/SequencerPlaylists.uplugin" 498
"../../../Engine/Plugins/Media/HardwareEncoders/HardwareEncoders.uplugin" 499
"../../../Engine/Plugins/Media/ImgMedia/ImgMedia.uplugin" 500
"../../../Engine/Plugins/VirtualProduction/Switchboard/Switchboard.uplugin" 501
"../../../Engine/Plugins/Media/MediaMovieStreamer/MediaMovieStreamer.uplugin" 502
"../../../Engine/Plugins/VirtualProduction/TextureShare/TextureShare.uplugin" 503
"../../../Engine/Plugins/Media/MediaFrameworkUtilities/MediaFrameworkUtilities.uplugin" 504
"../../../Engine/Plugins/Media/MediaPlate/MediaPlate.uplugin" 505
"../../../Engine/Plugins/Media/MediaPlayerEditor/MediaPlayerEditor.uplugin" 506
"../../../Engine/Plugins/Media/MfMedia/MfMedia.uplugin" 507
"../../../Engine/Plugins/Media/OpusDecoderElectra/OpusDecoderElectra.uplugin" 508
"../../../Engine/Plugins/Importers/USDImporter/USDImporter.uplugin" 509
"../../../Engine/Plugins/Media/PixelCapture/PixelCapture.uplugin" 510
"../../../Engine/Plugins/Experimental/WidgetEditorToolPalette/WidgetEditorToolPalette.uplugin" 511
"../../../Engine/Plugins/Media/ElectraCDM/ElectraCDM.uplugin" 512
"../../../Engine/Plugins/Media/PixelStreaming/PixelStreaming.uplugin" 513
"../../../Engine/Plugins/Media/ElectraSubtitles/ElectraSubtitles.uplugin" 514
"../../../Engine/Plugins/Media/ElectraPlayer/ElectraPlayer.uplugin" 515
"../../../Engine/Plugins/Media/ElectraUtil/ElectraUtil.uplugin" 516
"../../../Engine/Plugins/Media/HAPMedia/HAPMedia.uplugin" 517
"../../../Engine/Plugins/Online/IOS/OnlineSubsystemIOS/OnlineSubsystemIOS.uplugin" 518
"../../../Engine/Plugins/Media/WebMMedia/WebMMedia.uplugin" 519
"../../../Engine/Plugins/Online/VoiceChat/VoiceChat/VoiceChat.uplugin" 520
"../../../Engine/Plugins/Media/AppleProResMedia/AppleProResMedia.uplugin" 521
"../../../Engine/Plugins/Runtime/PacketHandlers/AESGCMHandlerComponent/AESGCMHandlerComponent.uplugin" 522
"../../../Engine/Plugins/Experimental/Web/WebAPI/WebAPI.uplugin" 523
"../../../Engine/Plugins/Media/AudioCaptureTimecodeProvider/AudioCaptureTimecodeProvider.uplugin" 524
"../../../Engine/Plugins/Media/LinearTimecode/LinearTimecode.uplugin" 525
"../../../Engine/Plugins/Runtime/PacketHandlers/AESHandlerComponent/AESHandlerComponent.uplugin" 526
"../../../Engine/Plugins/Media/AvfMedia/AvfMedia.uplugin" 527
"../../../Engine/Plugins/Runtime/Advertising/IOSTapJoy/IOSTapJoy.uplugin" 528
"../../../Engine/Plugins/Media/TimecodeSynchronizer/TimecodeSynchronizer.uplugin" 529
"../../../Engine/Plugins/Runtime/PacketHandlers/DTLSHandlerComponent/DTLSHandlerComponent.uplugin" 530
"../../../Engine/Plugins/Online/Android/OnlineSubsystemGooglePlay/OnlineSubsystemGooglePlay.uplugin" 531
"../../../Engine/Plugins/Media/ElectraCodecs/ElectraCodecs.uplugin" 532
"../../../Engine/Plugins/Online/Android/AndroidFetchBackgroundDownload/AndroidFetchBackgroundDownload.uplugin" 533
"../../../Engine/Plugins/Media/HAPDecoderElectra/HAPDecoderElectra.uplugin" 534
"../../../Engine/Plugins/Media/MediaCompositing/MediaCompositing.uplugin" 535
"../../../Engine/Plugins/Online/VoiceChat/EOSVoiceChat/EOSVoiceChat.uplugin" 536
"../../../Engine/Plugins/Editor/Localization/PortableObjectFileDataSource/PortableObjectFileDataSource.uplugin" 537
"../../../Engine/Plugins/Experimental/CharacterFXEditor/BaseCharacterFXEditor/BaseCharacterFXEditor.uplugin" 538
"../../../Engine/Plugins/Runtime/Windows/WinDualShock/WinDualShock.uplugin" 539
"../../../Engine/Plugins/Media/BlackmagicMedia/BlackmagicMedia.uplugin" 540
"../../../Engine/Plugins/VirtualProduction/Rivermax/RivermaxCore/RivermaxCore.uplugin" 541
"../../../Engine/Plugins/Experimental/AVCodecs/AMFCodecs/AMFCodecs.uplugin" 542
"../../../Engine/Plugins/Editor/ContentBrowser/ContentBrowserAliasDataSoure/ContentBrowserAliasDataSource.uplugin" 543
"../../../Engine/Plugins/Editor/ObjectMixer/LightMixer/LightMixer.uplugin" 544
"../../../Engine/Plugins/Runtime/MeshReconstruction/DummyMeshReconstructor/DummyMeshReconstructor.uplugin" 545
"../../../Engine/Plugins/Experimental/Animation/ContextualAnimation/ContextualAnimation.uplugin" 546
"../../../Engine/Plugins/Experimental/Animation/CurveExpression/CurveExpression.uplugin" 547
"../../../Engine/Plugins/Runtime/Windows/XInputDevice/XInputDevice.uplugin" 548
"../../../Engine/Plugins/VirtualProduction/Rivermax/RivermaxMedia/RivermaxMedia.uplugin" 549
"../../../Engine/Plugins/Runtime/Analytics/Adjust/Adjust.uplugin" 550
"../../../Engine/Plugins/Editor/ContentBrowser/ContentBrowserFileDataSource/ContentBrowserFileDataSource.uplugin" 551
"../../../Engine/Plugins/Editor/ContentBrowser/ContentBrowserAssetDataSource/ContentBrowserAssetDataSource.uplugin" 552
"../../../Engine/Plugins/Experimental/Animation/Optimus/Optimus.uplugin" 553
"../../../Engine/Plugins/Media/MediaIOFramework/MediaIOFramework.uplugin" 554
"../../../Engine/Plugins/Editor/ContentBrowser/ContentBrowserClassDataSource/ContentBrowserClassDataSource.uplugin" 555
"../../../Engine/Plugins/Experimental/Animation/SkeletalMeshModelingTools/SkeletalMeshModelingTools.uplugin" 556
"../../../Engine/Plugins/Experimental/CharacterFXEditor/ExampleCharacterFXEditor/ExampleCharacterFXEditor.uplugin" 557
"../../../Engine/Plugins/Runtime/Analytics/AnalyticsMulticast/AnalyticsMulticast.uplugin" 558
"../../../Engine/Plugins/VirtualProduction/Rivermax/RivermaxSync/RivermaxSync.uplugin" 559
"../../../Engine/Plugins/Experimental/AVCodecs/NVCodecs/NVCodecs.uplugin" 560
"../../../Engine/Plugins/Editor/ObjectMixer/ObjectMixer/ObjectMixer.uplugin" 561
"../../../Engine/Plugins/Experimental/MetaHuman/MetaHumanProjectUtilities/MetaHumanProjectUtilities.uplugin" 562
"../../../Engine/Plugins/Runtime/Analytics/AnalyticsBlueprintLibrary/AnalyticsBlueprintLibrary.uplugin" 563
"../../../Engine/Plugins/Runtime/Analytics/FileLogging/FileLogging.uplugin" 564
"../../../Engine/Plugins/Experimental/AVCodecs/WMFCodecs/WMFCodecs.uplugin" 565
"../../../Engine/Plugins/Media/VPxDecoderElectra/VPxDecoderElectra.uplugin" 566
"../../../Engine/Plugins/Runtime/AR/ARUtilities/ARUtilities.uplugin" 567
"../../../Engine/Plugins/Media/WmfMedia/WmfMedia.uplugin" 568
"../../../Engine/Plugins/Runtime/Nvidia/GeForceNOWWrapper/GeForceNOWWrapper.uplugin" 569
"../../../Engine/Plugins/Experimental/Enterprise/DataprepGeometryOperations/DataprepGeometryOperations.uplugin" 570
"../../../Engine/Plugins/Runtime/AR/AzureSpatialAnchorsForARKit/AzureSpatialAnchorsForARKit.uplugin" 571
"../../../Engine/Plugins/Runtime/Database/ADOSupport/ADOSupport.uplugin" 572
"../../../Engine/Plugins/Experimental/AVCodecs/VTCodecs/VTCodecs.uplugin" 573
"../../../Engine/Plugins/VirtualProduction/DMX/DMXDisplayCluster/DMXDisplayCluster.uplugin" 574
"../../../Engine/Plugins/Animation/MLDeformer/MLDeformerFramework/MLDeformerFramework.uplugin" 575
"../../../Engine/Plugins/Experimental/Enterprise/DatasmithInterchange/DatasmithInterchange.uplugin" 576
"../../../Engine/Plugins/Runtime/AR/AzureSpatialAnchorsForARCore/AzureSpatialAnchorsForARCore.uplugin" 577
"../../../Engine/Plugins/Experimental/Enterprise/DatasmithRuntime/DatasmithRuntime.uplugin" 578
"../../../Engine/Plugins/Experimental/AVCodecs/AVCodecsCore/AVCodecsCore.uplugin" 579
"../../../Engine/Plugins/Runtime/Nvidia/Reflex/Reflex.uplugin" 580
"../../../Engine/Plugins/VirtualProduction/DMX/DMXFixtures/DMXFixtures.uplugin" 581
"../../../Engine/Plugins/Runtime/Analytics/Flurry/Flurry.uplugin" 582
"../../../Engine/Plugins/Runtime/Steam/SteamShared/SteamShared.uplugin" 583
"../../../Engine/Plugins/Runtime/AR/AzureSpatialAnchors/AzureSpatialAnchors.uplugin" 584
"../../../Engine/Plugins/Runtime/Steam/SteamController/SteamController.uplugin" 585
"../../../Engine/Plugins/VirtualProduction/DMX/DMXPixelMapping/DMXPixelMapping.uplugin" 586
"../../../Engine/Plugins/Developer/Concert/ConcertMain/ConcertMain.uplugin" 587
"../../../Engine/Plugins/Runtime/Database/DatabaseSupport/DatabaseSupport.uplugin" 588
"../../../Engine/Plugins/Animation/MLDeformer/VertexDeltaModel/VertexDeltaModel.uplugin" 589
"../../../Engine/Plugins/VirtualProduction/DMX/DMXEngine/DMXEngine.uplugin" 590
"../../../Engine/Plugins/Runtime/XR/XRVisualization/XRVisualization.uplugin" 591
"../../../Engine/Plugins/Animation/MLDeformer/ChaosClothGenerator/ChaosClothGenerator.uplugin" 592
"../../../Engine/Plugins/Animation/MLDeformer/NearestNeighborModel/NearestNeighborModel.uplugin" 593
"../../../Engine/Plugins/VirtualProduction/DMX/DMXProtocol/DMXProtocol.uplugin" 594
"../../../Engine/Plugins/Animation/MLDeformer/NeuralMorphModel/NeuralMorphModel.uplugin" 595
"../../../Engine/Plugins/Experimental/VirtualProduction/VPRoles/VPRoles.uplugin" 596
"../../../Engine/Plugins/Developer/Concert/ConcertScripting/ConcertReplicationScripting/ConcertReplicationScripting.uplugin" 597
"../../../Engine/Plugins/VirtualProduction/DMX/DMXModularFeatures/DMXModularFeatures.uplugin" 598
"../../../Engine/Plugins/Runtime/Database/SQLiteCore/SQLiteCore.uplugin" 599
"../../../Engine/Plugins/Runtime/Database/SQLiteSupport/SQLiteSupport.uplugin" 600
"../../../Engine/Plugins/Runtime/AR/Google/GoogleARCore/GoogleARCore.uplugin" 601
"../../../Engine/Plugins/Runtime/AR/AppleAR/AppleARKit/AppleARKit.uplugin" 602
"../../../Engine/Plugins/Runtime/AR/Google/GoogleARCoreServices/GoogleARCoreServices.uplugin" 603
"../../../Engine/Plugins/Developer/Concert/ConcertApp/DisasterRecoveryClient/DisasterRecoveryClient.uplugin" 604
"../../../Engine/Plugins/Runtime/Steam/SteamAudio/SteamAudio.uplugin" 605
"../../../Engine/Plugins/VirtualProduction/DMX/DMXControlConsole/DMXControlConsole.uplugin" 606
"../../../Engine/Plugins/Developer/Concert/ConcertApp/MultiUserServer/MultiUserServer.uplugin" 607
"../../../Engine/Plugins/Runtime/XR/XRScribe/XRScribe.uplugin" 608
"../../../Engine/Plugins/Developer/Concert/ConcertApp/MultiUserClient/MultiUserClient.uplugin" 609
"../../../Engine/Plugins/Experimental/VirtualProduction/VPSettings/VPSettings.uplugin" 610
"../../../Engine/Plugins/Runtime/AR/AppleAR/AppleARKitFaceSupport/AppleARKitFaceSupport.uplugin" 611
"../../../Engine/Plugins/Developer/Concert/ConcertSync/ConcertSyncTest/ConcertSyncTest.uplugin" 612
"../../../Engine/Plugins/Experimental/Animation/MotionTrajectory/MotionTrajectory.uplugin" 613
"../../../Engine/Plugins/VirtualProduction/DMX/DatasmithMVR/DatasmithMVR.uplugin" 614
"../../../Engine/Plugins/Developer/Concert/ConcertUI/ConcertSharedSlate/ConcertSharedSlate.uplugin" 615
"../../../Engine/Plugins/Runtime/Database/RemoteDatabaseSupport/RemoteDatabaseSupport.uplugin" 616
"../../../Engine/Plugins/Developer/Concert/ConcertUI/ConcertClientSharedSlate/ConcertClientSharedSlate.uplugin" 617
"../../../Engine/Plugins/Experimental/VirtualProduction/LedWallCalibration/LedWallCalibration.uplugin" 618
"../../../Engine/Plugins/Developer/Concert/ConcertSync/ConcertSyncServer/ConcertSyncServer.uplugin" 619
"../../../Engine/Plugins/Developer/Concert/ConcertSync/ConcertSyncCore/ConcertSyncCore.uplugin" 620
"../../../Engine/Plugins/Developer/Concert/ConcertSync/ConcertSyncClient/ConcertSyncClient.uplugin" 621
"../../../Engine/Plugins/Runtime/Steam/SteamSockets/SteamSockets.uplugin" 622
"../../../Engine/Platforms/VisionOS/Plugins/Compression/OodleNetwork/OodleNetwork_VisionOS.uplugin" 623
"../../../Engine/Platforms/VisionOS/Plugins/Runtime/OpenXRHandTracking/OpenXRHandTracking_VisionOS.uplugin" 624
"../../../Engine/Platforms/VisionOS/Plugins/Runtime/OpenXR/OpenXR_VisionOS.uplugin" 625
"../../../Engine/Platforms/VisionOS/Plugins/Runtime/OpenXRVisionOS/OpenXRVisionOS.uplugin" 626
"../../../Engine/Content/Internationalization/icudt64l/cnvalias.icu" 627
"../../../Engine/Content/Internationalization/icudt64l/res_index.res" 628
"../../../Engine/Content/Internationalization/icudt64l/plurals.res" 629
"../../../Engine/Content/Internationalization/icudt64l/lang/zh_CN.res" 630
"../../../Engine/Content/Internationalization/icudt64l/lang/pool.res" 631
"../../../Engine/Content/Internationalization/icudt64l/lang/zh_Hans_CN.res" 632
"../../../Engine/Content/Internationalization/icudt64l/lang/zh_Hans.res" 633
"../../../Engine/Content/Internationalization/icudt64l/lang/zh.res" 634
"../../../Engine/Content/Internationalization/icudt64l/lang/root.res" 635
"../../../Engine/Content/Internationalization/icudt64l/region/zh_CN.res" 636
"../../../Engine/Content/Internationalization/icudt64l/region/pool.res" 637
"../../../Engine/Content/Internationalization/icudt64l/region/zh_Hans_CN.res" 638
"../../../Engine/Content/Internationalization/icudt64l/region/zh_Hans.res" 639
"../../../Engine/Content/Internationalization/icudt64l/region/zh.res" 640
"../../../Engine/Content/Internationalization/icudt64l/region/root.res" 641
"../../../Engine/Content/Internationalization/icudt64l/lang/en.res" 642
"../../../Engine/Content/Internationalization/icudt64l/region/en.res" 643
"../../../Engine/Content/Internationalization/icudt64l/windowsZones.res" 644
"../../../Engine/Content/Internationalization/icudt64l/zoneinfo64.res" 645
"../../../Engine/Content/Internationalization/icudt64l/keyTypeData.res" 646
"../../../Engine/Content/Internationalization/icudt64l/timezoneTypes.res" 647
"../../../Engine/Content/Internationalization/icudt64l/likelySubtags.res" 648
"../../../Engine/Content/Internationalization/icudt64l/zh_CN.res" 649
"../../../Engine/Content/Internationalization/icudt64l/pool.res" 650
"../../../Engine/Content/Internationalization/icudt64l/zh_Hans_CN.res" 651
"../../../Engine/Content/Internationalization/icudt64l/zh_Hans.res" 652
"../../../Engine/Content/Internationalization/icudt64l/zh.res" 653
"../../../Engine/Content/Internationalization/icudt64l/root.res" 654
"../../../Engine/Content/Internationalization/icudt64l/supplementalData.res" 655
"../../../Engine/Config/ConfigRedirects.ini" 656
"C:/Users/Mike/AppData/Local/UnrealEngine/5.4/Saved/Config/WindowsEditor/Manifest.ini" 657
"../../../Engine/Config/BaseEngine.ini" 658
"../../../Engine/Config/Windows/BaseWindowsEngine.ini" 659
"E:/Unreal Projects/MyPokemonDemo/Config/DefaultEngine.ini" 660
"../../../Engine/Config/Windows/WindowsEngine.ini" 661
"../../../Engine/Config/BaseGame.ini" 662
"E:/Unreal Projects/MyPokemonDemo/Config/DefaultGame.ini" 663
"../../../Engine/Config/Windows/WindowsGame.ini" 664
"E:/Unreal Projects/MyPokemonDemo/Saved/Config/WindowsEditor/Game.ini" 665
"../../../Engine/Config/BaseInput.ini" 666
"E:/Unreal Projects/MyPokemonDemo/Config/DefaultInput.ini" 667
"../../../Engine/Config/Windows/WindowsInput.ini" 668
"../../../Engine/Config/BaseDeviceProfiles.ini" 669
"../../../Engine/Config/BaseGameUserSettings.ini" 670
"E:/Unreal Projects/MyPokemonDemo/Saved/Config/WindowsEditor/GameUserSettings.ini" 671
"../../../Engine/Config/BaseScalability.ini" 672
"../../../Engine/Config/BaseRuntimeOptions.ini" 673
"../../../Engine/Config/BaseInstallBundle.ini" 674
"../../../Engine/Config/BaseHardware.ini" 675
"../../../Engine/Config/BaseCompat.ini" 676
"../../../Engine/Config/BaseLightmass.ini" 677
"../../../Engine/Config/BaseEditor.ini" 678
"E:/Unreal Projects/MyPokemonDemo/Config/DefaultEditor.ini" 679
"E:/Unreal Projects/MyPokemonDemo/Saved/Config/WindowsEditor/Editor.ini" 680
"../../../Engine/Config/BaseEditorPerProjectUserSettings.ini" 681
"../../../Engine/Config/Windows/WindowsEditorPerProjectUserSettings.ini" 682
"E:/Unreal Projects/MyPokemonDemo/Saved/Config/WindowsEditor/EditorPerProjectUserSettings.ini" 683
"../../../Engine/Config/BaseEditorSettings.ini" 684
"C:/Users/Mike/AppData/Local/UnrealEngine/5.4/Saved/Config/WindowsEditor/EditorSettings.ini" 685
"../../../Engine/Config/BaseEditorKeyBindings.ini" 686
"C:/Users/Mike/AppData/Local/UnrealEngine/5.4/Saved/Config/WindowsEditor/EditorLayout.ini" 687
"E:/Unreal Projects/MyPokemonDemo/Binaries/Win64/MyPokemonDemo-Win64-Shipping.target" 688
"../../../Engine/Config/Android/BaseAndroidEngine.ini" 689
"../../../Engine/Config/IOS/BaseIOSEngine.ini" 690
"../../../Engine/Config/Android/AndroidEngine.ini" 691
"../../../Engine/Config/Linux/BaseLinuxEngine.ini" 692
"../../../Engine/Config/Mac/BaseMacEngine.ini" 693
"../../../Engine/Config/LinuxArm64/BaseLinuxArm64Engine.ini" 694
"E:/Unreal Projects/MyPokemonDemo/Binaries/Win64/MyPokemonDemoEditor.target" 695
"../../../Engine/Platforms/VisionOS/Config/BaseVisionOSEngine.ini" 696
"../../../Engine/Config/Unix/UnixEngine.ini" 697
"../../../Engine/Config/TVOS/TVOSEngine.ini" 698
"../../../Engine/Config/Linux/LinuxEngine.ini" 699
"../../../Engine/Config/Android/BaseAndroidGame.ini" 700
"../../../Engine/Config/LinuxArm64/LinuxArm64Engine.ini" 701
"../../../Engine/Config/IOS/BaseIOSGame.ini" 702
"../../../Engine/Config/IOS/IOSGame.ini" 703
"../../../Engine/Config/Mac/MacGame.ini" 704
"../../../Engine/Config/Mac/BaseMacInput.ini" 705
"../../../Engine/Config/Linux/LinuxGame.ini" 706
"../../../Engine/Config/Android/AndroidScalability.ini" 707
"../../../Engine/Config/IOS/IOSScalability.ini" 708
"../../../Engine/Config/Android/BaseAndroidInstallBundle.ini" 709
"../../../Engine/Config/PluginBase.ini" 710
"../../../Engine/Plugins/ChaosVD/Config/Engine.ini" 711
"../../../Engine/Plugins/EnhancedInput/Config/BaseEnhancedInput.ini" 712
"../../../Engine/Plugins/EnhancedInput/Config/Input.ini" 713
"../../../Engine/Plugins/Fab/Config/BaseFab.ini" 714
"../../../Engine/Plugins/TraceUtilities/Config/BaseTraceUtilities.ini" 715
"../../../Engine/Plugins/Animation/ControlRig/Config/BaseControlRig.ini" 716
"../../../Engine/Plugins/Animation/DeformerGraph/Config/BaseDeformerGraph.ini" 717
"../../../Engine/Plugins/Animation/LiveLink/Config/BaseLiveLink.ini" 718
"../../../Engine/Plugins/Animation/IKRig/Config/BaseIKRig.ini" 719
"../../../Engine/Plugins/Developer/TraceDataFiltering/Config/BaseTraceDataFilters.ini" 720
"../../../Engine/Plugins/Runtime/HairStrands/Config/BaseHairStrands.ini" 721
"../../../Engine/Plugins/Runtime/InputDebugging/Config/Input.ini" 722
"../../../Engine/Plugins/Runtime/Metasound/Config/BaseMetasound.ini" 723
"../../../Engine/Plugins/Runtime/Metasound/Config/DefaultMetasound.ini" 724
"../../../Engine/Plugins/Runtime/Synthesis/Config/BaseSynthesis.ini" 725
"../../../Engine/Plugins/Editor/EditorScriptingUtilities/Config/BaseEditorScriptingUtilities.ini" 726
"../../../Engine/Plugins/Enterprise/DatasmithContent/Config/BaseDatasmithContent.ini" 727
"../../../Engine/Plugins/Enterprise/GLTFExporter/Config/BaseGLTFExporter.ini" 728
"../../../Engine/Plugins/Enterprise/GLTFExporter/Config/DefaultGLTFExporter.ini" 729
"../../../Engine/Plugins/Enterprise/MDLImporter/Config/BaseMDLImporter.ini" 730
"../../../Engine/Plugins/Enterprise/VariantManagerContent/Config/BaseVariantManagerContent.ini" 731
"../../../Engine/Plugins/Experimental/FullBodyIK/Config/BaseFullBodyIK.ini" 732
"../../../Engine/Plugins/Experimental/StructUtils/Config/BaseStructUtils.ini" 733
"../../../Engine/Plugins/Experimental/ToolPresets/Config/BaseToolPresets.ini" 734
"../../../Engine/Plugins/Interchange/Runtime/Config/BaseInterchange.ini" 735
"../../../Engine/Plugins/2D/Paper2D/Config/BasePaper2D.ini" 736
"../../../Engine/Plugins/FX/Niagara/Config/BaseNiagara.ini" 737
"../../../Engine/Plugins/Experimental/MetaHuman/MetaHumanProjectUtilities/Config/BaseMetaHumanProjectUtilities.ini" 738
"../../../Engine/Plugins/Editor/ModelingToolsEditorMode/Binaries/Win64/UnrealEditor.modules" 739
"../../../Engine/Plugins/Runtime/MeshModelingToolset/Binaries/Win64/UnrealEditor.modules" 740
"../../../Engine/Plugins/Experimental/MeshModelingToolsetExp/Binaries/Win64/UnrealEditor.modules" 741
"../../../Engine/Plugins/Editor/MeshLODToolset/Binaries/Win64/UnrealEditor.modules" 742
"../../../Engine/Plugins/Experimental/ToolPresets/Binaries/Win64/UnrealEditor.modules" 743
"../../../Engine/Plugins/Runtime/GeometryProcessing/Binaries/Win64/UnrealEditor.modules" 744
"../../../Engine/Plugins/Editor/ProxyLODPlugin/Binaries/Win64/UnrealEditor.modules" 745
"../../../Engine/Plugins/Experimental/PlanarCutPlugin/Binaries/Win64/UnrealEditor.modules" 746
"../../../Engine/Plugins/Experimental/GeometryFlow/Binaries/Win64/UnrealEditor.modules" 747
"../../../Engine/Plugins/Editor/EditorScriptingUtilities/Binaries/Win64/UnrealEditor.modules" 748
"../../../Engine/Plugins/Bridge/Binaries/Win64/UnrealEditor.modules" 749
"../../../Engine/Plugins/Experimental/MetaHuman/MetaHumanProjectUtilities/Binaries/Win64/UnrealEditor.modules" 750
"../../../Engine/Plugins/ChaosCloth/Binaries/Win64/UnrealEditor.modules" 751
"../../../Engine/Plugins/Experimental/ChaosCaching/Binaries/Win64/UnrealEditor.modules" 752
"../../../Engine/Plugins/VirtualProduction/Takes/Binaries/Win64/UnrealEditor.modules" 753
"../../../Engine/Plugins/Runtime/AudioCapture/Binaries/Win64/UnrealEditor.modules" 754
"../../../Engine/Plugins/MovieScene/LevelSequenceEditor/Binaries/Win64/UnrealEditor.modules" 755
"../../../Engine/Plugins/MovieScene/SequencerScripting/Binaries/Win64/UnrealEditor.modules" 756
"../../../Engine/Plugins/Experimental/PythonScriptPlugin/Binaries/Win64/UnrealEditor.modules" 757
"../../../Engine/Plugins/Editor/ContentBrowser/ContentBrowserFileDataSource/Binaries/Win64/UnrealEditor.modules" 758
"../../../Engine/Plugins/ChaosVD/Binaries/Win64/UnrealEditor.modules" 759
"../../../Engine/Plugins/CmdLinkServer/Binaries/Win64/UnrealEditor.modules" 760
"../../../Engine/Plugins/EnhancedInput/Binaries/Win64/UnrealEditor.modules" 761
"../../../Engine/Plugins/Fab/Binaries/Win64/UnrealEditor.modules" 762
"../../../Engine/Plugins/Interchange/Runtime/Binaries/Win64/UnrealEditor.modules" 763
"../../../Engine/Plugins/Online/EOSShared/Binaries/Win64/UnrealEditor.modules" 764
"../../../Engine/Plugins/Enterprise/VariantManagerContent/Binaries/Win64/UnrealEditor.modules" 765
"../../../Engine/Plugins/Enterprise/VariantManager/Binaries/Win64/UnrealEditor.modules" 766
"../../../Engine/Plugins/FastBuildController/Binaries/Win64/UnrealEditor.modules" 767
"../../../Engine/Plugins/MeshPainting/Binaries/Win64/UnrealEditor.modules" 768
"../../../Engine/Plugins/Interchange/Editor/Binaries/Win64/UnrealEditor.modules" 769
"../../../Engine/Plugins/RenderGraphInsights/Binaries/Win64/UnrealEditor.modules" 770
"../../../Engine/Plugins/TraceUtilities/Binaries/Win64/UnrealEditor.modules" 771
"../../../Engine/Plugins/WorldMetrics/Binaries/Win64/UnrealEditor.modules" 772
"../../../Engine/Plugins/XGEController/Binaries/Win64/UnrealEditor.modules" 773
"../../../Engine/Plugins/Messaging/UdpMessaging/Binaries/Win64/UnrealEditor.modules" 774
"../../../Engine/Plugins/Messaging/TcpMessaging/Binaries/Win64/UnrealEditor.modules" 775
"../../../Engine/Plugins/MovieScene/ActorSequence/Binaries/Win64/UnrealEditor.modules" 776
"../../../Engine/Plugins/AI/AISupport/Binaries/Win64/UnrealEditor.modules" 777
"../../../Engine/Plugins/AI/EnvironmentQueryEditor/Binaries/Win64/UnrealEditor.modules" 778
"../../../Engine/Plugins/Cameras/CameraShakePreviewer/Binaries/Win64/UnrealEditor.modules" 779
"../../../Engine/Plugins/Cameras/GameplayCameras/Binaries/Win64/UnrealEditor.modules" 780
"../../../Engine/Plugins/MovieScene/TemplateSequence/Binaries/Win64/UnrealEditor.modules" 781
"../../../Engine/Plugins/Animation/ACLPlugin/Binaries/Win64/UnrealEditor.modules" 782
"../../../Engine/Plugins/Online/OnlineBase/Binaries/Win64/UnrealEditor.modules" 783
"../../../Engine/Plugins/Animation/AnimationData/Binaries/Win64/UnrealEditor.modules" 784
"../../../Engine/Plugins/Animation/ControlRig/Binaries/Win64/UnrealEditor.modules" 785
"../../../Engine/Plugins/Runtime/RigVM/Binaries/Win64/UnrealEditor.modules" 786
"../../../Engine/Plugins/Runtime/PropertyAccess/Binaries/Win64/UnrealEditor.modules" 787
"../../../Engine/Plugins/Experimental/StructUtils/Binaries/Win64/UnrealEditor.modules" 788
"../../../Engine/Plugins/Animation/AnimationModifierLibrary/Binaries/Win64/UnrealEditor.modules" 789
"../../../Engine/Plugins/Online/OnlineSubsystem/Binaries/Win64/UnrealEditor.modules" 790
"../../../Engine/Plugins/Animation/BlendSpaceMotionAnalysis/Binaries/Win64/UnrealEditor.modules" 791
"../../../Engine/Plugins/Animation/ControlRigSpline/Binaries/Win64/UnrealEditor.modules" 792
"../../../Engine/Plugins/Animation/IKRig/Binaries/Win64/UnrealEditor.modules" 793
"../../../Engine/Plugins/Experimental/FullBodyIK/Binaries/Win64/UnrealEditor.modules" 794
"../../../Engine/Plugins/Portal/LauncherChunkInstaller/Binaries/Win64/UnrealEditor.modules" 795
"../../../Engine/Plugins/Compression/OodleNetwork/Binaries/Win64/UnrealEditor.modules" 796
"../../../Engine/Plugins/Online/OnlineSubsystemUtils/Binaries/Win64/UnrealEditor.modules" 797
"../../../Engine/Plugins/Online/OnlineServices/Binaries/Win64/UnrealEditor.modules" 798
"../../../Engine/Plugins/Online/OnlineSubsystemNull/Binaries/Win64/UnrealEditor.modules" 799
"../../../Engine/Plugins/Runtime/ActorLayerUtilities/Binaries/Win64/UnrealEditor.modules" 800
"../../../Engine/Plugins/Runtime/AndroidDeviceProfileSelector/Binaries/Win64/UnrealEditor.modules" 801
"../../../Engine/Plugins/Runtime/AndroidFileServer/Binaries/Win64/UnrealEditor.modules" 802
"../../../Engine/Plugins/Runtime/AndroidPermission/Binaries/Win64/UnrealEditor.modules" 803
"../../../Engine/Plugins/Developer/AnimationSharing/Binaries/Win64/UnrealEditor.modules" 804
"../../../Engine/Plugins/Runtime/SignificanceManager/Binaries/Win64/UnrealEditor.modules" 805
"../../../Engine/Plugins/Developer/CLionSourceCodeAccess/Binaries/Win64/UnrealEditor.modules" 806
"../../../Engine/Plugins/Developer/DumpGPUServices/Binaries/Win64/UnrealEditor.modules" 807
"../../../Engine/Plugins/Runtime/AppleImageUtils/Binaries/Win64/UnrealEditor.modules" 808
"../../../Engine/Plugins/Developer/GitSourceControl/Binaries/Win64/UnrealEditor.modules" 809
"../../../Engine/Plugins/Developer/N10XSourceCodeAccess/Binaries/Win64/UnrealEditor.modules" 810
"../../../Engine/Plugins/Developer/PerforceSourceControl/Binaries/Win64/UnrealEditor.modules" 811
"../../../Engine/Plugins/Developer/PixWinPlugin/Binaries/Win64/UnrealEditor.modules" 812
"../../../Engine/Plugins/Developer/PlasticSourceControl/Binaries/Win64/UnrealEditor.modules" 813
"../../../Engine/Plugins/Developer/PluginUtils/Binaries/Win64/UnrealEditor.modules" 814
"../../../Engine/Plugins/Developer/PropertyAccessNode/Binaries/Win64/UnrealEditor.modules" 815
"../../../Engine/Plugins/Developer/RenderDocPlugin/Binaries/Win64/UnrealEditor.modules" 816
"../../../Engine/Plugins/Developer/RiderSourceCodeAccess/Binaries/Win64/UnrealEditor.modules" 817
"../../../Engine/Plugins/Developer/SubversionSourceControl/Binaries/Win64/UnrealEditor.modules" 818
"../../../Engine/Plugins/Developer/TextureFormatOodle/Binaries/Win64/UnrealEditor.modules" 819
"../../../Engine/Plugins/Developer/TraceDataFiltering/Binaries/Win64/UnrealEditor.modules" 820
"../../../Engine/Plugins/Developer/UObjectPlugin/Binaries/Win64/UnrealEditor.modules" 821
"../../../Engine/Plugins/Developer/VisualStudioCodeSourceCodeAccess/Binaries/Win64/UnrealEditor.modules" 822
"../../../Engine/Plugins/Developer/VisualStudioSourceCodeAccess/Binaries/Win64/UnrealEditor.modules" 823
"../../../Engine/Plugins/Runtime/ArchVisCharacter/Binaries/Win64/UnrealEditor.modules" 824
"../../../Engine/Plugins/Runtime/AssetTags/Binaries/Win64/UnrealEditor.modules" 825
"../../../Engine/Plugins/Runtime/CableComponent/Binaries/Win64/UnrealEditor.modules" 826
"../../../Engine/Plugins/Runtime/ChunkDownloader/Binaries/Win64/UnrealEditor.modules" 827
"../../../Engine/Plugins/Runtime/CustomMeshComponent/Binaries/Win64/UnrealEditor.modules" 828
"../../../Engine/Plugins/Runtime/ExampleDeviceProfileSelector/Binaries/Win64/UnrealEditor.modules" 829
"../../../Engine/Plugins/Runtime/GeometryCache/Binaries/Win64/UnrealEditor.modules" 830
"../../../Engine/Plugins/FX/Niagara/Binaries/Win64/UnrealEditor.modules" 831
"../../../Engine/Plugins/Runtime/GooglePAD/Binaries/Win64/UnrealEditor.modules" 832
"../../../Engine/Plugins/Runtime/InputDebugging/Binaries/Win64/UnrealEditor.modules" 833
"../../../Engine/Plugins/Runtime/LocationServicesBPLibrary/Binaries/Win64/UnrealEditor.modules" 834
"../../../Engine/Plugins/Runtime/Metasound/Binaries/Win64/UnrealEditor.modules" 835
"../../../Engine/Plugins/Runtime/AudioWidgets/Binaries/Win64/UnrealEditor.modules" 836
"../../../Engine/Plugins/Runtime/AudioSynesthesia/Binaries/Win64/UnrealEditor.modules" 837
"../../../Engine/Plugins/Runtime/WaveTable/Binaries/Win64/UnrealEditor.modules" 838
"../../../Engine/Plugins/Runtime/MobilePatchingUtils/Binaries/Win64/UnrealEditor.modules" 839
"../../../Engine/Plugins/Runtime/MsQuic/Binaries/Win64/UnrealEditor.modules" 840
"../../../Engine/Plugins/Runtime/ProceduralMeshComponent/Binaries/Win64/UnrealEditor.modules" 841
"../../../Engine/Plugins/Runtime/ResonanceAudio/Binaries/Win64/UnrealEditor.modules" 842
"../../../Engine/Plugins/Runtime/SoundFields/Binaries/Win64/UnrealEditor.modules" 843
"../../../Engine/Plugins/Editor/AssetManagerEditor/Binaries/Win64/UnrealEditor.modules" 844
"../../../Engine/Plugins/Editor/BlueprintHeaderView/Binaries/Win64/UnrealEditor.modules" 845
"../../../Engine/Plugins/Runtime/Synthesis/Binaries/Win64/UnrealEditor.modules" 846
"../../../Engine/Plugins/Runtime/WebMMoviePlayer/Binaries/Win64/UnrealEditor.modules" 847
"../../../Engine/Plugins/Media/WebMMedia/Binaries/Win64/UnrealEditor.modules" 848
"../../../Engine/Plugins/Runtime/WindowsMoviePlayer/Binaries/Win64/UnrealEditor.modules" 849
"../../../Engine/Plugins/Runtime/WindowsDeviceProfileSelector/Binaries/Win64/UnrealEditor.modules" 850
"../../../Engine/Plugins/Editor/ChangelistReview/Binaries/Win64/UnrealEditor.modules" 851
"../../../Engine/Plugins/Editor/CryptoKeys/Binaries/Win64/UnrealEditor.modules" 852
"../../../Engine/Plugins/Editor/CurveEditorTools/Binaries/Win64/UnrealEditor.modules" 853
"../../../Engine/Plugins/Editor/DataValidation/Binaries/Win64/UnrealEditor.modules" 854
"../../../Engine/Plugins/Editor/EditorDebugTools/Binaries/Win64/UnrealEditor.modules" 855
"../../../Engine/Plugins/Tests/InterchangeTests/Binaries/Win64/UnrealEditor.modules" 856
"../../../Engine/Plugins/Editor/EngineAssetDefinitions/Binaries/Win64/UnrealEditor.modules" 857
"../../../Engine/Plugins/Editor/FacialAnimation/Binaries/Win64/UnrealEditor.modules" 858
"../../../Engine/Plugins/Editor/GameplayTagsEditor/Binaries/Win64/UnrealEditor.modules" 859
"../../../Engine/Plugins/Enterprise/DatasmithContent/Binaries/Win64/UnrealEditor.modules" 860
"../../../Engine/Plugins/Editor/GeometryMode/Binaries/Win64/UnrealEditor.modules" 861
"../../../Engine/Plugins/Editor/MobileLauncherProfileWizard/Binaries/Win64/UnrealEditor.modules" 862
"../../../Engine/Plugins/Editor/MaterialAnalyzer/Binaries/Win64/UnrealEditor.modules" 863
"../../../Engine/Plugins/Editor/PluginBrowser/Binaries/Win64/UnrealEditor.modules" 864
"../../../Engine/Plugins/Editor/SequencerAnimTools/Binaries/Win64/UnrealEditor.modules" 865
"../../../Engine/Plugins/Editor/SpeedTreeImporter/Binaries/Win64/UnrealEditor.modules" 866
"../../../Engine/Plugins/Editor/UVEditor/Binaries/Win64/UnrealEditor.modules" 867
"../../../Engine/Plugins/Editor/WorldPartitionHLODUtilities/Binaries/Win64/UnrealEditor.modules" 868
"../../../Engine/Plugins/Enterprise/GLTFExporter/Binaries/Win64/UnrealEditor.modules" 869
"../../../Engine/Plugins/Experimental/BackChannel/Binaries/Win64/UnrealEditor.modules" 870
"../../../Engine/Plugins/Experimental/AutomationUtils/Binaries/Win64/UnrealEditor.modules" 871
"../../../Engine/Plugins/Experimental/ChaosEditor/Binaries/Win64/UnrealEditor.modules" 872
"../../../Engine/Plugins/Experimental/GeometryCollectionPlugin/Binaries/Win64/UnrealEditor.modules" 873
"../../../Engine/Plugins/Experimental/Fracture/Binaries/Win64/UnrealEditor.modules" 874
"../../../Engine/Plugins/Experimental/ChaosSolverPlugin/Binaries/Win64/UnrealEditor.modules" 875
"../../../Engine/Plugins/Experimental/Dataflow/Binaries/Win64/UnrealEditor.modules" 876
"../../../Engine/Plugins/Experimental/CharacterFXEditor/BaseCharacterFXEditor/Binaries/Win64/UnrealEditor.modules" 877
"../../../Engine/Plugins/Experimental/ChaosNiagara/Binaries/Win64/UnrealEditor.modules" 878
"../../../Engine/Plugins/Experimental/ChaosUserDataPT/Binaries/Win64/UnrealEditor.modules" 879
"../../../Engine/Plugins/Experimental/CharacterAI/Binaries/Win64/UnrealEditor.modules" 880
"../../../Engine/Plugins/Experimental/LocalizableMessage/Binaries/Win64/UnrealEditor.modules" 881
"../../../Engine/Plugins/Experimental/OpenImageDenoise/Binaries/Win64/UnrealEditor.modules" 882
"../../../Engine/Plugins/Experimental/PlatformCrypto/Binaries/Win64/UnrealEditor.modules" 883
"../../../Engine/Plugins/Experimental/SkeletalReduction/Binaries/Win64/UnrealEditor.modules" 884
"../../../Engine/Plugins/Experimental/StudioTelemetry/Binaries/Win64/UnrealEditor.modules" 885
"../../../Engine/Plugins/Marketplace/FabLauncher/Binaries/Win64/UnrealEditor.modules" 886
"../../../Engine/Plugins/Importers/USDImporter/Binaries/Win64/UnrealEditor.modules" 887
"../../../Engine/Plugins/Importers/AlembicImporter/Binaries/Win64/UnrealEditor.modules" 888
"../../../Engine/Plugins/Runtime/Analytics/AnalyticsBlueprintLibrary/Binaries/Win64/UnrealEditor.modules" 889
"../../../Engine/Plugins/Animation/LiveLink/Binaries/Win64/UnrealEditor.modules" 890
"../../../Engine/Plugins/Enterprise/MDLImporter/Binaries/Win64/UnrealEditor.modules" 891
"../../../Engine/Plugins/Runtime/HairStrands/Binaries/Win64/UnrealEditor.modules" 892
"../../../Engine/Plugins/Editor/ContentBrowser/ContentBrowserAssetDataSource/Binaries/Win64/UnrealEditor.modules" 893
"../../../Engine/Plugins/Animation/DeformerGraph/Binaries/Win64/UnrealEditor.modules" 894
"../../../Engine/Plugins/Runtime/ComputeFramework/Binaries/Win64/UnrealEditor.modules" 895
"../../../Engine/Plugins/2D/Paper2D/Binaries/Win64/UnrealEditor.modules" 896
"../../../Engine/Plugins/FX/NiagaraSimCaching/Binaries/Win64/UnrealEditor.modules" 897
"../../../Engine/Plugins/Media/AndroidMedia/Binaries/Win64/UnrealEditor.modules" 898
"../../../Engine/Plugins/Media/AvfMedia/Binaries/Win64/UnrealEditor.modules" 899
"../../../Engine/Plugins/Media/ImgMedia/Binaries/Win64/UnrealEditor.modules" 900
"../../../Engine/Plugins/Media/MediaPlayerEditor/Binaries/Win64/UnrealEditor.modules" 901
"../../../Engine/Plugins/Media/MediaCompositing/Binaries/Win64/UnrealEditor.modules" 902
"../../../Engine/Plugins/Media/MediaPlate/Binaries/Win64/UnrealEditor.modules" 903
"../../../Engine/Plugins/Media/WmfMedia/Binaries/Win64/UnrealEditor.modules" 904
"../../../Engine/Plugins/Editor/Localization/PortableObjectFileDataSource/Binaries/Win64/UnrealEditor.modules" 905
"../../../Engine/Plugins/Editor/ContentBrowser/ContentBrowserClassDataSource/Binaries/Win64/UnrealEditor.modules" 906
"../../../Engine/Plugins/Editor/ObjectMixer/LightMixer/Binaries/Win64/UnrealEditor.modules" 907
"../../../Engine/Plugins/Editor/ObjectMixer/ObjectMixer/Binaries/Win64/UnrealEditor.modules" 908
"../../../Engine/Plugins/Runtime/Windows/XInputDevice/Binaries/Win64/UnrealEditor.modules" 909
"../../../Engine/Config/BaseSourceControlSettings.ini" 910
"../../../Engine/Content/Internationalization/icudt64l/coll/ucadata.icu" 911
"../../../Engine/Content/Internationalization/icudt64l/coll/zh_CN.res" 912
"../../../Engine/Content/Internationalization/icudt64l/coll/zh_Hans_CN.res" 913
"../../../Engine/Content/Internationalization/icudt64l/coll/zh_Hans.res" 914
"../../../Engine/Content/Internationalization/icudt64l/coll/zh.res" 915
"../../../Engine/Content/Internationalization/icudt64l/coll/root.res" 916
"../../../Engine/Content/Certificates/ThirdParty/cacert.pem" 917
"../../../Engine/Config/ConsoleVariables.ini" 918
"../../../Engine/Binaries/Win64/Android/UnrealEditor.modules" 919
"../../../Engine/Binaries/Win64/IOS/UnrealEditor.modules" 920
"../../../Engine/Binaries/Win64/Linux/UnrealEditor.modules" 921
"../../../Engine/Binaries/Win64/LinuxArm64/UnrealEditor.modules" 922
"../../../Engine/Content/Localization/Editor/zh-Hans/Editor.locres" 923
"../../../Engine/Content/Localization/EditorTutorials/zh-Hans/EditorTutorials.locres" 924
"../../../Engine/Content/Localization/Keywords/zh-Hans/Keywords.locres" 925
"../../../Engine/Content/Localization/Category/zh-Hans/Category.locres" 926
"../../../Engine/Content/Localization/ToolTips/zh-Hans/ToolTips.locres" 927
"../../../Engine/Content/Localization/PropertyNames/zh-Hans/PropertyNames.locres" 928
"../../../Engine/Content/Localization/Engine/zh-Hans/Engine.locres" 929
"../../../Engine/Plugins/Online/OnlineSubsystem/Content/Localization/OnlineSubsystem/zh-Hans/OnlineSubsystem.locres" 930
"../../../Engine/Plugins/Online/OnlineSubsystemUtils/Content/Localization/OnlineSubsystemUtils/zh-Hans/OnlineSubsystemUtils.locres" 931
"../../../Engine/Plugins/Online/IOS/OnlineSubsystemIOS/Content/Localization/OnlineSubsystemIOS/zh-Hans/OnlineSubsystemIOS.locres" 932
"../../../Engine/Plugins/Online/Android/OnlineSubsystemGooglePlay/Content/Localization/OnlineSubsystemGooglePlay/zh-Hans/OnlineSubsystemGooglePlay.locres" 933
"../../../Engine/Content/Internationalization/icudt64l/numberingSystems.res" 934
"../../../Engine/Content/Internationalization/icudt64l/curr/supplementalData.res" 935
"../../../Engine/Content/Internationalization/icudt64l/curr/zh_CN.res" 936
"../../../Engine/Content/Internationalization/icudt64l/curr/pool.res" 937
"../../../Engine/Content/Internationalization/icudt64l/curr/zh_Hans_CN.res" 938
"../../../Engine/Content/Internationalization/icudt64l/curr/zh_Hans.res" 939
"../../../Engine/Content/Internationalization/icudt64l/curr/zh.res" 940
"../../../Engine/Content/Internationalization/icudt64l/curr/root.res" 941
"../../../Engine/Content/Internationalization/icudt64l/lang/af.res" 942
"../../../Engine/Content/Internationalization/icudt64l/region/af.res" 943
"../../../Engine/Content/Internationalization/icudt64l/lang/agq.res" 944
"../../../Engine/Content/Internationalization/icudt64l/region/agq.res" 945
"../../../Engine/Content/Internationalization/icudt64l/lang/ak.res" 946
"../../../Engine/Content/Internationalization/icudt64l/region/ak.res" 947
"../../../Engine/Content/Internationalization/icudt64l/lang/am.res" 948
"../../../Engine/Content/Internationalization/icudt64l/region/am.res" 949
"../../../Engine/Content/Internationalization/icudt64l/lang/ar.res" 950
"../../../Engine/Content/Internationalization/icudt64l/region/ar.res" 951
"../../../Engine/Content/Internationalization/icudt64l/region/ar_AE.res" 952
"../../../Engine/Content/Internationalization/icudt64l/lang/ar_EG.res" 953
"../../../Engine/Content/Internationalization/icudt64l/lang/ar_LY.res" 954
"../../../Engine/Content/Internationalization/icudt64l/region/ar_LY.res" 955
"../../../Engine/Content/Internationalization/icudt64l/lang/ar_SA.res" 956
"../../../Engine/Content/Internationalization/icudt64l/region/ar_SA.res" 957
"../../../Engine/Content/Internationalization/icudt64l/lang/as.res" 958
"../../../Engine/Content/Internationalization/icudt64l/region/as.res" 959
"../../../Engine/Content/Internationalization/icudt64l/lang/asa.res" 960
"../../../Engine/Content/Internationalization/icudt64l/region/asa.res" 961
"../../../Engine/Content/Internationalization/icudt64l/lang/ast.res" 962
"../../../Engine/Content/Internationalization/icudt64l/region/ast.res" 963
"../../../Engine/Content/Internationalization/icudt64l/lang/az.res" 964
"../../../Engine/Content/Internationalization/icudt64l/lang/az_Cyrl.res" 965
"../../../Engine/Content/Internationalization/icudt64l/lang/az_AZ.res" 966
"../../../Engine/Content/Internationalization/icudt64l/lang/az_Latn_AZ.res" 967
"../../../Engine/Content/Internationalization/icudt64l/lang/az_Latn.res" 968
"../../../Engine/Content/Internationalization/icudt64l/region/az_AZ.res" 969
"../../../Engine/Content/Internationalization/icudt64l/region/az_Latn_AZ.res" 970
"../../../Engine/Content/Internationalization/icudt64l/region/az_Latn.res" 971
"../../../Engine/Content/Internationalization/icudt64l/region/az.res" 972
"../../../Engine/Content/Internationalization/icudt64l/region/az_Cyrl.res" 973
"../../../Engine/Content/Internationalization/icudt64l/lang/bas.res" 974
"../../../Engine/Content/Internationalization/icudt64l/region/bas.res" 975
"../../../Engine/Content/Internationalization/icudt64l/lang/be.res" 976
"../../../Engine/Content/Internationalization/icudt64l/region/be.res" 977
"../../../Engine/Content/Internationalization/icudt64l/lang/bem.res" 978
"../../../Engine/Content/Internationalization/icudt64l/region/bem.res" 979
"../../../Engine/Content/Internationalization/icudt64l/lang/bez.res" 980
"../../../Engine/Content/Internationalization/icudt64l/region/bez.res" 981
"../../../Engine/Content/Internationalization/icudt64l/lang/bg.res" 982
"../../../Engine/Content/Internationalization/icudt64l/region/bg.res" 983
"../../../Engine/Content/Internationalization/icudt64l/lang/bm.res" 984
"../../../Engine/Content/Internationalization/icudt64l/region/bm.res" 985
"../../../Engine/Content/Internationalization/icudt64l/lang/bn.res" 986
"../../../Engine/Content/Internationalization/icudt64l/region/bn.res" 987
"../../../Engine/Content/Internationalization/icudt64l/lang/bn_IN.res" 988
"../../../Engine/Content/Internationalization/icudt64l/region/bn_IN.res" 989
"../../../Engine/Content/Internationalization/icudt64l/lang/bo.res" 990
"../../../Engine/Content/Internationalization/icudt64l/region/bo.res" 991
"../../../Engine/Content/Internationalization/icudt64l/region/bo_IN.res" 992
"../../../Engine/Content/Internationalization/icudt64l/lang/br.res" 993
"../../../Engine/Content/Internationalization/icudt64l/region/br.res" 994
"../../../Engine/Content/Internationalization/icudt64l/lang/brx.res" 995
"../../../Engine/Content/Internationalization/icudt64l/region/brx.res" 996
"../../../Engine/Content/Internationalization/icudt64l/lang/bs.res" 997
"../../../Engine/Content/Internationalization/icudt64l/lang/bs_Cyrl.res" 998
"../../../Engine/Content/Internationalization/icudt64l/lang/bs_BA.res" 999
"../../../Engine/Content/Internationalization/icudt64l/lang/bs_Latn_BA.res" 1000
"../../../Engine/Content/Internationalization/icudt64l/lang/bs_Latn.res" 1001
"../../../Engine/Content/Internationalization/icudt64l/region/bs_BA.res" 1002
"../../../Engine/Content/Internationalization/icudt64l/region/bs_Latn_BA.res" 1003
"../../../Engine/Content/Internationalization/icudt64l/region/bs_Latn.res" 1004
"../../../Engine/Content/Internationalization/icudt64l/region/bs.res" 1005
"../../../Engine/Content/Internationalization/icudt64l/region/bs_Cyrl.res" 1006
"../../../Engine/Content/Internationalization/icudt64l/lang/ca.res" 1007
"../../../Engine/Content/Internationalization/icudt64l/region/ca.res" 1008
"../../../Engine/Content/Internationalization/icudt64l/lang/ccp.res" 1009
"../../../Engine/Content/Internationalization/icudt64l/region/ccp.res" 1010
"../../../Engine/Content/Internationalization/icudt64l/lang/ce.res" 1011
"../../../Engine/Content/Internationalization/icudt64l/region/ce.res" 1012
"../../../Engine/Content/Internationalization/icudt64l/lang/ceb.res" 1013
"../../../Engine/Content/Internationalization/icudt64l/region/ceb.res" 1014
"../../../Engine/Content/Internationalization/icudt64l/lang/cgg.res" 1015
"../../../Engine/Content/Internationalization/icudt64l/region/cgg.res" 1016
"../../../Engine/Content/Internationalization/icudt64l/lang/chr.res" 1017
"../../../Engine/Content/Internationalization/icudt64l/region/chr.res" 1018
"../../../Engine/Content/Internationalization/icudt64l/lang/ckb.res" 1019
"../../../Engine/Content/Internationalization/icudt64l/region/ckb.res" 1020
"../../../Engine/Content/Internationalization/icudt64l/lang/cs.res" 1021
"../../../Engine/Content/Internationalization/icudt64l/region/cs.res" 1022
"../../../Engine/Content/Internationalization/icudt64l/lang/cy.res" 1023
"../../../Engine/Content/Internationalization/icudt64l/region/cy.res" 1024
"../../../Engine/Content/Internationalization/icudt64l/lang/da.res" 1025
"../../../Engine/Content/Internationalization/icudt64l/region/da.res" 1026
"../../../Engine/Content/Internationalization/icudt64l/lang/dav.res" 1027
"../../../Engine/Content/Internationalization/icudt64l/region/dav.res" 1028
"../../../Engine/Content/Internationalization/icudt64l/lang/de.res" 1029
"../../../Engine/Content/Internationalization/icudt64l/lang/de_AT.res" 1030
"../../../Engine/Content/Internationalization/icudt64l/region/de_AT.res" 1031
"../../../Engine/Content/Internationalization/icudt64l/region/de.res" 1032
"../../../Engine/Content/Internationalization/icudt64l/lang/de_CH.res" 1033
"../../../Engine/Content/Internationalization/icudt64l/region/de_CH.res" 1034
"../../../Engine/Content/Internationalization/icudt64l/lang/de_LU.res" 1035
"../../../Engine/Content/Internationalization/icudt64l/lang/dje.res" 1036
"../../../Engine/Content/Internationalization/icudt64l/region/dje.res" 1037
"../../../Engine/Content/Internationalization/icudt64l/lang/dsb.res" 1038
"../../../Engine/Content/Internationalization/icudt64l/region/dsb.res" 1039
"../../../Engine/Content/Internationalization/icudt64l/lang/dua.res" 1040
"../../../Engine/Content/Internationalization/icudt64l/region/dua.res" 1041
"../../../Engine/Content/Internationalization/icudt64l/lang/dyo.res" 1042
"../../../Engine/Content/Internationalization/icudt64l/region/dyo.res" 1043
"../../../Engine/Content/Internationalization/icudt64l/lang/dz.res" 1044
"../../../Engine/Content/Internationalization/icudt64l/region/dz.res" 1045
"../../../Engine/Content/Internationalization/icudt64l/lang/ebu.res" 1046
"../../../Engine/Content/Internationalization/icudt64l/region/ebu.res" 1047
"../../../Engine/Content/Internationalization/icudt64l/lang/ee.res" 1048
"../../../Engine/Content/Internationalization/icudt64l/region/ee.res" 1049
"../../../Engine/Content/Internationalization/icudt64l/lang/el.res" 1050
"../../../Engine/Content/Internationalization/icudt64l/region/el.res" 1051
"../../../Engine/Content/Internationalization/icudt64l/lang/en_001.res" 1052
"../../../Engine/Content/Internationalization/icudt64l/lang/en_150.res" 1053
"../../../Engine/Content/Internationalization/icudt64l/region/en_150.res" 1054
"../../../Engine/Content/Internationalization/icudt64l/lang/en_AG.res" 1055
"../../../Engine/Content/Internationalization/icudt64l/region/en_AG.res" 1056
"../../../Engine/Content/Internationalization/icudt64l/lang/en_AI.res" 1057
"../../../Engine/Content/Internationalization/icudt64l/region/en_AI.res" 1058
"../../../Engine/Content/Internationalization/icudt64l/lang/en_AT.res" 1059
"../../../Engine/Content/Internationalization/icudt64l/region/en_AT.res" 1060
"../../../Engine/Content/Internationalization/icudt64l/lang/en_AU.res" 1061
"../../../Engine/Content/Internationalization/icudt64l/region/en_AU.res" 1062
"../../../Engine/Content/Internationalization/icudt64l/lang/en_BB.res" 1063
"../../../Engine/Content/Internationalization/icudt64l/region/en_BB.res" 1064
"../../../Engine/Content/Internationalization/icudt64l/lang/en_BE.res" 1065
"../../../Engine/Content/Internationalization/icudt64l/region/en_BE.res" 1066
"../../../Engine/Content/Internationalization/icudt64l/lang/en_BM.res" 1067
"../../../Engine/Content/Internationalization/icudt64l/region/en_BM.res" 1068
"../../../Engine/Content/Internationalization/icudt64l/lang/en_BS.res" 1069
"../../../Engine/Content/Internationalization/icudt64l/region/en_BS.res" 1070
"../../../Engine/Content/Internationalization/icudt64l/lang/en_BW.res" 1071
"../../../Engine/Content/Internationalization/icudt64l/region/en_BW.res" 1072
"../../../Engine/Content/Internationalization/icudt64l/lang/en_BZ.res" 1073
"../../../Engine/Content/Internationalization/icudt64l/region/en_BZ.res" 1074
"../../../Engine/Content/Internationalization/icudt64l/lang/en_CA.res" 1075
"../../../Engine/Content/Internationalization/icudt64l/region/en_CA.res" 1076
"../../../Engine/Content/Internationalization/icudt64l/lang/en_CC.res" 1077
"../../../Engine/Content/Internationalization/icudt64l/region/en_CC.res" 1078
"../../../Engine/Content/Internationalization/icudt64l/lang/en_CH.res" 1079
"../../../Engine/Content/Internationalization/icudt64l/region/en_CH.res" 1080
"../../../Engine/Content/Internationalization/icudt64l/lang/en_CK.res" 1081
"../../../Engine/Content/Internationalization/icudt64l/region/en_CK.res" 1082
"../../../Engine/Content/Internationalization/icudt64l/lang/en_CM.res" 1083
"../../../Engine/Content/Internationalization/icudt64l/region/en_CM.res" 1084
"../../../Engine/Content/Internationalization/icudt64l/lang/en_CX.res" 1085
"../../../Engine/Content/Internationalization/icudt64l/region/en_CX.res" 1086
"../../../Engine/Content/Internationalization/icudt64l/lang/en_CY.res" 1087
"../../../Engine/Content/Internationalization/icudt64l/region/en_CY.res" 1088
"../../../Engine/Content/Internationalization/icudt64l/lang/en_DE.res" 1089
"../../../Engine/Content/Internationalization/icudt64l/region/en_DE.res" 1090
"../../../Engine/Content/Internationalization/icudt64l/lang/en_DG.res" 1091
"../../../Engine/Content/Internationalization/icudt64l/region/en_DG.res" 1092
"../../../Engine/Content/Internationalization/icudt64l/lang/en_DK.res" 1093
"../../../Engine/Content/Internationalization/icudt64l/region/en_DK.res" 1094
"../../../Engine/Content/Internationalization/icudt64l/lang/en_DM.res" 1095
"../../../Engine/Content/Internationalization/icudt64l/region/en_DM.res" 1096
"../../../Engine/Content/Internationalization/icudt64l/lang/en_ER.res" 1097
"../../../Engine/Content/Internationalization/icudt64l/region/en_ER.res" 1098
"../../../Engine/Content/Internationalization/icudt64l/lang/en_FI.res" 1099
"../../../Engine/Content/Internationalization/icudt64l/region/en_FI.res" 1100
"../../../Engine/Content/Internationalization/icudt64l/lang/en_FJ.res" 1101
"../../../Engine/Content/Internationalization/icudt64l/region/en_FJ.res" 1102
"../../../Engine/Content/Internationalization/icudt64l/lang/en_FK.res" 1103
"../../../Engine/Content/Internationalization/icudt64l/region/en_FK.res" 1104
"../../../Engine/Content/Internationalization/icudt64l/lang/en_FM.res" 1105
"../../../Engine/Content/Internationalization/icudt64l/region/en_FM.res" 1106
"../../../Engine/Content/Internationalization/icudt64l/lang/en_GB.res" 1107
"../../../Engine/Content/Internationalization/icudt64l/region/en_GB.res" 1108
"../../../Engine/Content/Internationalization/icudt64l/lang/en_GD.res" 1109
"../../../Engine/Content/Internationalization/icudt64l/region/en_GD.res" 1110
"../../../Engine/Content/Internationalization/icudt64l/lang/en_GG.res" 1111
"../../../Engine/Content/Internationalization/icudt64l/region/en_GG.res" 1112
"../../../Engine/Content/Internationalization/icudt64l/lang/en_GH.res" 1113
"../../../Engine/Content/Internationalization/icudt64l/region/en_GH.res" 1114
"../../../Engine/Content/Internationalization/icudt64l/lang/en_GI.res" 1115
"../../../Engine/Content/Internationalization/icudt64l/region/en_GI.res" 1116
"../../../Engine/Content/Internationalization/icudt64l/lang/en_GM.res" 1117
"../../../Engine/Content/Internationalization/icudt64l/region/en_GM.res" 1118
"../../../Engine/Content/Internationalization/icudt64l/lang/en_GY.res" 1119
"../../../Engine/Content/Internationalization/icudt64l/region/en_GY.res" 1120
"../../../Engine/Content/Internationalization/icudt64l/lang/en_HK.res" 1121
"../../../Engine/Content/Internationalization/icudt64l/region/en_HK.res" 1122
"../../../Engine/Content/Internationalization/icudt64l/lang/en_IE.res" 1123
"../../../Engine/Content/Internationalization/icudt64l/region/en_IE.res" 1124
"../../../Engine/Content/Internationalization/icudt64l/lang/en_IL.res" 1125
"../../../Engine/Content/Internationalization/icudt64l/region/en_IL.res" 1126
"../../../Engine/Content/Internationalization/icudt64l/lang/en_IM.res" 1127
"../../../Engine/Content/Internationalization/icudt64l/region/en_IM.res" 1128
"../../../Engine/Content/Internationalization/icudt64l/lang/en_IN.res" 1129
"../../../Engine/Content/Internationalization/icudt64l/region/en_IN.res" 1130
"../../../Engine/Content/Internationalization/icudt64l/lang/en_IO.res" 1131
"../../../Engine/Content/Internationalization/icudt64l/region/en_IO.res" 1132
"../../../Engine/Content/Internationalization/icudt64l/lang/en_JE.res" 1133
"../../../Engine/Content/Internationalization/icudt64l/region/en_JE.res" 1134
"../../../Engine/Content/Internationalization/icudt64l/lang/en_JM.res" 1135
"../../../Engine/Content/Internationalization/icudt64l/region/en_JM.res" 1136
"../../../Engine/Content/Internationalization/icudt64l/lang/en_KE.res" 1137
"../../../Engine/Content/Internationalization/icudt64l/region/en_KE.res" 1138
"../../../Engine/Content/Internationalization/icudt64l/lang/en_KI.res" 1139
"../../../Engine/Content/Internationalization/icudt64l/region/en_KI.res" 1140
"../../../Engine/Content/Internationalization/icudt64l/lang/en_KN.res" 1141
"../../../Engine/Content/Internationalization/icudt64l/region/en_KN.res" 1142
"../../../Engine/Content/Internationalization/icudt64l/lang/en_KY.res" 1143
"../../../Engine/Content/Internationalization/icudt64l/region/en_KY.res" 1144
"../../../Engine/Content/Internationalization/icudt64l/lang/en_LC.res" 1145
"../../../Engine/Content/Internationalization/icudt64l/region/en_LC.res" 1146
"../../../Engine/Content/Internationalization/icudt64l/lang/en_LR.res" 1147
"../../../Engine/Content/Internationalization/icudt64l/region/en_LR.res" 1148
"../../../Engine/Content/Internationalization/icudt64l/lang/en_LS.res" 1149
"../../../Engine/Content/Internationalization/icudt64l/region/en_LS.res" 1150
"../../../Engine/Content/Internationalization/icudt64l/lang/en_MG.res" 1151
"../../../Engine/Content/Internationalization/icudt64l/region/en_MG.res" 1152
"../../../Engine/Content/Internationalization/icudt64l/lang/en_MO.res" 1153
"../../../Engine/Content/Internationalization/icudt64l/region/en_MO.res" 1154
"../../../Engine/Content/Internationalization/icudt64l/lang/en_MS.res" 1155
"../../../Engine/Content/Internationalization/icudt64l/region/en_MS.res" 1156
"../../../Engine/Content/Internationalization/icudt64l/lang/en_MT.res" 1157
"../../../Engine/Content/Internationalization/icudt64l/region/en_MT.res" 1158
"../../../Engine/Content/Internationalization/icudt64l/lang/en_MU.res" 1159
"../../../Engine/Content/Internationalization/icudt64l/region/en_MU.res" 1160
"../../../Engine/Content/Internationalization/icudt64l/lang/en_MW.res" 1161
"../../../Engine/Content/Internationalization/icudt64l/region/en_MW.res" 1162
"../../../Engine/Content/Internationalization/icudt64l/lang/en_MY.res" 1163
"../../../Engine/Content/Internationalization/icudt64l/region/en_MY.res" 1164
"../../../Engine/Content/Internationalization/icudt64l/lang/en_NA.res" 1165
"../../../Engine/Content/Internationalization/icudt64l/region/en_NA.res" 1166
"../../../Engine/Content/Internationalization/icudt64l/lang/en_NF.res" 1167
"../../../Engine/Content/Internationalization/icudt64l/region/en_NF.res" 1168
"../../../Engine/Content/Internationalization/icudt64l/lang/en_NG.res" 1169
"../../../Engine/Content/Internationalization/icudt64l/region/en_NG.res" 1170
"../../../Engine/Content/Internationalization/icudt64l/lang/en_NL.res" 1171
"../../../Engine/Content/Internationalization/icudt64l/region/en_NL.res" 1172
"../../../Engine/Content/Internationalization/icudt64l/lang/en_NR.res" 1173
"../../../Engine/Content/Internationalization/icudt64l/region/en_NR.res" 1174
"../../../Engine/Content/Internationalization/icudt64l/lang/en_NU.res" 1175
"../../../Engine/Content/Internationalization/icudt64l/region/en_NU.res" 1176
"../../../Engine/Content/Internationalization/icudt64l/lang/en_NZ.res" 1177
"../../../Engine/Content/Internationalization/icudt64l/region/en_NZ.res" 1178
"../../../Engine/Content/Internationalization/icudt64l/lang/en_PG.res" 1179
"../../../Engine/Content/Internationalization/icudt64l/region/en_PG.res" 1180
"../../../Engine/Content/Internationalization/icudt64l/lang/en_PH.res" 1181
"../../../Engine/Content/Internationalization/icudt64l/region/en_PH.res" 1182
"../../../Engine/Content/Internationalization/icudt64l/lang/en_PK.res" 1183
"../../../Engine/Content/Internationalization/icudt64l/region/en_PK.res" 1184
"../../../Engine/Content/Internationalization/icudt64l/lang/en_PN.res" 1185
"../../../Engine/Content/Internationalization/icudt64l/region/en_PN.res" 1186
"../../../Engine/Content/Internationalization/icudt64l/lang/en_PW.res" 1187
"../../../Engine/Content/Internationalization/icudt64l/region/en_PW.res" 1188
"../../../Engine/Content/Internationalization/icudt64l/lang/en_RW.res" 1189
"../../../Engine/Content/Internationalization/icudt64l/region/en_RW.res" 1190
"../../../Engine/Content/Internationalization/icudt64l/lang/en_SB.res" 1191
"../../../Engine/Content/Internationalization/icudt64l/region/en_SB.res" 1192
"../../../Engine/Content/Internationalization/icudt64l/lang/en_SC.res" 1193
"../../../Engine/Content/Internationalization/icudt64l/region/en_SC.res" 1194
"../../../Engine/Content/Internationalization/icudt64l/lang/en_SD.res" 1195
"../../../Engine/Content/Internationalization/icudt64l/region/en_SD.res" 1196
"../../../Engine/Content/Internationalization/icudt64l/lang/en_SE.res" 1197
"../../../Engine/Content/Internationalization/icudt64l/region/en_SE.res" 1198
"../../../Engine/Content/Internationalization/icudt64l/lang/en_SG.res" 1199
"../../../Engine/Content/Internationalization/icudt64l/region/en_SG.res" 1200
"../../../Engine/Content/Internationalization/icudt64l/lang/en_SH.res" 1201
"../../../Engine/Content/Internationalization/icudt64l/region/en_SH.res" 1202
"../../../Engine/Content/Internationalization/icudt64l/lang/en_SI.res" 1203
"../../../Engine/Content/Internationalization/icudt64l/region/en_SI.res" 1204
"../../../Engine/Content/Internationalization/icudt64l/lang/en_SL.res" 1205
"../../../Engine/Content/Internationalization/icudt64l/region/en_SL.res" 1206
"../../../Engine/Content/Internationalization/icudt64l/lang/en_SS.res" 1207
"../../../Engine/Content/Internationalization/icudt64l/region/en_SS.res" 1208
"../../../Engine/Content/Internationalization/icudt64l/lang/en_SX.res" 1209
"../../../Engine/Content/Internationalization/icudt64l/region/en_SX.res" 1210
"../../../Engine/Content/Internationalization/icudt64l/lang/en_SZ.res" 1211
"../../../Engine/Content/Internationalization/icudt64l/region/en_SZ.res" 1212
"../../../Engine/Content/Internationalization/icudt64l/lang/en_TC.res" 1213
"../../../Engine/Content/Internationalization/icudt64l/region/en_TC.res" 1214
"../../../Engine/Content/Internationalization/icudt64l/lang/en_TK.res" 1215
"../../../Engine/Content/Internationalization/icudt64l/region/en_TK.res" 1216
"../../../Engine/Content/Internationalization/icudt64l/lang/en_TO.res" 1217
"../../../Engine/Content/Internationalization/icudt64l/region/en_TO.res" 1218
"../../../Engine/Content/Internationalization/icudt64l/lang/en_TT.res" 1219
"../../../Engine/Content/Internationalization/icudt64l/region/en_TT.res" 1220
"../../../Engine/Content/Internationalization/icudt64l/lang/en_TV.res" 1221
"../../../Engine/Content/Internationalization/icudt64l/region/en_TV.res" 1222
"../../../Engine/Content/Internationalization/icudt64l/lang/en_TZ.res" 1223
"../../../Engine/Content/Internationalization/icudt64l/region/en_TZ.res" 1224
"../../../Engine/Content/Internationalization/icudt64l/lang/en_UG.res" 1225
"../../../Engine/Content/Internationalization/icudt64l/region/en_UG.res" 1226
"../../../Engine/Content/Internationalization/icudt64l/lang/en_VC.res" 1227
"../../../Engine/Content/Internationalization/icudt64l/region/en_VC.res" 1228
"../../../Engine/Content/Internationalization/icudt64l/lang/en_VG.res" 1229
"../../../Engine/Content/Internationalization/icudt64l/region/en_VG.res" 1230
"../../../Engine/Content/Internationalization/icudt64l/lang/en_VU.res" 1231
"../../../Engine/Content/Internationalization/icudt64l/region/en_VU.res" 1232
"../../../Engine/Content/Internationalization/icudt64l/lang/en_WS.res" 1233
"../../../Engine/Content/Internationalization/icudt64l/region/en_WS.res" 1234
"../../../Engine/Content/Internationalization/icudt64l/lang/en_ZA.res" 1235
"../../../Engine/Content/Internationalization/icudt64l/region/en_ZA.res" 1236
"../../../Engine/Content/Internationalization/icudt64l/lang/en_ZM.res" 1237
"../../../Engine/Content/Internationalization/icudt64l/region/en_ZM.res" 1238
"../../../Engine/Content/Internationalization/icudt64l/lang/en_ZW.res" 1239
"../../../Engine/Content/Internationalization/icudt64l/region/en_ZW.res" 1240
"../../../Engine/Content/Internationalization/icudt64l/lang/eo.res" 1241
"../../../Engine/Content/Internationalization/icudt64l/region/eo.res" 1242
"../../../Engine/Content/Internationalization/icudt64l/lang/es.res" 1243
"../../../Engine/Content/Internationalization/icudt64l/lang/es_419.res" 1244
"../../../Engine/Content/Internationalization/icudt64l/region/es_419.res" 1245
"../../../Engine/Content/Internationalization/icudt64l/region/es.res" 1246
"../../../Engine/Content/Internationalization/icudt64l/lang/es_AR.res" 1247
"../../../Engine/Content/Internationalization/icudt64l/region/es_AR.res" 1248
"../../../Engine/Content/Internationalization/icudt64l/lang/es_BO.res" 1249
"../../../Engine/Content/Internationalization/icudt64l/region/es_BO.res" 1250
"../../../Engine/Content/Internationalization/icudt64l/lang/es_BR.res" 1251
"../../../Engine/Content/Internationalization/icudt64l/region/es_BR.res" 1252
"../../../Engine/Content/Internationalization/icudt64l/lang/es_BZ.res" 1253
"../../../Engine/Content/Internationalization/icudt64l/region/es_BZ.res" 1254
"../../../Engine/Content/Internationalization/icudt64l/lang/es_CL.res" 1255
"../../../Engine/Content/Internationalization/icudt64l/region/es_CL.res" 1256
"../../../Engine/Content/Internationalization/icudt64l/lang/es_CO.res" 1257
"../../../Engine/Content/Internationalization/icudt64l/region/es_CO.res" 1258
"../../../Engine/Content/Internationalization/icudt64l/lang/es_CR.res" 1259
"../../../Engine/Content/Internationalization/icudt64l/region/es_CR.res" 1260
"../../../Engine/Content/Internationalization/icudt64l/lang/es_CU.res" 1261
"../../../Engine/Content/Internationalization/icudt64l/region/es_CU.res" 1262
"../../../Engine/Content/Internationalization/icudt64l/lang/es_DO.res" 1263
"../../../Engine/Content/Internationalization/icudt64l/region/es_DO.res" 1264
"../../../Engine/Content/Internationalization/icudt64l/lang/es_EC.res" 1265
"../../../Engine/Content/Internationalization/icudt64l/region/es_EC.res" 1266
"../../../Engine/Content/Internationalization/icudt64l/lang/es_GT.res" 1267
"../../../Engine/Content/Internationalization/icudt64l/region/es_GT.res" 1268
"../../../Engine/Content/Internationalization/icudt64l/lang/es_HN.res" 1269
"../../../Engine/Content/Internationalization/icudt64l/region/es_HN.res" 1270
"../../../Engine/Content/Internationalization/icudt64l/lang/es_MX.res" 1271
"../../../Engine/Content/Internationalization/icudt64l/region/es_MX.res" 1272
"../../../Engine/Content/Internationalization/icudt64l/lang/es_NI.res" 1273
"../../../Engine/Content/Internationalization/icudt64l/region/es_NI.res" 1274
"../../../Engine/Content/Internationalization/icudt64l/lang/es_PA.res" 1275
"../../../Engine/Content/Internationalization/icudt64l/region/es_PA.res" 1276
"../../../Engine/Content/Internationalization/icudt64l/lang/es_PE.res" 1277
"../../../Engine/Content/Internationalization/icudt64l/region/es_PE.res" 1278
"../../../Engine/Content/Internationalization/icudt64l/lang/es_PR.res" 1279
"../../../Engine/Content/Internationalization/icudt64l/region/es_PR.res" 1280
"../../../Engine/Content/Internationalization/icudt64l/lang/es_PY.res" 1281
"../../../Engine/Content/Internationalization/icudt64l/region/es_PY.res" 1282
"../../../Engine/Content/Internationalization/icudt64l/lang/es_SV.res" 1283
"../../../Engine/Content/Internationalization/icudt64l/region/es_SV.res" 1284
"../../../Engine/Content/Internationalization/icudt64l/lang/es_US.res" 1285
"../../../Engine/Content/Internationalization/icudt64l/region/es_US.res" 1286
"../../../Engine/Content/Internationalization/icudt64l/lang/es_UY.res" 1287
"../../../Engine/Content/Internationalization/icudt64l/region/es_UY.res" 1288
"../../../Engine/Content/Internationalization/icudt64l/lang/es_VE.res" 1289
"../../../Engine/Content/Internationalization/icudt64l/region/es_VE.res" 1290
"../../../Engine/Content/Internationalization/icudt64l/lang/et.res" 1291
"../../../Engine/Content/Internationalization/icudt64l/region/et.res" 1292
"../../../Engine/Content/Internationalization/icudt64l/lang/eu.res" 1293
"../../../Engine/Content/Internationalization/icudt64l/region/eu.res" 1294
"../../../Engine/Content/Internationalization/icudt64l/lang/ewo.res" 1295
"../../../Engine/Content/Internationalization/icudt64l/region/ewo.res" 1296
"../../../Engine/Content/Internationalization/icudt64l/lang/fa.res" 1297
"../../../Engine/Content/Internationalization/icudt64l/lang/fa_AF.res" 1298
"../../../Engine/Content/Internationalization/icudt64l/region/fa_AF.res" 1299
"../../../Engine/Content/Internationalization/icudt64l/region/fa.res" 1300
"../../../Engine/Content/Internationalization/icudt64l/lang/ff.res" 1301
"../../../Engine/Content/Internationalization/icudt64l/lang/ff_Latn.res" 1302
"../../../Engine/Content/Internationalization/icudt64l/region/ff.res" 1303
"../../../Engine/Content/Internationalization/icudt64l/region/ff_Latn.res" 1304
"../../../Engine/Content/Internationalization/icudt64l/lang/ff_CM.res" 1305
"../../../Engine/Content/Internationalization/icudt64l/lang/ff_Latn_CM.res" 1306
"../../../Engine/Content/Internationalization/icudt64l/region/ff_CM.res" 1307
"../../../Engine/Content/Internationalization/icudt64l/region/ff_Latn_CM.res" 1308
"../../../Engine/Content/Internationalization/icudt64l/lang/ff_GN.res" 1309
"../../../Engine/Content/Internationalization/icudt64l/lang/ff_Latn_GN.res" 1310
"../../../Engine/Content/Internationalization/icudt64l/region/ff_GN.res" 1311
"../../../Engine/Content/Internationalization/icudt64l/region/ff_Latn_GN.res" 1312
"../../../Engine/Content/Internationalization/icudt64l/lang/ff_MR.res" 1313
"../../../Engine/Content/Internationalization/icudt64l/lang/ff_Latn_MR.res" 1314
"../../../Engine/Content/Internationalization/icudt64l/region/ff_MR.res" 1315
"../../../Engine/Content/Internationalization/icudt64l/region/ff_Latn_MR.res" 1316
"../../../Engine/Content/Internationalization/icudt64l/lang/ff_SN.res" 1317
"../../../Engine/Content/Internationalization/icudt64l/lang/ff_Latn_SN.res" 1318
"../../../Engine/Content/Internationalization/icudt64l/region/ff_SN.res" 1319
"../../../Engine/Content/Internationalization/icudt64l/region/ff_Latn_SN.res" 1320
"../../../Engine/Content/Internationalization/icudt64l/lang/fi.res" 1321
"../../../Engine/Content/Internationalization/icudt64l/region/fi.res" 1322
"../../../Engine/Content/Internationalization/icudt64l/lang/fil.res" 1323
"../../../Engine/Content/Internationalization/icudt64l/lang/fil_PH.res" 1324
"../../../Engine/Content/Internationalization/icudt64l/region/fil_PH.res" 1325
"../../../Engine/Content/Internationalization/icudt64l/region/fil.res" 1326
"../../../Engine/Content/Internationalization/icudt64l/lang/fo.res" 1327
"../../../Engine/Content/Internationalization/icudt64l/region/fo.res" 1328
"../../../Engine/Content/Internationalization/icudt64l/lang/fr.res" 1329
"../../../Engine/Content/Internationalization/icudt64l/lang/fr_BE.res" 1330
"../../../Engine/Content/Internationalization/icudt64l/region/fr_BE.res" 1331
"../../../Engine/Content/Internationalization/icudt64l/region/fr.res" 1332
"../../../Engine/Content/Internationalization/icudt64l/lang/fr_CA.res" 1333
"../../../Engine/Content/Internationalization/icudt64l/region/fr_CA.res" 1334
"../../../Engine/Content/Internationalization/icudt64l/lang/fr_CH.res" 1335
"../../../Engine/Content/Internationalization/icudt64l/lang/fur.res" 1336
"../../../Engine/Content/Internationalization/icudt64l/region/fur.res" 1337
"../../../Engine/Content/Internationalization/icudt64l/lang/fy.res" 1338
"../../../Engine/Content/Internationalization/icudt64l/region/fy.res" 1339
"../../../Engine/Content/Internationalization/icudt64l/lang/ga.res" 1340
"../../../Engine/Content/Internationalization/icudt64l/region/ga.res" 1341
"../../../Engine/Content/Internationalization/icudt64l/lang/gd.res" 1342
"../../../Engine/Content/Internationalization/icudt64l/region/gd.res" 1343
"../../../Engine/Content/Internationalization/icudt64l/lang/gl.res" 1344
"../../../Engine/Content/Internationalization/icudt64l/region/gl.res" 1345
"../../../Engine/Content/Internationalization/icudt64l/lang/gsw.res" 1346
"../../../Engine/Content/Internationalization/icudt64l/region/gsw.res" 1347
"../../../Engine/Content/Internationalization/icudt64l/lang/gu.res" 1348
"../../../Engine/Content/Internationalization/icudt64l/region/gu.res" 1349
"../../../Engine/Content/Internationalization/icudt64l/lang/guz.res" 1350
"../../../Engine/Content/Internationalization/icudt64l/region/guz.res" 1351
"../../../Engine/Content/Internationalization/icudt64l/lang/gv.res" 1352
"../../../Engine/Content/Internationalization/icudt64l/region/gv.res" 1353
"../../../Engine/Content/Internationalization/icudt64l/lang/ha.res" 1354
"../../../Engine/Content/Internationalization/icudt64l/region/ha.res" 1355
"../../../Engine/Content/Internationalization/icudt64l/lang/ha_NE.res" 1356
"../../../Engine/Content/Internationalization/icudt64l/region/ha_NE.res" 1357
"../../../Engine/Content/Internationalization/icudt64l/lang/haw.res" 1358
"../../../Engine/Content/Internationalization/icudt64l/region/haw.res" 1359
"../../../Engine/Content/Internationalization/icudt64l/lang/he.res" 1360
"../../../Engine/Content/Internationalization/icudt64l/lang/he_IL.res" 1361
"../../../Engine/Content/Internationalization/icudt64l/region/he_IL.res" 1362
"../../../Engine/Content/Internationalization/icudt64l/region/he.res" 1363
"../../../Engine/Content/Internationalization/icudt64l/lang/hi.res" 1364
"../../../Engine/Content/Internationalization/icudt64l/region/hi.res" 1365
"../../../Engine/Content/Internationalization/icudt64l/lang/hr.res" 1366
"../../../Engine/Content/Internationalization/icudt64l/region/hr.res" 1367
"../../../Engine/Content/Internationalization/icudt64l/lang/hsb.res" 1368
"../../../Engine/Content/Internationalization/icudt64l/region/hsb.res" 1369
"../../../Engine/Content/Internationalization/icudt64l/lang/hu.res" 1370
"../../../Engine/Content/Internationalization/icudt64l/region/hu.res" 1371
"../../../Engine/Content/Internationalization/icudt64l/lang/hy.res" 1372
"../../../Engine/Content/Internationalization/icudt64l/region/hy.res" 1373
"../../../Engine/Content/Internationalization/icudt64l/lang/ia.res" 1374
"../../../Engine/Content/Internationalization/icudt64l/region/ia.res" 1375
"../../../Engine/Content/Internationalization/icudt64l/lang/id.res" 1376
"../../../Engine/Content/Internationalization/icudt64l/lang/id_ID.res" 1377
"../../../Engine/Content/Internationalization/icudt64l/region/id_ID.res" 1378
"../../../Engine/Content/Internationalization/icudt64l/region/id.res" 1379
"../../../Engine/Content/Internationalization/icudt64l/lang/ig.res" 1380
"../../../Engine/Content/Internationalization/icudt64l/region/ig.res" 1381
"../../../Engine/Content/Internationalization/icudt64l/lang/ii.res" 1382
"../../../Engine/Content/Internationalization/icudt64l/region/ii.res" 1383
"../../../Engine/Content/Internationalization/icudt64l/lang/is.res" 1384
"../../../Engine/Content/Internationalization/icudt64l/region/is.res" 1385
"../../../Engine/Content/Internationalization/icudt64l/lang/it.res" 1386
"../../../Engine/Content/Internationalization/icudt64l/region/it.res" 1387
"../../../Engine/Content/Internationalization/icudt64l/lang/ja.res" 1388
"../../../Engine/Content/Internationalization/icudt64l/lang/ja_JP.res" 1389
"../../../Engine/Content/Internationalization/icudt64l/region/ja_JP.res" 1390
"../../../Engine/Content/Internationalization/icudt64l/region/ja.res" 1391
"../../../Engine/Content/Internationalization/icudt64l/lang/jgo.res" 1392
"../../../Engine/Content/Internationalization/icudt64l/region/jgo.res" 1393
"../../../Engine/Content/Internationalization/icudt64l/lang/jmc.res" 1394
"../../../Engine/Content/Internationalization/icudt64l/region/jmc.res" 1395
"../../../Engine/Content/Internationalization/icudt64l/lang/jv.res" 1396
"../../../Engine/Content/Internationalization/icudt64l/region/jv.res" 1397
"../../../Engine/Content/Internationalization/icudt64l/lang/ka.res" 1398
"../../../Engine/Content/Internationalization/icudt64l/region/ka.res" 1399
"../../../Engine/Content/Internationalization/icudt64l/lang/kab.res" 1400
"../../../Engine/Content/Internationalization/icudt64l/region/kab.res" 1401
"../../../Engine/Content/Internationalization/icudt64l/lang/kam.res" 1402
"../../../Engine/Content/Internationalization/icudt64l/region/kam.res" 1403
"../../../Engine/Content/Internationalization/icudt64l/lang/kde.res" 1404
"../../../Engine/Content/Internationalization/icudt64l/region/kde.res" 1405
"../../../Engine/Content/Internationalization/icudt64l/lang/kea.res" 1406
"../../../Engine/Content/Internationalization/icudt64l/region/kea.res" 1407
"../../../Engine/Content/Internationalization/icudt64l/lang/khq.res" 1408
"../../../Engine/Content/Internationalization/icudt64l/region/khq.res" 1409
"../../../Engine/Content/Internationalization/icudt64l/lang/ki.res" 1410
"../../../Engine/Content/Internationalization/icudt64l/region/ki.res" 1411
"../../../Engine/Content/Internationalization/icudt64l/lang/kk.res" 1412
"../../../Engine/Content/Internationalization/icudt64l/region/kk.res" 1413
"../../../Engine/Content/Internationalization/icudt64l/lang/kkj.res" 1414
"../../../Engine/Content/Internationalization/icudt64l/region/kkj.res" 1415
"../../../Engine/Content/Internationalization/icudt64l/lang/kl.res" 1416
"../../../Engine/Content/Internationalization/icudt64l/region/kl.res" 1417
"../../../Engine/Content/Internationalization/icudt64l/lang/kln.res" 1418
"../../../Engine/Content/Internationalization/icudt64l/region/kln.res" 1419
"../../../Engine/Content/Internationalization/icudt64l/lang/km.res" 1420
"../../../Engine/Content/Internationalization/icudt64l/region/km.res" 1421
"../../../Engine/Content/Internationalization/icudt64l/lang/kn.res" 1422
"../../../Engine/Content/Internationalization/icudt64l/region/kn.res" 1423
"../../../Engine/Content/Internationalization/icudt64l/lang/ko.res" 1424
"../../../Engine/Content/Internationalization/icudt64l/region/ko_KP.res" 1425
"../../../Engine/Content/Internationalization/icudt64l/region/ko.res" 1426
"../../../Engine/Content/Internationalization/icudt64l/lang/kok.res" 1427
"../../../Engine/Content/Internationalization/icudt64l/region/kok.res" 1428
"../../../Engine/Content/Internationalization/icudt64l/lang/ks.res" 1429
"../../../Engine/Content/Internationalization/icudt64l/region/ks.res" 1430
"../../../Engine/Content/Internationalization/icudt64l/lang/ksb.res" 1431
"../../../Engine/Content/Internationalization/icudt64l/region/ksb.res" 1432
"../../../Engine/Content/Internationalization/icudt64l/lang/ksf.res" 1433
"../../../Engine/Content/Internationalization/icudt64l/region/ksf.res" 1434
"../../../Engine/Content/Internationalization/icudt64l/lang/ksh.res" 1435
"../../../Engine/Content/Internationalization/icudt64l/region/ksh.res" 1436
"../../../Engine/Content/Internationalization/icudt64l/lang/ku.res" 1437
"../../../Engine/Content/Internationalization/icudt64l/region/ku.res" 1438
"../../../Engine/Content/Internationalization/icudt64l/lang/kw.res" 1439
"../../../Engine/Content/Internationalization/icudt64l/region/kw.res" 1440
"../../../Engine/Content/Internationalization/icudt64l/lang/ky.res" 1441
"../../../Engine/Content/Internationalization/icudt64l/region/ky.res" 1442
"../../../Engine/Content/Internationalization/icudt64l/lang/lag.res" 1443
"../../../Engine/Content/Internationalization/icudt64l/region/lag.res" 1444
"../../../Engine/Content/Internationalization/icudt64l/lang/lb.res" 1445
"../../../Engine/Content/Internationalization/icudt64l/region/lb.res" 1446
"../../../Engine/Content/Internationalization/icudt64l/lang/lg.res" 1447
"../../../Engine/Content/Internationalization/icudt64l/region/lg.res" 1448
"../../../Engine/Content/Internationalization/icudt64l/lang/lkt.res" 1449
"../../../Engine/Content/Internationalization/icudt64l/region/lkt.res" 1450
"../../../Engine/Content/Internationalization/icudt64l/lang/ln.res" 1451
"../../../Engine/Content/Internationalization/icudt64l/region/ln.res" 1452
"../../../Engine/Content/Internationalization/icudt64l/lang/lo.res" 1453
"../../../Engine/Content/Internationalization/icudt64l/region/lo.res" 1454
"../../../Engine/Content/Internationalization/icudt64l/lang/lrc.res" 1455
"../../../Engine/Content/Internationalization/icudt64l/region/lrc.res" 1456
"../../../Engine/Content/Internationalization/icudt64l/lang/lt.res" 1457
"../../../Engine/Content/Internationalization/icudt64l/region/lt.res" 1458
"../../../Engine/Content/Internationalization/icudt64l/lang/lu.res" 1459
"../../../Engine/Content/Internationalization/icudt64l/region/lu.res" 1460
"../../../Engine/Content/Internationalization/icudt64l/lang/luo.res" 1461
"../../../Engine/Content/Internationalization/icudt64l/region/luo.res" 1462
"../../../Engine/Content/Internationalization/icudt64l/lang/luy.res" 1463
"../../../Engine/Content/Internationalization/icudt64l/region/luy.res" 1464
"../../../Engine/Content/Internationalization/icudt64l/lang/lv.res" 1465
"../../../Engine/Content/Internationalization/icudt64l/region/lv.res" 1466
"../../../Engine/Content/Internationalization/icudt64l/lang/mas.res" 1467
"../../../Engine/Content/Internationalization/icudt64l/region/mas.res" 1468
"../../../Engine/Content/Internationalization/icudt64l/lang/mer.res" 1469
"../../../Engine/Content/Internationalization/icudt64l/region/mer.res" 1470
"../../../Engine/Content/Internationalization/icudt64l/lang/mfe.res" 1471
"../../../Engine/Content/Internationalization/icudt64l/region/mfe.res" 1472
"../../../Engine/Content/Internationalization/icudt64l/lang/mg.res" 1473
"../../../Engine/Content/Internationalization/icudt64l/region/mg.res" 1474
"../../../Engine/Content/Internationalization/icudt64l/lang/mgh.res" 1475
"../../../Engine/Content/Internationalization/icudt64l/region/mgh.res" 1476
"../../../Engine/Content/Internationalization/icudt64l/lang/mgo.res" 1477
"../../../Engine/Content/Internationalization/icudt64l/region/mgo.res" 1478
"../../../Engine/Content/Internationalization/icudt64l/lang/mi.res" 1479
"../../../Engine/Content/Internationalization/icudt64l/region/mi.res" 1480
"../../../Engine/Content/Internationalization/icudt64l/lang/mk.res" 1481
"../../../Engine/Content/Internationalization/icudt64l/region/mk.res" 1482
"../../../Engine/Content/Internationalization/icudt64l/lang/ml.res" 1483
"../../../Engine/Content/Internationalization/icudt64l/region/ml.res" 1484
"../../../Engine/Content/Internationalization/icudt64l/lang/mn.res" 1485
"../../../Engine/Content/Internationalization/icudt64l/region/mn.res" 1486
"../../../Engine/Content/Internationalization/icudt64l/lang/mr.res" 1487
"../../../Engine/Content/Internationalization/icudt64l/region/mr.res" 1488
"../../../Engine/Content/Internationalization/icudt64l/lang/ms.res" 1489
"../../../Engine/Content/Internationalization/icudt64l/region/ms.res" 1490
"../../../Engine/Content/Internationalization/icudt64l/lang/mt.res" 1491
"../../../Engine/Content/Internationalization/icudt64l/region/mt.res" 1492
"../../../Engine/Content/Internationalization/icudt64l/lang/mua.res" 1493
"../../../Engine/Content/Internationalization/icudt64l/region/mua.res" 1494
"../../../Engine/Content/Internationalization/icudt64l/lang/my.res" 1495
"../../../Engine/Content/Internationalization/icudt64l/region/my.res" 1496
"../../../Engine/Content/Internationalization/icudt64l/lang/mzn.res" 1497
"../../../Engine/Content/Internationalization/icudt64l/region/mzn.res" 1498
"../../../Engine/Content/Internationalization/icudt64l/lang/naq.res" 1499
"../../../Engine/Content/Internationalization/icudt64l/region/naq.res" 1500
"../../../Engine/Content/Internationalization/icudt64l/lang/nb.res" 1501
"../../../Engine/Content/Internationalization/icudt64l/lang/nb_NO.res" 1502
"../../../Engine/Content/Internationalization/icudt64l/region/nb_NO.res" 1503
"../../../Engine/Content/Internationalization/icudt64l/region/nb.res" 1504
"../../../Engine/Content/Internationalization/icudt64l/lang/nd.res" 1505
"../../../Engine/Content/Internationalization/icudt64l/region/nd.res" 1506
"../../../Engine/Content/Internationalization/icudt64l/lang/nds.res" 1507
"../../../Engine/Content/Internationalization/icudt64l/region/nds.res" 1508
"../../../Engine/Content/Internationalization/icudt64l/lang/ne.res" 1509
"../../../Engine/Content/Internationalization/icudt64l/region/ne.res" 1510
"../../../Engine/Content/Internationalization/icudt64l/lang/nl.res" 1511
"../../../Engine/Content/Internationalization/icudt64l/region/nl.res" 1512
"../../../Engine/Content/Internationalization/icudt64l/lang/nmg.res" 1513
"../../../Engine/Content/Internationalization/icudt64l/region/nmg.res" 1514
"../../../Engine/Content/Internationalization/icudt64l/lang/nn.res" 1515
"../../../Engine/Content/Internationalization/icudt64l/lang/nn_NO.res" 1516
"../../../Engine/Content/Internationalization/icudt64l/region/nn_NO.res" 1517
"../../../Engine/Content/Internationalization/icudt64l/region/nn.res" 1518
"../../../Engine/Content/Internationalization/icudt64l/lang/nnh.res" 1519
"../../../Engine/Content/Internationalization/icudt64l/region/nnh.res" 1520
"../../../Engine/Content/Internationalization/icudt64l/lang/nus.res" 1521
"../../../Engine/Content/Internationalization/icudt64l/region/nus.res" 1522
"../../../Engine/Content/Internationalization/icudt64l/lang/nyn.res" 1523
"../../../Engine/Content/Internationalization/icudt64l/region/nyn.res" 1524
"../../../Engine/Content/Internationalization/icudt64l/lang/om.res" 1525
"../../../Engine/Content/Internationalization/icudt64l/region/om.res" 1526
"../../../Engine/Content/Internationalization/icudt64l/lang/or.res" 1527
"../../../Engine/Content/Internationalization/icudt64l/region/or.res" 1528
"../../../Engine/Content/Internationalization/icudt64l/lang/os.res" 1529
"../../../Engine/Content/Internationalization/icudt64l/region/os.res" 1530
"../../../Engine/Content/Internationalization/icudt64l/lang/pa.res" 1531
"../../../Engine/Content/Internationalization/icudt64l/lang/pa_Arab.res" 1532
"../../../Engine/Content/Internationalization/icudt64l/lang/pa_PK.res" 1533
"../../../Engine/Content/Internationalization/icudt64l/lang/pa_Arab_PK.res" 1534
"../../../Engine/Content/Internationalization/icudt64l/region/pa_PK.res" 1535
"../../../Engine/Content/Internationalization/icudt64l/region/pa_Arab_PK.res" 1536
"../../../Engine/Content/Internationalization/icudt64l/region/pa_Arab.res" 1537
"../../../Engine/Content/Internationalization/icudt64l/lang/pa_Guru.res" 1538
"../../../Engine/Content/Internationalization/icudt64l/lang/pa_IN.res" 1539
"../../../Engine/Content/Internationalization/icudt64l/lang/pa_Guru_IN.res" 1540
"../../../Engine/Content/Internationalization/icudt64l/region/pa_IN.res" 1541
"../../../Engine/Content/Internationalization/icudt64l/region/pa_Guru_IN.res" 1542
"../../../Engine/Content/Internationalization/icudt64l/region/pa_Guru.res" 1543
"../../../Engine/Content/Internationalization/icudt64l/region/pa.res" 1544
"../../../Engine/Content/Internationalization/icudt64l/lang/pl.res" 1545
"../../../Engine/Content/Internationalization/icudt64l/region/pl.res" 1546
"../../../Engine/Content/Internationalization/icudt64l/lang/ps.res" 1547
"../../../Engine/Content/Internationalization/icudt64l/region/ps.res" 1548
"../../../Engine/Content/Internationalization/icudt64l/lang/ps_PK.res" 1549
"../../../Engine/Content/Internationalization/icudt64l/region/ps_PK.res" 1550
"../../../Engine/Content/Internationalization/icudt64l/lang/pt.res" 1551
"../../../Engine/Content/Internationalization/icudt64l/lang/pt_AO.res" 1552
"../../../Engine/Content/Internationalization/icudt64l/lang/pt_PT.res" 1553
"../../../Engine/Content/Internationalization/icudt64l/region/pt_AO.res" 1554
"../../../Engine/Content/Internationalization/icudt64l/region/pt_PT.res" 1555
"../../../Engine/Content/Internationalization/icudt64l/region/pt.res" 1556
"../../../Engine/Content/Internationalization/icudt64l/lang/pt_CH.res" 1557
"../../../Engine/Content/Internationalization/icudt64l/region/pt_CH.res" 1558
"../../../Engine/Content/Internationalization/icudt64l/lang/pt_CV.res" 1559
"../../../Engine/Content/Internationalization/icudt64l/region/pt_CV.res" 1560
"../../../Engine/Content/Internationalization/icudt64l/lang/pt_GQ.res" 1561
"../../../Engine/Content/Internationalization/icudt64l/region/pt_GQ.res" 1562
"../../../Engine/Content/Internationalization/icudt64l/lang/pt_GW.res" 1563
"../../../Engine/Content/Internationalization/icudt64l/region/pt_GW.res" 1564
"../../../Engine/Content/Internationalization/icudt64l/lang/pt_LU.res" 1565
"../../../Engine/Content/Internationalization/icudt64l/region/pt_LU.res" 1566
"../../../Engine/Content/Internationalization/icudt64l/lang/pt_MO.res" 1567
"../../../Engine/Content/Internationalization/icudt64l/region/pt_MO.res" 1568
"../../../Engine/Content/Internationalization/icudt64l/lang/pt_MZ.res" 1569
"../../../Engine/Content/Internationalization/icudt64l/region/pt_MZ.res" 1570
"../../../Engine/Content/Internationalization/icudt64l/lang/pt_ST.res" 1571
"../../../Engine/Content/Internationalization/icudt64l/region/pt_ST.res" 1572
"../../../Engine/Content/Internationalization/icudt64l/lang/pt_TL.res" 1573
"../../../Engine/Content/Internationalization/icudt64l/region/pt_TL.res" 1574
"../../../Engine/Content/Internationalization/icudt64l/lang/qu.res" 1575
"../../../Engine/Content/Internationalization/icudt64l/region/qu.res" 1576
"../../../Engine/Content/Internationalization/icudt64l/lang/rm.res" 1577
"../../../Engine/Content/Internationalization/icudt64l/region/rm.res" 1578
"../../../Engine/Content/Internationalization/icudt64l/lang/rn.res" 1579
"../../../Engine/Content/Internationalization/icudt64l/region/rn.res" 1580
"../../../Engine/Content/Internationalization/icudt64l/lang/ro.res" 1581
"../../../Engine/Content/Internationalization/icudt64l/lang/ro_MD.res" 1582
"../../../Engine/Content/Internationalization/icudt64l/region/ro_MD.res" 1583
"../../../Engine/Content/Internationalization/icudt64l/region/ro.res" 1584
"../../../Engine/Content/Internationalization/icudt64l/lang/rof.res" 1585
"../../../Engine/Content/Internationalization/icudt64l/region/rof.res" 1586
"../../../Engine/Content/Internationalization/icudt64l/lang/ru.res" 1587
"../../../Engine/Content/Internationalization/icudt64l/region/ru.res" 1588
"../../../Engine/Content/Internationalization/icudt64l/region/ru_UA.res" 1589
"../../../Engine/Content/Internationalization/icudt64l/lang/rw.res" 1590
"../../../Engine/Content/Internationalization/icudt64l/region/rw.res" 1591
"../../../Engine/Content/Internationalization/icudt64l/lang/rwk.res" 1592
"../../../Engine/Content/Internationalization/icudt64l/region/rwk.res" 1593
"../../../Engine/Content/Internationalization/icudt64l/lang/sah.res" 1594
"../../../Engine/Content/Internationalization/icudt64l/region/sah.res" 1595
"../../../Engine/Content/Internationalization/icudt64l/lang/saq.res" 1596
"../../../Engine/Content/Internationalization/icudt64l/region/saq.res" 1597
"../../../Engine/Content/Internationalization/icudt64l/lang/sbp.res" 1598
"../../../Engine/Content/Internationalization/icudt64l/region/sbp.res" 1599
"../../../Engine/Content/Internationalization/icudt64l/lang/sd.res" 1600
"../../../Engine/Content/Internationalization/icudt64l/region/sd.res" 1601
"../../../Engine/Content/Internationalization/icudt64l/lang/se.res" 1602
"../../../Engine/Content/Internationalization/icudt64l/lang/se_FI.res" 1603
"../../../Engine/Content/Internationalization/icudt64l/region/se_FI.res" 1604
"../../../Engine/Content/Internationalization/icudt64l/region/se.res" 1605
"../../../Engine/Content/Internationalization/icudt64l/lang/seh.res" 1606
"../../../Engine/Content/Internationalization/icudt64l/region/seh.res" 1607
"../../../Engine/Content/Internationalization/icudt64l/lang/ses.res" 1608
"../../../Engine/Content/Internationalization/icudt64l/region/ses.res" 1609
"../../../Engine/Content/Internationalization/icudt64l/lang/sg.res" 1610
"../../../Engine/Content/Internationalization/icudt64l/region/sg.res" 1611
"../../../Engine/Content/Internationalization/icudt64l/lang/shi.res" 1612
"../../../Engine/Content/Internationalization/icudt64l/lang/shi_Latn.res" 1613
"../../../Engine/Content/Internationalization/icudt64l/lang/shi_MA.res" 1614
"../../../Engine/Content/Internationalization/icudt64l/lang/shi_Tfng_MA.res" 1615
"../../../Engine/Content/Internationalization/icudt64l/lang/shi_Tfng.res" 1616
"../../../Engine/Content/Internationalization/icudt64l/region/shi_MA.res" 1617
"../../../Engine/Content/Internationalization/icudt64l/region/shi_Tfng_MA.res" 1618
"../../../Engine/Content/Internationalization/icudt64l/region/shi_Tfng.res" 1619
"../../../Engine/Content/Internationalization/icudt64l/region/shi.res" 1620
"../../../Engine/Content/Internationalization/icudt64l/region/shi_Latn.res" 1621
"../../../Engine/Content/Internationalization/icudt64l/lang/si.res" 1622
"../../../Engine/Content/Internationalization/icudt64l/region/si.res" 1623
"../../../Engine/Content/Internationalization/icudt64l/lang/sk.res" 1624
"../../../Engine/Content/Internationalization/icudt64l/region/sk.res" 1625
"../../../Engine/Content/Internationalization/icudt64l/lang/sl.res" 1626
"../../../Engine/Content/Internationalization/icudt64l/region/sl.res" 1627
"../../../Engine/Content/Internationalization/icudt64l/lang/smn.res" 1628
"../../../Engine/Content/Internationalization/icudt64l/region/smn.res" 1629
"../../../Engine/Content/Internationalization/icudt64l/lang/sn.res" 1630
"../../../Engine/Content/Internationalization/icudt64l/region/sn.res" 1631
"../../../Engine/Content/Internationalization/icudt64l/lang/so.res" 1632
"../../../Engine/Content/Internationalization/icudt64l/region/so.res" 1633
"../../../Engine/Content/Internationalization/icudt64l/lang/sq.res" 1634
"../../../Engine/Content/Internationalization/icudt64l/region/sq.res" 1635
"../../../Engine/Content/Internationalization/icudt64l/lang/sr.res" 1636
"../../../Engine/Content/Internationalization/icudt64l/lang/sr_Cyrl.res" 1637
"../../../Engine/Content/Internationalization/icudt64l/lang/sr_BA.res" 1638
"../../../Engine/Content/Internationalization/icudt64l/lang/sr_Cyrl_BA.res" 1639
"../../../Engine/Content/Internationalization/icudt64l/region/sr_BA.res" 1640
"../../../Engine/Content/Internationalization/icudt64l/region/sr_Cyrl_BA.res" 1641
"../../../Engine/Content/Internationalization/icudt64l/region/sr_Cyrl.res" 1642
"../../../Engine/Content/Internationalization/icudt64l/region/sr.res" 1643
"../../../Engine/Content/Internationalization/icudt64l/lang/sr_ME.res" 1644
"../../../Engine/Content/Internationalization/icudt64l/lang/sr_Latn_ME.res" 1645
"../../../Engine/Content/Internationalization/icudt64l/lang/sr_Latn.res" 1646
"../../../Engine/Content/Internationalization/icudt64l/region/sr_ME.res" 1647
"../../../Engine/Content/Internationalization/icudt64l/region/sr_Latn_ME.res" 1648
"../../../Engine/Content/Internationalization/icudt64l/region/sr_Latn.res" 1649
"../../../Engine/Content/Internationalization/icudt64l/lang/sr_Cyrl_ME.res" 1650
"../../../Engine/Content/Internationalization/icudt64l/region/sr_Cyrl_ME.res" 1651
"../../../Engine/Content/Internationalization/icudt64l/lang/sr_RS.res" 1652
"../../../Engine/Content/Internationalization/icudt64l/lang/sr_Cyrl_RS.res" 1653
"../../../Engine/Content/Internationalization/icudt64l/region/sr_RS.res" 1654
"../../../Engine/Content/Internationalization/icudt64l/region/sr_Cyrl_RS.res" 1655
"../../../Engine/Content/Internationalization/icudt64l/lang/sr_XK.res" 1656
"../../../Engine/Content/Internationalization/icudt64l/lang/sr_Cyrl_XK.res" 1657
"../../../Engine/Content/Internationalization/icudt64l/region/sr_XK.res" 1658
"../../../Engine/Content/Internationalization/icudt64l/region/sr_Cyrl_XK.res" 1659
"../../../Engine/Content/Internationalization/icudt64l/lang/sr_Latn_BA.res" 1660
"../../../Engine/Content/Internationalization/icudt64l/region/sr_Latn_BA.res" 1661
"../../../Engine/Content/Internationalization/icudt64l/lang/sr_Latn_RS.res" 1662
"../../../Engine/Content/Internationalization/icudt64l/region/sr_Latn_RS.res" 1663
"../../../Engine/Content/Internationalization/icudt64l/lang/sr_Latn_XK.res" 1664
"../../../Engine/Content/Internationalization/icudt64l/region/sr_Latn_XK.res" 1665
"../../../Engine/Content/Internationalization/icudt64l/lang/sv.res" 1666
"../../../Engine/Content/Internationalization/icudt64l/region/sv.res" 1667
"../../../Engine/Content/Internationalization/icudt64l/lang/sv_FI.res" 1668
"../../../Engine/Content/Internationalization/icudt64l/lang/sw.res" 1669
"../../../Engine/Content/Internationalization/icudt64l/lang/sw_CD.res" 1670
"../../../Engine/Content/Internationalization/icudt64l/region/sw_CD.res" 1671
"../../../Engine/Content/Internationalization/icudt64l/region/sw.res" 1672
"../../../Engine/Content/Internationalization/icudt64l/lang/sw_KE.res" 1673
"../../../Engine/Content/Internationalization/icudt64l/region/sw_KE.res" 1674
"../../../Engine/Content/Internationalization/icudt64l/lang/ta.res" 1675
"../../../Engine/Content/Internationalization/icudt64l/region/ta.res" 1676
"../../../Engine/Content/Internationalization/icudt64l/lang/te.res" 1677
"../../../Engine/Content/Internationalization/icudt64l/region/te.res" 1678
"../../../Engine/Content/Internationalization/icudt64l/lang/teo.res" 1679
"../../../Engine/Content/Internationalization/icudt64l/region/teo.res" 1680
"../../../Engine/Content/Internationalization/icudt64l/lang/tg.res" 1681
"../../../Engine/Content/Internationalization/icudt64l/region/tg.res" 1682
"../../../Engine/Content/Internationalization/icudt64l/lang/th.res" 1683
"../../../Engine/Content/Internationalization/icudt64l/lang/th_TH.res" 1684
"../../../Engine/Content/Internationalization/icudt64l/region/th_TH.res" 1685
"../../../Engine/Content/Internationalization/icudt64l/region/th.res" 1686
"../../../Engine/Content/Internationalization/icudt64l/lang/ti.res" 1687
"../../../Engine/Content/Internationalization/icudt64l/region/ti.res" 1688
"../../../Engine/Content/Internationalization/icudt64l/lang/tk.res" 1689
"../../../Engine/Content/Internationalization/icudt64l/region/tk.res" 1690
"../../../Engine/Content/Internationalization/icudt64l/lang/to.res" 1691
"../../../Engine/Content/Internationalization/icudt64l/region/to.res" 1692
"../../../Engine/Content/Internationalization/icudt64l/lang/tr.res" 1693
"../../../Engine/Content/Internationalization/icudt64l/region/tr.res" 1694
"../../../Engine/Content/Internationalization/icudt64l/lang/tt.res" 1695
"../../../Engine/Content/Internationalization/icudt64l/region/tt.res" 1696
"../../../Engine/Content/Internationalization/icudt64l/lang/twq.res" 1697
"../../../Engine/Content/Internationalization/icudt64l/region/twq.res" 1698
"../../../Engine/Content/Internationalization/icudt64l/lang/tzm.res" 1699
"../../../Engine/Content/Internationalization/icudt64l/region/tzm.res" 1700
"../../../Engine/Content/Internationalization/icudt64l/lang/ug.res" 1701
"../../../Engine/Content/Internationalization/icudt64l/region/ug.res" 1702
"../../../Engine/Content/Internationalization/icudt64l/lang/uk.res" 1703
"../../../Engine/Content/Internationalization/icudt64l/region/uk.res" 1704
"../../../Engine/Content/Internationalization/icudt64l/lang/ur.res" 1705
"../../../Engine/Content/Internationalization/icudt64l/lang/ur_IN.res" 1706
"../../../Engine/Content/Internationalization/icudt64l/region/ur_IN.res" 1707
"../../../Engine/Content/Internationalization/icudt64l/region/ur.res" 1708
"../../../Engine/Content/Internationalization/icudt64l/lang/uz.res" 1709
"../../../Engine/Content/Internationalization/icudt64l/lang/uz_Arab.res" 1710
"../../../Engine/Content/Internationalization/icudt64l/lang/uz_AF.res" 1711
"../../../Engine/Content/Internationalization/icudt64l/lang/uz_Arab_AF.res" 1712
"../../../Engine/Content/Internationalization/icudt64l/region/uz_AF.res" 1713
"../../../Engine/Content/Internationalization/icudt64l/region/uz_Arab_AF.res" 1714
"../../../Engine/Content/Internationalization/icudt64l/region/uz_Arab.res" 1715
"../../../Engine/Content/Internationalization/icudt64l/lang/uz_Cyrl.res" 1716
"../../../Engine/Content/Internationalization/icudt64l/lang/uz_UZ.res" 1717
"../../../Engine/Content/Internationalization/icudt64l/lang/uz_Latn_UZ.res" 1718
"../../../Engine/Content/Internationalization/icudt64l/lang/uz_Latn.res" 1719
"../../../Engine/Content/Internationalization/icudt64l/region/uz_UZ.res" 1720
"../../../Engine/Content/Internationalization/icudt64l/region/uz_Latn_UZ.res" 1721
"../../../Engine/Content/Internationalization/icudt64l/region/uz_Latn.res" 1722
"../../../Engine/Content/Internationalization/icudt64l/region/uz.res" 1723
"../../../Engine/Content/Internationalization/icudt64l/region/uz_Cyrl.res" 1724
"../../../Engine/Content/Internationalization/icudt64l/lang/vai.res" 1725
"../../../Engine/Content/Internationalization/icudt64l/lang/vai_Latn.res" 1726
"../../../Engine/Content/Internationalization/icudt64l/lang/vai_LR.res" 1727
"../../../Engine/Content/Internationalization/icudt64l/lang/vai_Vaii_LR.res" 1728
"../../../Engine/Content/Internationalization/icudt64l/lang/vai_Vaii.res" 1729
"../../../Engine/Content/Internationalization/icudt64l/region/vai_LR.res" 1730
"../../../Engine/Content/Internationalization/icudt64l/region/vai_Vaii_LR.res" 1731
"../../../Engine/Content/Internationalization/icudt64l/region/vai_Vaii.res" 1732
"../../../Engine/Content/Internationalization/icudt64l/region/vai.res" 1733
"../../../Engine/Content/Internationalization/icudt64l/region/vai_Latn.res" 1734
"../../../Engine/Content/Internationalization/icudt64l/lang/vi.res" 1735
"../../../Engine/Content/Internationalization/icudt64l/region/vi.res" 1736
"../../../Engine/Content/Internationalization/icudt64l/lang/vun.res" 1737
"../../../Engine/Content/Internationalization/icudt64l/region/vun.res" 1738
"../../../Engine/Content/Internationalization/icudt64l/lang/wae.res" 1739
"../../../Engine/Content/Internationalization/icudt64l/region/wae.res" 1740
"../../../Engine/Content/Internationalization/icudt64l/lang/wo.res" 1741
"../../../Engine/Content/Internationalization/icudt64l/region/wo.res" 1742
"../../../Engine/Content/Internationalization/icudt64l/lang/xh.res" 1743
"../../../Engine/Content/Internationalization/icudt64l/region/xh.res" 1744
"../../../Engine/Content/Internationalization/icudt64l/lang/xog.res" 1745
"../../../Engine/Content/Internationalization/icudt64l/region/xog.res" 1746
"../../../Engine/Content/Internationalization/icudt64l/lang/yav.res" 1747
"../../../Engine/Content/Internationalization/icudt64l/region/yav.res" 1748
"../../../Engine/Content/Internationalization/icudt64l/lang/yi.res" 1749
"../../../Engine/Content/Internationalization/icudt64l/region/yi.res" 1750
"../../../Engine/Content/Internationalization/icudt64l/lang/yo.res" 1751
"../../../Engine/Content/Internationalization/icudt64l/lang/yo_BJ.res" 1752
"../../../Engine/Content/Internationalization/icudt64l/region/yo_BJ.res" 1753
"../../../Engine/Content/Internationalization/icudt64l/region/yo.res" 1754
"../../../Engine/Content/Internationalization/icudt64l/lang/yue.res" 1755
"../../../Engine/Content/Internationalization/icudt64l/lang/yue_Hans.res" 1756
"../../../Engine/Content/Internationalization/icudt64l/lang/yue_CN.res" 1757
"../../../Engine/Content/Internationalization/icudt64l/lang/yue_Hans_CN.res" 1758
"../../../Engine/Content/Internationalization/icudt64l/region/yue_CN.res" 1759
"../../../Engine/Content/Internationalization/icudt64l/region/yue_Hans_CN.res" 1760
"../../../Engine/Content/Internationalization/icudt64l/region/yue_Hans.res" 1761
"../../../Engine/Content/Internationalization/icudt64l/lang/yue_Hant.res" 1762
"../../../Engine/Content/Internationalization/icudt64l/lang/yue_HK.res" 1763
"../../../Engine/Content/Internationalization/icudt64l/lang/yue_Hant_HK.res" 1764
"../../../Engine/Content/Internationalization/icudt64l/region/yue_HK.res" 1765
"../../../Engine/Content/Internationalization/icudt64l/region/yue_Hant_HK.res" 1766
"../../../Engine/Content/Internationalization/icudt64l/region/yue_Hant.res" 1767
"../../../Engine/Content/Internationalization/icudt64l/region/yue.res" 1768
"../../../Engine/Content/Internationalization/icudt64l/lang/zgh.res" 1769
"../../../Engine/Content/Internationalization/icudt64l/region/zgh.res" 1770
"../../../Engine/Content/Internationalization/icudt64l/lang/zh_HK.res" 1771
"../../../Engine/Content/Internationalization/icudt64l/lang/zh_Hant_HK.res" 1772
"../../../Engine/Content/Internationalization/icudt64l/lang/zh_Hant.res" 1773
"../../../Engine/Content/Internationalization/icudt64l/region/zh_HK.res" 1774
"../../../Engine/Content/Internationalization/icudt64l/region/zh_Hant_HK.res" 1775
"../../../Engine/Content/Internationalization/icudt64l/region/zh_Hant.res" 1776
"../../../Engine/Content/Internationalization/icudt64l/lang/zh_MO.res" 1777
"../../../Engine/Content/Internationalization/icudt64l/lang/zh_Hant_MO.res" 1778
"../../../Engine/Content/Internationalization/icudt64l/region/zh_MO.res" 1779
"../../../Engine/Content/Internationalization/icudt64l/region/zh_Hant_MO.res" 1780
"../../../Engine/Content/Internationalization/icudt64l/lang/zh_SG.res" 1781
"../../../Engine/Content/Internationalization/icudt64l/lang/zh_Hans_SG.res" 1782
"../../../Engine/Content/Internationalization/icudt64l/region/zh_SG.res" 1783
"../../../Engine/Content/Internationalization/icudt64l/region/zh_Hans_SG.res" 1784
"../../../Engine/Content/Internationalization/icudt64l/lang/zh_TW.res" 1785
"../../../Engine/Content/Internationalization/icudt64l/lang/zh_Hant_TW.res" 1786
"../../../Engine/Content/Internationalization/icudt64l/region/zh_TW.res" 1787
"../../../Engine/Content/Internationalization/icudt64l/region/zh_Hant_TW.res" 1788
"../../../Engine/Content/Internationalization/icudt64l/lang/zu.res" 1789
"../../../Engine/Content/Internationalization/icudt64l/region/zu.res" 1790
"../../../Engine/Content/Internationalization/icudt64l/lang/no.res" 1791
"../../../Engine/Content/Internationalization/icudt64l/lang/tl.res" 1792
"../../../Engine/Config/Android/DataDrivenPlatformInfo.ini" 1793
"../../../Engine/Config/IOS/DataDrivenPlatformInfo.ini" 1794
"../../../Engine/Config/Linux/DataDrivenPlatformInfo.ini" 1795
"../../../Engine/Config/LinuxArm64/DataDrivenPlatformInfo.ini" 1796
"../../../Engine/Config/Mac/DataDrivenPlatformInfo.ini" 1797
"../../../Engine/Config/TVOS/DataDrivenPlatformInfo.ini" 1798
"../../../Engine/Config/Unix/DataDrivenPlatformInfo.ini" 1799
"../../../Engine/Config/VulkanPC/DataDrivenPlatformInfo.ini" 1800
"../../../Engine/Config/Windows/DataDrivenPlatformInfo.ini" 1801
"../../../Engine/Platforms/VisionOS/Config/DataDrivenPlatformInfo.ini" 1802
"../../../Engine/DerivedDataCache/Compressed.ddp" 1803
"C:/Users/Mike/AppData/Local/UnrealEngine/5.4/Saved/Zen/zen.version" 1804
"C:/Users/Mike/AppData/Local/UnrealEngine/Common/Zen/Install/zen.version" 1805
"C:/Users/Mike/AppData/Local/UnrealEngine/Common/Zen/Install/zenserver.runcontext" 1806
"C:/Users/Mike/AppData/Local/UnrealEngine/Common/DerivedDataCache/TestData/0/TestData_4kb.dat" 1807
"C:/Users/Mike/AppData/Local/UnrealEngine/Common/DerivedDataCache/TestData/1/TestData_4kb.dat" 1808
"C:/Users/Mike/AppData/Local/UnrealEngine/Common/DerivedDataCache/TestData/0/TestData_8kb.dat" 1809
"C:/Users/Mike/AppData/Local/UnrealEngine/Common/DerivedDataCache/TestData/1/TestData_8kb.dat" 1810
"C:/Users/Mike/AppData/Local/UnrealEngine/Common/DerivedDataCache/TestData/0/TestData_16kb.dat" 1811
"C:/Users/Mike/AppData/Local/UnrealEngine/Common/DerivedDataCache/TestData/1/TestData_16kb.dat" 1812
"C:/Users/Mike/AppData/Local/UnrealEngine/Common/DerivedDataCache/TestData/0/TestData_64kb.dat" 1813
"C:/Users/Mike/AppData/Local/UnrealEngine/Common/DerivedDataCache/TestData/1/TestData_64kb.dat" 1814
"C:/Users/Mike/AppData/Local/UnrealEngine/Common/DerivedDataCache/TestData/0/TestData_128kb.dat" 1815
"C:/Users/Mike/AppData/Local/UnrealEngine/Common/DerivedDataCache/TestData/1/TestData_128kb.dat" 1816
"C:/Users/Mike/AppData/Local/UnrealEngine/Common/DerivedDataCache/TestData/0/TestData_256kb.dat" 1817
"C:/Users/Mike/AppData/Local/UnrealEngine/Common/DerivedDataCache/TestData/1/TestData_256kb.dat" 1818
"E:/Unreal Projects/MyPokemonDemo/Intermediate/ShaderAutogen/PCD3D_SM5/AutogenShaderHeaders.ush" 1819
"../../../Engine/Shaders/Private/HairStrands/HairStrandsVertexFactory.ush" 1820
"../../../Engine/Shaders/Private/VertexFactoryCommon.ush" 1821
"../../../Engine/Shaders/Private/Common.ush" 1822
"../../../Engine/Shaders/Public/Platform.ush" 1823
"../../../Engine/Shaders/Public/FP16Math.ush" 1824
"../../../Engine/Shaders/Public/Platform/D3D/D3DCommon.ush" 1825
"../../../Engine/Shaders/Shared/HLSLReservedSpaces.h" 1826
"../../../Engine/Shaders/Public/BindlessResources.ush" 1827
"../../../Engine/Shaders/Public/OverloadMacros.ush" 1828
"../../../Engine/Shaders/Public/ShaderVersion.ush" 1829
"../../../Engine/Shaders/Private/PackUnpack.ush" 1830
"../../../Engine/Shaders/Private/GeneratedUniformBufferTypes.ush" 1831
"../../../Engine/Shaders/Private/Nanite/NanitePackedNaniteView.ush" 1832
"../../../Engine/Shaders/Private/HairStrands/HairStrandsVisibilityCommonStruct.ush" 1833
"../../../Engine/Shaders/Private/HairStrands/HairStrandsVoxelPageCommonStruct.ush" 1834
"../../../Engine/Shaders/Private/HairStrands/HairStrandsDeepShadowCommonStruct.ush" 1835
"../../../Engine/Shaders/Shared/LightSceneData.h" 1836
"../../../Engine/Shaders/Shared/HLSLTypeAliases.h" 1837
"../../../Engine/Shaders/Private/LargeWorldCoordinates.ush" 1838
"../../../Engine/Shaders/Private/DoubleFloat.ush" 1839
"../../../Engine/Shaders/Private/DoubleFloatOperations.ush" 1840
"../../../Engine/Shaders/Private/DoubleFloatVectorDefinition.ush" 1841
"../../../Engine/Shaders/Private/LWCOperations.ush" 1842
"../../../Engine/Shaders/Private/CommonViewUniformBuffer.ush" 1843
"../../../Engine/Shaders/Private/InstancedStereo.ush" 1844
"../../../Engine/Shaders/Private/Definitions.usf" 1845
"../../../Engine/Shaders/Private/AssertionMacros.ush" 1846
"../../../Engine/Shaders/Private/FastMath.ush" 1847
"../../../Engine/Shaders/Private/FastMathThirdParty.ush" 1848
"../../../Engine/Shaders/Private/Random.ush" 1849
"../../../Engine/Shaders/Private/SceneData.ush" 1850
"../../../Engine/Shaders/Private/OctahedralCommon.ush" 1851
"../../../Engine/Shaders/Private/WaveOpUtil.ush" 1852
"../../../Engine/Shaders/Shared/SceneDefinitions.h" 1853
"../../../Engine/Shaders/Private/SceneDataMobileLoader.ush" 1854
"../../../Engine/Shaders/Private/LocalVertexFactoryCommon.ush" 1855
"../../../Engine/Shaders/Private/HairStrands/HairStrandsVisibilityCommon.ush" 1856
"../../../Engine/Shaders/Shared/HairStrandsDefinitions.h" 1857
"../../../Engine/Shaders/Private/HairStrands/HairStrandsVertexFactoryCommon.ush" 1858
"../../../Engine/Shaders/Private/HairStrands/HairStrandsPack.ush" 1859
"../../../Engine/Shaders/Private/HairStrands/HairStrandsAttributeCommon.ush" 1860
"../../../Engine/Shaders/Private/HairStrands/HairStrandsAttributeTemplate.ush" 1861
"../../../Engine/Shaders/Private/VertexFactoryDefaultInterface.ush" 1862
"../../../Engine/Shaders/Private/HairStrands/HairCardsVertexFactory.ush" 1863
"../../../Engine/Shaders/Private/HairStrands/HairCardsAttributeCommon.ush" 1864
"../../../Engine/Shaders/Private/RayTracing/RayTracingCommon.ush" 1865
"../../../Engine/Shaders/Private/ShadingCommon.ush" 1866
"../../../Engine/Shaders/Shared/RayTracingDefinitions.h" 1867
"../../../Engine/Shaders/Shared/RayTracingPayloadType.h" 1868
"../../../Engine/Shaders/Shared/HLSLStaticAssert.h" 1869
"../../../Engine/Shaders/Private/RayTracing/RayTracingRayCone.ush" 1870
"../../../Engine/Shaders/Private/Substrate/Substrate.ush" 1871
"../../../Engine/Shaders/Private/ShadingEnergyConservation.ush" 1872
"../../../Engine/Shaders/Private/ShadingEnergyConservationTemplate.ush" 1873
"../../../Engine/Shaders/Private/BRDF.ush" 1874
"../../../Engine/Shaders/Private/ColorSpace.ush" 1875
"../../../Engine/Shaders/Private/DeferredShadingCommon.ush" 1876
"../../../Engine/Shaders/Private/LightAccumulator.ush" 1877
"../../../Engine/Shaders/Private/SceneTexturesCommon.ush" 1878
"../../../Engine/Shaders/Private/MonteCarlo.ush" 1879
"../../../Engine/Shaders/Private/GBufferHelpers.ush" 1880
"../../../Engine/Shaders/Private/SceneTextureParameters.ush" 1881
"../../../Engine/Shaders/Private/ParticipatingMediaCommon.ush" 1882
"../../../Engine/Shaders/Private/ThinFilmBSDF.ush" 1883
"../../../Engine/Shaders/Private/MortonCode.ush" 1884
"../../../Engine/Shaders/Private/SubsurfaceProfileCommon.ush" 1885
"../../../Engine/Shaders/Private/BurleyNormalizedSSSCommon.ush" 1886
"../../../Engine/Shaders/Private/GammaCorrectionCommon.ush" 1887
"../../../Engine/Shaders/Shared/SubstrateDefinitions.h" 1888
"../../../Engine/Shaders/Private/Substrate/SubstrateStatisticalOperators.ush" 1889
"../../../Engine/Shaders/Private/Substrate/SubstrateSubsurface.ush" 1890
"../../../Engine/Shaders/Private/TransmissionCommon.ush" 1891
"../../../Engine/Shaders/Private/RayTracing/RayTracingCommonMetal.ush" 1892
"../../../Engine/Shaders/Private/PositionReconstructionCommon.ush" 1893
"../../../Engine/Shaders/Private/RayTracing/TraceRayInline.ush" 1894
"../../../Engine/Shaders/Private/RayTracing/TraceRayInlineCommon.ush" 1895
"../../../Engine/Shaders/Private/RayTracing/TraceRayInlineVulkan.ush" 1896
"../../../Engine/Shaders/Private/RayTracing/TraceRayInlineMetal.ush" 1897
"../../../Engine/Shaders/Private/RayTracing/RayTracingHitGroupCommon.ush" 1898
"../../../Engine/Shaders/Shared/RayTracingBuiltInResources.h" 1899
"../../../Engine/Shaders/Private/Nanite/NaniteDataDecode.ush" 1900
"../../../Engine/Shaders/Private/BitPacking.ush" 1901
"../../../Engine/Shaders/Private/BitStreamReaderImplementation.ush" 1902
"../../../Engine/Shaders/Shared/NaniteDefinitions.h" 1903
"../../../Engine/Shaders/Private/Nanite/NaniteAttributeDecode.ush" 1904
"../../../Engine/Shaders/Private/Barycentrics.ush" 1905
"../../../Engine/Shaders/Private/DualNumber.ush" 1906
"../../../Engine/Plugins/FX/Niagara/Shaders/Private/NiagaraSpriteVertexFactory.ush" 1907
"../../../Engine/Shaders/Private/ParticleVertexFactoryCommon.ush" 1908
"../../../Engine/Plugins/FX/Niagara/Shaders/Private/NiagaraVFCommon.usf" 1909
"../../../Engine/Plugins/FX/Niagara/Shaders/Private/NiagaraVFParticleAccess.usf" 1910
"../../../Engine/Plugins/FX/Niagara/Shaders/Private/NiagaraParticleAccess.ush" 1911
"../../../Engine/Plugins/FX/Niagara/Shaders/Private/NiagaraRibbonVertexFactory.ush" 1912
"../../../Engine/Plugins/FX/Niagara/Shaders/Private/NiagaraMeshVertexFactory.ush" 1913
"../../../Engine/Plugins/FX/Niagara/Shaders/Private/NiagaraCommon.ush" 1914
"../../../Engine/Plugins/FX/Niagara/Shaders/Private/NiagaraMeshParticleUtils.ush" 1915
"../../../Engine/Shaders/Private/VectorFieldVisualizationVertexFactory.ush" 1916
"../../../Engine/Shaders/Private/Nanite/NaniteVertexFactory.ush" 1917
"../../../Engine/Shaders/Private/LightmapData.ush" 1918
"../../../Engine/Shaders/Private/SplineMeshCommon.ush" 1919
"../../../Engine/Shaders/Shared/SplineMeshShaderParams.h" 1920
"../../../Engine/Shaders/Private/Quaternion.ush" 1921
"../../../Engine/Shaders/Private/ShaderPrint.ush" 1922
"../../../Engine/Shaders/Private/ShaderPrintCommon.ush" 1923
"../../../Engine/Shaders/Private/MiniFontCommon.ush" 1924
"../../../Engine/Shaders/Private/Nanite/NaniteVertexDeformation.ush" 1925
"../../../Engine/Shaders/Private/ParticleSpriteVertexFactory.ush" 1926
"../../../Engine/Shaders/Private/ParticleGPUSpriteVertexFactory.ush" 1927
"../../../Engine/Shaders/Private/ParticleSimulationCommon.ush" 1928
"../../../Engine/Shaders/Private/ParticleBeamTrailVertexFactory.ush" 1929
"../../../Engine/Shaders/Private/MeshParticleVertexFactory.ush" 1930
"../../../Engine/Shaders/Private/LocalVertexFactory.ush" 1931
"../../../Engine/Shaders/Private/GpuSkinCommon.ush" 1932
"../../../Engine/Shaders/Private/GpuSkinVertexFactory.ush" 1933
"../../../Engine/Shaders/Private/GeometryCollectionVertexFactory.ush" 1934
"../../../Engine/Shaders/Private/GeometryCacheVertexFactory.ush" 1935
"../../../Engine/Shaders/Private/LandscapeVertexFactory.ush" 1936
"../../../Engine/Plugins/Media/WmfMedia/Shaders/Private/MediaHardwareVideoDecoding.usf" 1937
"../../../Engine/Shaders/Private/ColorUtils.ush" 1938
"../../../Engine/Plugins/Media/ImgMedia/Shaders/Private/ExrSwizzler.usf" 1939
"../../../Engine/Plugins/Enterprise/GLTFExporter/Shaders/Private/SimpleTexture2DPS.usf" 1940
"../../../Engine/Shaders/Private/SimpleElementNormalMapPixelShader.usf" 1941
"../../../Engine/Plugins/Runtime/HairStrands/Shaders/Private/NiagaraCopyVelocityGrid.usf" 1942
"../../../Engine/Plugins/Runtime/HairStrands/Shaders/Private/NiagaraClearVelocityGrid.usf" 1943
"../../../Engine/Plugins/Runtime/HairStrands/Shaders/Private/NiagaraClearPressureGrid.usf" 1944
"../../../Engine/Plugins/Runtime/HairStrands/Shaders/Private/NiagaraInterpolateGroomGuides.usf" 1945
"../../../Engine/Plugins/Runtime/HairStrands/Shaders/Private/NiagaraGroomInterpolationUtils.ush" 1946
"../../../Engine/Plugins/FX/Niagara/Shaders/Private/NiagaraQuaternionUtils.ush" 1947
"../../../Engine/Shaders/Private/HairStrands/HairStrandsMesh.usf" 1948
"../../../Engine/Shaders/Private/HairStrands/HairStrandsBindingCommon.ush" 1949
"../../../Engine/Shaders/Private/HairStrands/HairStrandsFollicleMask.usf" 1950
"../../../Engine/Shaders/Private/HairStrands/HairStrandsSkinUpdate.usf" 1951
"../../../Engine/Shaders/Private/HairStrands/HairStrandsClusterCulling.usf" 1952
"../../../Engine/Shaders/Private/ColorMap.ush" 1953
"../../../Engine/Shaders/Private/HairStrands/HairStrandsAABBCommon.ush" 1954
"../../../Engine/Shaders/Private/HairStrands/HairStrandsClusterCommon.ush" 1955
"../../../Engine/Shaders/Private/ThreadGroupPrefixSum.ush" 1956
"../../../Engine/Shaders/Private/HairStrands/HairStrandsRaytracingGeometry.usf" 1957
"../../../Engine/Shaders/Private/HairStrands/HairStrandsTangent.usf" 1958
"../../../Engine/Shaders/Private/HairStrands/HairCardsDeformation.usf" 1959
"../../../Engine/Shaders/Private/HairStrands/HairStrandsInterpolation.usf" 1960
"../../../Engine/Shaders/Private/HairStrands/HairStrandsGuideDeform.usf" 1961
"../../../Engine/Shaders/Private/HairStrands/HairStrandsTexturesGeneration.usf" 1962
"../../../Engine/Shaders/Private/HairStrands/HairCardsTextureCommon.ush" 1963
"../../../Engine/Shaders/Private/HairStrands/HairStrandsTranscode.usf" 1964
"../../../Engine/Shaders/Private/HairStrands/HairStrandsDebug.usf" 1965
"../../../Engine/Shaders/Private/HairShadingCommon.ush" 1966
"../../../Engine/Shaders/Private/PostProcessCommon.ush" 1967
"../../../Engine/Shaders/Private/Matrices.ush" 1968
"../../../Engine/Shaders/Private/ShadingModels.ush" 1969
"../../../Engine/Shaders/Private/CapsuleLight.ush" 1970
"../../../Engine/Shaders/Private/RectLight.ush" 1971
"../../../Engine/Shaders/Private/LightData.ush" 1972
"../../../Engine/Shaders/Shared/LightDefinitions.h" 1973
"../../../Engine/Shaders/Private/AreaLightCommon.ush" 1974
"../../../Engine/Shaders/Private/HairBsdf.ush" 1975
"../../../Engine/Shaders/Private/MobileGGX.ush" 1976
"../../../Engine/Shaders/Private/HairStrands/HairStrandsCommon.ush" 1977
"../../../Engine/Shaders/Private/HairStrands/HairStrandsEnvironmentLightingCommon.ush" 1978
"../../../Engine/Shaders/Private/HairStrands/HairStrandsDeepTransmittanceCommon.ush" 1979
"../../../Engine/Shaders/Private/HairStrands/HairStrandsDeepTransmittanceDualScattering.ush" 1980
"../../../Engine/Shaders/Private/HairStrands/HairStrandsDeepShadowCommon.ush" 1981
"../../../Engine/Shaders/Private/HairStrands/HairStrandsDebugCommonStruct.ush" 1982
"../../../Engine/Plugins/FX/Niagara/Shaders/Private/Stateless/NiagaraStatelessSimulationExample1.usf" 1983
"../../../Engine/Plugins/FX/Niagara/Shaders/Private/Stateless/NiagaraStatelessSimulationTemplate.ush" 1984
"../../../Engine/Plugins/FX/Niagara/Shaders/Private/Stateless/NiagaraStatelessCommon.ush" 1985
"../../../Engine/Plugins/FX/Niagara/Shaders/Private/Stateless/NiagaraStatelessDistribution.ush" 1986
"../../../Engine/Plugins/FX/Niagara/Shaders/Private/Stateless/Modules/NiagaraStatelessModule_CalculateAccurateVelocity.ush" 1987
"../../../Engine/Plugins/FX/Niagara/Shaders/Private/Stateless/Modules/NiagaraStatelessModule_CameraOffset.ush" 1988
"../../../Engine/Plugins/FX/Niagara/Shaders/Private/Stateless/Modules/NiagaraStatelessModule_DynamicMaterialParameters.ush" 1989
"../../../Engine/Plugins/FX/Niagara/Shaders/Private/Stateless/Modules/NiagaraStatelessModule_InitializeParticle.ush" 1990
"../../../Engine/Plugins/FX/Niagara/Shaders/Private/Stateless/Modules/NiagaraStatelessModule_InitialMeshOrientation.ush" 1991
"../../../Engine/Plugins/FX/Niagara/Shaders/Private/Stateless/Modules/NiagaraStatelessModule_MeshIndex.ush" 1992
"../../../Engine/Plugins/FX/Niagara/Shaders/Private/Stateless/Modules/NiagaraStatelessModule_MeshRotationRate.ush" 1993
"../../../Engine/Plugins/FX/Niagara/Shaders/Private/Stateless/Modules/NiagaraStatelessModule_RotateAroundPoint.ush" 1994
"../../../Engine/Plugins/FX/Niagara/Shaders/Private/Stateless/Modules/NiagaraStatelessModule_ShapeLocation.ush" 1995
"../../../Engine/Plugins/FX/Niagara/Shaders/Private/Stateless/Modules/NiagaraStatelessModule_ScaleColor.ush" 1996
"../../../Engine/Plugins/FX/Niagara/Shaders/Private/Stateless/Modules/NiagaraStatelessModule_ScaleSpriteSize.ush" 1997
"../../../Engine/Plugins/FX/Niagara/Shaders/Private/Stateless/Modules/NiagaraStatelessModule_ScaleSpriteSizeBySpeed.ush" 1998
"../../../Engine/Plugins/FX/Niagara/Shaders/Private/Stateless/Modules/NiagaraStatelessModule_ScaleMeshSize.ush" 1999
"../../../Engine/Plugins/FX/Niagara/Shaders/Private/Stateless/Modules/NiagaraStatelessModule_ScaleMeshSizebySpeed.ush" 2000
"../../../Engine/Plugins/FX/Niagara/Shaders/Private/Stateless/Modules/NiagaraStatelessModule_SolveVelocitiesAndForces.ush" 2001
"../../../Engine/Plugins/FX/Niagara/Shaders/Private/Stateless/Modules/NiagaraStatelessModule_SpriteFacingAndAlignment.ush" 2002
"../../../Engine/Plugins/FX/Niagara/Shaders/Private/Stateless/Modules/NiagaraStatelessModule_SpriteRotationRate.ush" 2003
"../../../Engine/Plugins/FX/Niagara/Shaders/Private/Stateless/Modules/NiagaraStatelessModule_SubUVAnimation.ush" 2004
"../../../Engine/Plugins/FX/Niagara/Shaders/Private/Stateless/NiagaraStatelessSimulationDefault.usf" 2005
"../../../Engine/Plugins/FX/Niagara/Shaders/Private/NiagaraSVTToDenseBuffer.usf" 2006
"../../../Engine/Shaders/Private/SparseVolumeTexture/SparseVolumeTextureCommon.ush" 2007
"../../../Engine/Plugins/FX/Niagara/Shaders/Private/NiagaraFillIntBuffer.usf" 2008
"../../../Engine/Plugins/FX/Niagara/Shaders/Private/NiagaraComputeFreeIDs.usf" 2009
"../../../Engine/Plugins/FX/Niagara/Shaders/Private/NiagaraInitFreeIDBuffer.usf" 2010
"../../../Engine/Plugins/FX/Niagara/Shaders/Private/NiagaraEmitterInstanceShader.usf" 2011
"../../../Engine/Plugins/FX/Niagara/Shaders/Private/NiagaraShaderVersion.ush" 2012
"../../../Engine/Shaders/Private/DistanceField/GlobalDistanceFieldShared.ush" 2013
"../../../Engine/Plugins/FX/Niagara/Shaders/Private/NiagaraPhysicsCommon.ush" 2014
"../../../Engine/Plugins/FX/Niagara/Shaders/Private/Ribbons/NiagaraRibbonGenerateIndices.usf" 2015
"../../../Engine/Plugins/FX/Niagara/Shaders/Private/Ribbons/NiagaraRibbonCommon.ush" 2016
"../../../Engine/Plugins/FX/Niagara/Shaders/Private/Ribbons/NiagaraRibbonInitializeIndices.usf" 2017
"../../../Engine/Plugins/FX/Niagara/Shaders/Private/Ribbons/NiagaraRibbonRibbonUVParamCalculation.usf" 2018
"../../../Engine/Plugins/FX/Niagara/Shaders/Private/Ribbons/NiagaraRibbonVertexReductionFinalization.usf" 2019
"../../../Engine/Plugins/FX/Niagara/Shaders/Private/Ribbons/NiagaraRibbonVertexReductionPropagation.usf" 2020
"../../../Engine/Plugins/FX/Niagara/Shaders/Private/Ribbons/NiagaraRibbonVertexReductionInitialization.usf" 2021
"../../../Engine/Plugins/FX/Niagara/Shaders/Private/Ribbons/NiagaraRibbonSortParticles.usf" 2022
"../../../Engine/Plugins/FX/Niagara/Shaders/Private/NiagaraUpdateMeshGPUSceneInstances.usf" 2023
"../../../Engine/Shaders/Private/ComputeShaderUtils.ush" 2024
"../../../Engine/Shaders/Private/GPUScene/GPUSceneWriter.ush" 2025
"../../../Engine/Plugins/FX/Niagara/Shaders/Private/NiagaraGenerateMips.usf" 2026
"../../../Engine/Plugins/FX/Niagara/Shaders/Private/NiagaraDebugDraw.usf" 2027
"../../../Engine/Plugins/FX/Niagara/Shaders/Private/NiagaraDebugDraw.ush" 2028
"../../../Engine/Plugins/FX/Niagara/Shaders/Private/NiagaraVisualizeTexture.usf" 2029
"../../../Engine/Plugins/FX/Niagara/Shaders/Private/NiagaraClearCounts.usf" 2030
"../../../Engine/Plugins/FX/Niagara/Shaders/Private/NiagaraBatchedElements.usf" 2031
"../../../Engine/Plugins/FX/Niagara/Shaders/Private/NiagaraRayTracingShaders.usf" 2032
"../../../Engine/Plugins/FX/Niagara/Shaders/Private/NiagaraAsyncGpuTraceCommon.ush" 2033
"../../../Engine/Shaders/Private/HashTable.ush" 2034
"../../../Engine/Shaders/Private/Hash.ush" 2035
"../../../Engine/Shaders/Private/RayTracing/VFXTraceRay.ush" 2036
"../../../Engine/Plugins/FX/Niagara/Shaders/Private/NiagaraRayMarchingShaders.usf" 2037
"../../../Engine/Plugins/FX/Niagara/Shaders/Private/NiagaraRayTraceCollisionGroupShaders.usf" 2038
"../../../Engine/Plugins/FX/Niagara/Shaders/Private/NiagaraAsyncGpuTraceUtils.usf" 2039
"../../../Engine/Plugins/FX/Niagara/Shaders/Private/NiagaraSortKeyGen.usf" 2040
"../../../Engine/Plugins/FX/Niagara/Shaders/Private/NiagaraGPURayTracingTransforms.usf" 2041
"../../../Engine/Plugins/FX/Niagara/Shaders/Private/NiagaraDrawIndirectArgsGen.usf" 2042
"../../../Engine/Plugins/FX/Niagara/Shaders/Private/NiagaraDispatchIndirectArgsGen.usf" 2043
"../../../Engine/Plugins/Runtime/ComputeFramework/Shaders/Private/ComputeKernel.usf" 2044
"../../../Engine/Plugins/Runtime/ComputeFramework/Shaders/Private/ComputeKernelCommon.ush" 2045
"../../../Engine/Shaders/Private/TranslucentLightingShaders.usf" 2046
"../../../Engine/Shaders/Private/SHCommon.ush" 2047
"../../../Engine/Shaders/Private/ShadowProjectionCommon.ush" 2048
"../../../Engine/Shaders/Private/CubemapCommon.ush" 2049
"../../../Engine/Shaders/Private/VectorFieldCompositeShaders.usf" 2050
"../../../Engine/Shaders/Private/UpdateTextureShaders.usf" 2051
"../../../Engine/Shaders/Private/StereoLayerShader.usf" 2052
"../../../Engine/Shaders/Private/SparseVolumeTexture/UpdateSparseVolumeTexture.usf" 2053
"../../../Engine/Shaders/Private/MorphTargets.usf" 2054
"../../../Engine/Shaders/Private/SimpleElementColorChannelMaskPixelShader.usf" 2055
"../../../Engine/Shaders/Private/SimpleElementHitProxyPixelShader.usf" 2056
"../../../Engine/Shaders/Private/SimpleElementPixelShader.usf" 2057
"../../../Engine/Shaders/Private/IESLightProfilesCommon.ush" 2058
"../../../Engine/Shaders/Private/SimpleElementVertexShader.usf" 2059
"../../../Engine/Shaders/Private/ScreenPixelShaderOES.usf" 2060
"../../../Engine/Shaders/Private/ScreenVertexShader.usf" 2061
"../../../Engine/Shaders/Private/ScreenPixelShader.usf" 2062
"../../../Engine/Shaders/Private/SSProfilePreIntegratedMobile.usf" 2063
"../../../Engine/Shaders/Private/SpecularProfile.usf" 2064
"../../../Engine/Shaders/Private/Nanite/NaniteStreaming.usf" 2065
"../../../Engine/Shaders/Private/Nanite/NaniteStreaming.ush" 2066
"../../../Engine/Shaders/Private/Nanite/NaniteTranscode.usf" 2067
"../../../Engine/Shaders/Private/VolumetricLightmapStreaming.usf" 2068
"../../../Engine/Shaders/Private/PhysicsFieldReset.usf" 2069
"../../../Engine/Shaders/Private/PhysicsFieldBuilder.usf" 2070
"../../../Engine/Shaders/Private/PhysicsFieldEval.ush" 2071
"../../../Engine/Shaders/Private/ParticleSortKeyGen.usf" 2072
"../../../Engine/Shaders/Private/ParticleBoundsShader.usf" 2073
"../../../Engine/Shaders/Private/ParticleSimVisualizeShader.usf" 2074
"../../../Engine/Shaders/Private/ParticleInjectionShader.usf" 2075
"../../../Engine/Shaders/Private/ParticleSimulationShader.usf" 2076
"../../../Engine/Shaders/Private/ParticleCurveInjectionShader.usf" 2077
"../../../Engine/Shaders/Private/CopyUIntBuffer.usf" 2078
"../../../Engine/Shaders/Private/RadixSortShaders.usf" 2079
"../../../Engine/Shaders/Private/RecomputeTangentsPerVertexPass.usf" 2080
"../../../Engine/Shaders/Private/RecomputeTangentsCommon.ush" 2081
"../../../Engine/Shaders/Private/RecomputeTangentsPerTrianglePass.usf" 2082
"../../../Engine/Shaders/Private/GpuSkinCacheComputeShader.usf" 2083
"../../../Engine/Shaders/Private/HeightFieldAtlasManagement.usf" 2084
"../../../Engine/Shaders/Private/LandscapePhysicalMaterial.usf" 2085
"../../../Engine/Shaders/Private/MaterialTemplate.ush" 2086
"../../../Engine/Shaders/Private/WorldSpaceMath.ush" 2087
"../../../Engine/Shaders/Private/EyeAdaptationCommon.ush" 2088
"../../../Engine/Shaders/Private/SobolRandom.ush" 2089
"../../../Engine/Shaders/Private/DepthOfFieldCommon.ush" 2090
"../../../Engine/Shaders/Private/CircleDOFCommon.ush" 2091
"../../../Engine/Shaders/Private/PhysicsFieldSampler.ush" 2092
"../../../Engine/Shaders/Private/PhysicsFieldShared.ush" 2093
"../../../Engine/Shaders/Shared/EnvironmentComponentsFlags.h" 2094
"../../../Engine/Shaders/Private/SpeedTreeCommon.ush" 2095
"../../../Engine/Shaders/Private/VirtualTextureCommon.ush" 2096
"../../../Engine/Shaders/Private/MaterialTexture.ush" 2097
"../../../Engine/Shaders/Private/MinMaterialTexCoords.ush" 2098
"../../../Engine/Shaders/Private/SkyAtmosphereCommon.ush" 2099
"../../../Engine/Shaders/Private/SingleLayerWaterCommon.ush" 2100
"../../../Engine/Shaders/Private/TextureSampling.ush" 2101
"../../../Engine/Shaders/Private/PaniniProjection.ush" 2102
"../../../Engine/Shaders/Private/DBufferNormalReprojection.ush" 2103
"../../../Engine/Shaders/Private/Substrate/SubstrateTree.ush" 2104
"../../../Engine/Shaders/Private/Substrate/SubstrateEvaluation.ush" 2105
"../../../Engine/Shaders/Private/Substrate/Glint/GlintThirdParty.ush" 2106
"../../../Engine/Shaders/Private/BlueNoise.ush" 2107
"../../../Engine/Shaders/Private/ShadingModelsSampling.ush" 2108
"../../../Engine/Shaders/Private/HairStrands/HairBsdfSample.ush" 2109
"../../../Engine/Shaders/Private/Substrate/SubstrateLegacyConversion.ush" 2110
"../../../Engine/Shaders/Private/DBufferDecalShared.ush" 2111
"../../../Engine/Shaders/Private/LandscapeGrassWeight.usf" 2112
"../../../Engine/Shaders/Private/Landscape/LandscapeLayersWeightmapsPS.usf" 2113
"../../../Engine/Shaders/Private/Landscape/LandscapeLayersHeightmapsPS.usf" 2114
"../../../Engine/Shaders/Private/Landscape/LandscapeCommon.ush" 2115
"../../../Engine/Shaders/Private/LandscapeLayersCS.usf" 2116
"../../../Engine/Shaders/Private/LandscapeLayersPS.usf" 2117
"../../../Engine/Shaders/Private/LandscapeLayersVS.usf" 2118
"../../../Engine/Shaders/Private/Landscape/LandscapeCulling.usf" 2119
"../../../Engine/Shaders/Private/Nanite/NaniteHZBCull.ush" 2120
"../../../Engine/Shaders/Private/Landscape/LandscapeMergeTexturesPS.usf" 2121
"../../../Engine/Shaders/Private/WideCustomResolveShaders.usf" 2122
"../../../Engine/Shaders/Private/WideCustomResolve_Wide.ush" 2123
"../../../Engine/Shaders/Private/WideCustomResolve_Wider.ush" 2124
"../../../Engine/Shaders/Private/WideCustomResolve_Widest.ush" 2125
"../../../Engine/Shaders/Private/WaterInfoTextureBlur.usf" 2126
"../../../Engine/Shaders/Private/WaterInfoTextureMerge.usf" 2127
"../../../Engine/Shaders/Private/PageTableUpdate.usf" 2128
"../../../Engine/Shaders/Private/VirtualTextureCompress.usf" 2129
"../../../Engine/Shaders/Private/BlockCompressionCommon.ush" 2130
"../../../Engine/Shaders/Private/BCCompressionCommon.ush" 2131
"../../../Engine/Shaders/Private/ETCCompressionCommon.ush" 2132
"../../../Engine/Shaders/Private/VirtualTextureMaterial.usf" 2133
"../../../Engine/Shaders/Private/PixelShaderOutputCommon.ush" 2134
"../../../Engine/Shaders/Private/ShaderOutputCommon.ush" 2135
"../../../Engine/Shaders/Private/VolumetricRenderTarget.usf" 2136
"../../../Engine/Shaders/Private/VolumetricFogVoxelization.usf" 2137
"../../../Engine/Shaders/Private/VolumetricCloudMaterialPixelCommon.ush" 2138
"../../../Engine/Shaders/Private/VolumetricFogLightFunction.usf" 2139
"../../../Engine/Shaders/Private/LightFunctionCommon.ush" 2140
"../../../Engine/Shaders/Private/VolumetricFog.usf" 2141
"../../../Engine/Shaders/Private/DeferredLightingCommon.ush" 2142
"../../../Engine/Shaders/Private/DynamicLightingCommon.ush" 2143
"../../../Engine/Shaders/Private/CapsuleLightIntegrate.ush" 2144
"../../../Engine/Shaders/Private/CapsuleLightSampling.ush" 2145
"../../../Engine/Shaders/Private/RectLightIntegrate.ush" 2146
"../../../Engine/Shaders/Private/ScreenSpaceShadowRayCast.ush" 2147
"../../../Engine/Shaders/Private/LightFunctionAtlas/LightFunctionAtlasCommon.usf" 2148
"../../../Engine/Shaders/Private/HeterogeneousVolumes/HeterogeneousVolumesAdaptiveVolumetricShadowMapSampling.ush" 2149
"../../../Engine/Shaders/Private/HeterogeneousVolumes/HeterogeneousVolumesAdaptiveVolumetricShadowMapUtils.ush" 2150
"../../../Engine/Shaders/Private/HeterogeneousVolumes/HeterogeneousVolumesRayMarchingUtils.ush" 2151
"../../../Engine/Shaders/Private/HeterogeneousVolumes/HeterogeneousVolumesRayMarchingTypes.ush" 2152
"../../../Engine/Shaders/Private/PathTracing/Utilities/PathTracingRandomSequence.ush" 2153
"../../../Engine/Shaders/Private/HeterogeneousVolumes/HeterogeneousVolumesTracingUtils.ush" 2154
"../../../Engine/Shaders/Private/VelocityCommon.ush" 2155
"../../../Engine/Shaders/Private/HeterogeneousVolumes/HeterogeneousVolumesTransmittanceVolumeUtils.ush" 2156
"../../../Engine/Shaders/Private/ForwardShadowingCommon.ush" 2157
"../../../Engine/Shaders/Private/ShadowFilteringCommon.ush" 2158
"../../../Engine/Shaders/Private/PixelQuadMessagePassing.ush" 2159
"../../../Engine/Shaders/Private/VolumeLightingCommon.ush" 2160
"../../../Engine/Shaders/Private/VolumeLightingCommonSampling.ush" 2161
"../../../Engine/Shaders/Private/Lumen/LumenTranslucencyVolumeShared.ush" 2162
"../../../Engine/Shaders/Private/Lumen/LumenRadianceCacheInterpolation.ush" 2163
"../../../Engine/Shaders/Private/HeightFogCommon.ush" 2164
"../../../Engine/Shaders/Private/LightGridCommon.ush" 2165
"../../../Engine/Shaders/Private/DistanceFieldAOShared.ush" 2166
"../../../Engine/Shaders/Private/VolumetricLightmapShared.ush" 2167
"../../../Engine/Shaders/Private/ReflectionEnvironmentShared.ush" 2168
"../../../Engine/Shaders/Private/LightDataUniforms.ush" 2169
"../../../Engine/Shaders/Private/VirtualShadowMaps/VirtualShadowMapProjectionCommon.ush" 2170
"../../../Engine/Shaders/Private/VirtualShadowMaps/VirtualShadowMapPageAccessCommon.ush" 2171
"../../../Engine/Shaders/Shared/VirtualShadowMapDefinitions.h" 2172
"../../../Engine/Shaders/Private/VirtualShadowMaps/VirtualShadowMapProjectionStructs.ush" 2173
"../../../Engine/Shaders/Private/LocalFogVolumes/LocalFogVolumeCommon.ush" 2174
"../../../Engine/Shaders/Private/VolumetricCloudCommon.ush" 2175
"../../../Engine/Shaders/Private/VolumetricCloud.usf" 2176
"../../../Engine/Shaders/Private/VisualizeVolumetricLightmap.usf" 2177
"../../../Engine/Shaders/Private/VirtualShadowMaps/VirtualShadowMapProjectionComposite.usf" 2178
"../../../Engine/Shaders/Private/LightShaderParameters.ush" 2179
"../../../Engine/Shaders/Private/VirtualShadowMaps/VirtualShadowMapMaskBitsCommon.ush" 2180
"../../../Engine/Shaders/Private/VirtualShadowMaps/VirtualShadowMapLightGrid.ush" 2181
"../../../Engine/Shaders/Private/VirtualShadowMaps/VirtualShadowMapProjection.usf" 2182
"../../../Engine/Shaders/Private/Visualization.ush" 2183
"../../../Engine/Shaders/Private/VirtualShadowMaps/VirtualShadowMapProjectionFilter.ush" 2184
"../../../Engine/Shaders/Private/VirtualShadowMaps/VirtualShadowMapProjectionDirectional.ush" 2185
"../../../Engine/Shaders/Private/VirtualShadowMaps/VirtualShadowMapSMRTCommon.ush" 2186
"../../../Engine/Shaders/Private/VirtualShadowMaps/VirtualShadowMapSMRTTemplate.ush" 2187
"../../../Engine/Shaders/Private/VirtualShadowMaps/VirtualShadowMapProjectionSpot.ush" 2188
"../../../Engine/Shaders/Private/VirtualShadowMaps/VirtualShadowMapTransmissionCommon.ush" 2189
"../../../Engine/Shaders/Private/HairStrands/HairStrandsVoxelPageCommon.ush" 2190
"../../../Engine/Shaders/Private/HairStrands/HairStrandsVoxelPageTraversal.ush" 2191
"../../../Engine/Shaders/Private/VirtualShadowMaps/VirtualShadowMapCacheLoadBalancer.usf" 2192
"../../../Engine/Shaders/Private/VirtualShadowMaps/VirtualShadowMapPageCacheCommon.ush" 2193
"../../../Engine/Shaders/Private/VirtualShadowMaps/VirtualShadowMapCacheInvalidation.ush" 2194
"../../../Engine/Shaders/Private/VirtualShadowMaps/VirtualShadowMapPageOverlap.ush" 2195
"../../../Engine/Shaders/Private/ScreenSpaceDenoise/SSDDefinitions.ush" 2196
"../../../Engine/Shaders/Private/InstanceCulling/InstanceCullingLoadBalancer.ush" 2197
"../../../Engine/Shaders/Private/VirtualShadowMaps/VirtualShadowMapCopyStats.usf" 2198
"../../../Engine/Shaders/Private/VirtualShadowMaps/VirtualShadowMapStats.ush" 2199
"../../../Engine/Shaders/Private/VirtualShadowMaps/VirtualShadowMapPhysicalPageManagement.usf" 2200
"../../../Engine/Shaders/Private/ReductionCommon.ush" 2201
"../../../Engine/Shaders/Private/GPUMessaging.ush" 2202
"../../../Engine/Shaders/Private/VirtualShadowMaps/VirtualShadowMapBuildPerPageDrawCommands.usf" 2203
"../../../Engine/Shaders/Private/Nanite/NaniteCullingCommon.ush" 2204
"../../../Engine/Shaders/Private/Nanite/NaniteCulling.ush" 2205
"../../../Engine/Shaders/Private/Nanite/NaniteHierarchyTraversalCommon.ush" 2206
"../../../Engine/Shaders/Private/InstanceCulling/InstanceCullingCommon.ush" 2207
"../../../Engine/Shaders/Private/VirtualShadowMaps/VirtualShadowMapPrintStats.usf" 2208
"../../../Engine/Shaders/Private/VirtualShadowMaps/VirtualShadowMapDebug.usf" 2209
"../../../Engine/Shaders/Private/VirtualShadowMaps/VirtualShadowMapPageManagement.usf" 2210
"../../../Engine/Shaders/Private/VirtualShadowMaps/VirtualShadowMapPageMarking.usf" 2211
"../../../Engine/Shaders/Shared/SingleLayerWaterDefinitions.h" 2212
"../../../Engine/Shaders/Private/HairStrands/HairStrandsTileCommon.ush" 2213
"../../../Engine/Shaders/Private/VariableRateShading/VRSShadingRatePreview.usf" 2214
"../../../Engine/Shaders/Private/VariableRateShading/VRSShadingRateCommon.ush" 2215
"../../../Engine/Shaders/Private/VariableRateShading/VRSShadingRateCombine.usf" 2216
"../../../Engine/Shaders/Private/VariableRateShading/VRSShadingRateFoveated.usf" 2217
"../../../Engine/Shaders/Private/VariableRateShading/VRSShadingRateReproject.usf" 2218
"../../../Engine/Shaders/Private/VariableRateShading/VRSShadingRateCalculate.usf" 2219
"../../../Engine/Shaders/Private/TranslucencyUpsampling.usf" 2220
"../../../Engine/Shaders/Private/ScreenPass.ush" 2221
"../../../Engine/Shaders/Private/ComposeSeparateTranslucency.usf" 2222
"../../../Engine/Shaders/Private/SeparateTranslucency.ush" 2223
"../../../Engine/Shaders/Private/TranslucentLightInjectionShaders.usf" 2224
"../../../Engine/Shaders/Private/TranslucentShadowDepthShaders.usf" 2225
"../../../Engine/Shaders/Private/ShadowDepthCommon.ush" 2226
"../../../Engine/Shaders/Private/RayTracing/RayTracingTest.usf" 2227
"../../../Engine/Shaders/Private/PostProcessSubsurfaceTile.usf" 2228
"../../../Engine/Shaders/Private/Substrate/SubstrateVisualize.usf" 2229
"../../../Engine/Shaders/Private/Substrate/SubstrateTile.ush" 2230
"../../../Engine/Shaders/Private/SkyLightingDiffuseShared.ush" 2231
"../../../Engine/Shaders/Private/SkyLightingShared.ush" 2232
"../../../Engine/Shaders/Private/ClearCoatCommon.ush" 2233
"../../../Engine/Shaders/Private/ReflectionEnvironmentComposite.ush" 2234
"../../../Engine/Shaders/Private/Substrate/SubstrateLightingCommon.ush" 2235
"../../../Engine/Shaders/Private/Substrate/SubstrateRoughRefraction.usf" 2236
"../../../Engine/Shaders/Private/PathTracing/Material/PathTracingFresnel.ush" 2237
"../../../Engine/Shaders/Private/PathTracing/Material/PathTracingGlossy.ush" 2238
"../../../Engine/Shaders/Private/Substrate/SubstrateTile.usf" 2239
"../../../Engine/Shaders/Private/Substrate/SubstrateMaterialClassification.usf" 2240
"../../../Engine/Shaders/Private/Substrate/SubstrateDBuffer.usf" 2241
"../../../Engine/Shaders/Private/SplineMeshSceneTexture.usf" 2242
"../../../Engine/Shaders/Private/SparseVolumeTexture/VisualizeSparseVolumeTexture.usf" 2243
"../../../Engine/Shaders/Private/SkyAtmosphere.usf" 2244
"../../../Engine/Shaders/Private/CopyDepthTexture.usf" 2245
"../../../Engine/Shaders/Private/SingleLayerWaterComposite.usf" 2246
"../../../Engine/Shaders/Private/ScreenSpaceShadows.usf" 2247
"../../../Engine/Shaders/Private/bend_sss_gpu.ush" 2248
"../../../Engine/Shaders/Private/ShadowFactorsUpsampleCommon.ush" 2249
"../../../Engine/Shaders/Private/ShadowProjectionVertexShader.usf" 2250
"../../../Engine/Shaders/Private/ShadowProjectionPixelShader.usf" 2251
"../../../Engine/Shaders/Private/ShadowPercentageCloserFiltering.ush" 2252
"../../../Engine/Shaders/Private/TransmissionThickness.ush" 2253
"../../../Engine/Shaders/Private/CopyShadowMaps.usf" 2254
"../../../Engine/Shaders/Private/ShadowDepthPixelShader.usf" 2255
"../../../Engine/Shaders/Private/ShadowDepthVertexShader.usf" 2256
"../../../Engine/Shaders/Private/ShadingEnergyConservationTable.usf" 2257
"../../../Engine/Shaders/Shared/PathTracingDefinitions.h" 2258
"../../../Engine/Shaders/Private/ShadingFurnaceTest.usf" 2259
"../../../Engine/Shaders/Private/Substrate/SubstrateDeferredLighting.ush" 2260
"../../../Engine/Shaders/Private/ShaderPrintDraw.usf" 2261
"../../../Engine/Shaders/Private/ShaderPrintDrawPrimitive.usf" 2262
"../../../Engine/Shaders/Private/DefaultSSRTiles.usf" 2263
"../../../Engine/Shaders/Private/ScreenSpaceReflectionTileCommons.ush" 2264
"../../../Engine/Shaders/Private/SSRT/SSRTDiffuseIndirect.usf" 2265
"../../../Engine/Shaders/Private/SSRT/SSRTRayCast.ush" 2266
"../../../Engine/Shaders/Private/SSRT/SSRTTileClassificationBuffer.ush" 2267
"../../../Engine/Shaders/Private/SSRT/SSRTReflections.usf" 2268
"../../../Engine/Shaders/Private/ScreenSpaceDenoise/SSDPublic.ush" 2269
"../../../Engine/Shaders/Private/SSRT/SSRTTileClassification.usf" 2270
"../../../Engine/Shaders/Private/SSRT/SSRTPrevFrameReduction.usf" 2271
"../../../Engine/Shaders/Private/ScreenSpaceDenoise/SSDComposeHarmonics.usf" 2272
"../../../Engine/Shaders/Private/ScreenSpaceDenoise/SSDPublicHarmonics.ush" 2273
"../../../Engine/Shaders/Private/ScreenSpaceDenoise/SSDSignalFramework.ush" 2274
"../../../Engine/Shaders/Private/ScreenSpaceDenoise/SSDCommon.ush" 2275
"../../../Engine/Shaders/Private/SphericalGaussian.ush" 2276
"../../../Engine/Shaders/Public/WaveBroadcastIntrinsics.ush" 2277
"../../../Engine/Shaders/Private/ScreenSpaceDenoise/SSDMetadata.ush" 2278
"../../../Engine/Shaders/Private/ScreenSpaceDenoise/SSDSignalCore.ush" 2279
"../../../Engine/Shaders/Private/ScreenSpaceDenoise/DenoisingCommon.ush" 2280
"../../../Engine/Shaders/Private/ScreenSpaceDenoise/SSDSignalArray.ush" 2281
"../../../Engine/Shaders/Private/ScreenSpaceDenoise/SSDSignalBufferEncoding.ush" 2282
"../../../Engine/Shaders/Private/ScreenSpaceDenoise/SSDPublicBufferEncoding.ush" 2283
"../../../Engine/Shaders/Private/Lumen/LumenBufferEncoding.ush" 2284
"../../../Engine/Shaders/Private/ScreenSpaceDenoise/SSDTemporalAccumulation.usf" 2285
"../../../Engine/Shaders/Private/ScreenSpaceDenoise/SSDSpatialKernel.ush" 2286
"../../../Engine/Shaders/Private/ScreenSpaceDenoise/SSDSignalAccumulatorArray.ush" 2287
"../../../Engine/Shaders/Private/ScreenSpaceDenoise/SSDSignalAccumulator.ush" 2288
"../../../Engine/Shaders/Private/ScreenSpaceDenoise/SSDSignalCompression.ush" 2289
"../../../Engine/Shaders/Private/ScreenSpaceDenoise/SSDSpatialAccumulation.usf" 2290
"../../../Engine/Shaders/Private/ScreenSpaceDenoise/SSDInjest.usf" 2291
"../../../Engine/Shaders/Private/ScreenSpaceDenoise/SSDCompressMetadata.usf" 2292
"../../../Engine/Shaders/Private/DownsampleDepthPixelShader.usf" 2293
"../../../Engine/Shaders/Private/ScreenPass.usf" 2294
"../../../Engine/Shaders/Private/HZB.usf" 2295
"../../../Engine/Shaders/Private/OcclusionFeedbackShaders.usf" 2296
"../../../Engine/Shaders/Private/HZBOcclusion.usf" 2297
"../../../Engine/Shaders/Private/OcclusionQueryPixelShader.usf" 2298
"../../../Engine/Shaders/Private/OcclusionQueryVertexShader.usf" 2299
"../../../Engine/Shaders/Private/HitProxyPixelShader.usf" 2300
"../../../Engine/Shaders/Private/HitProxyVertexShader.usf" 2301
"../../../Engine/Shaders/Private/SceneCulling/SceneCullingDebugRender.usf" 2302
"../../../Engine/Shaders/Private/SceneCulling/SceneCulling.ush" 2303
"../../../Engine/Shaders/Shared/SceneCullingDefinitions.h" 2304
"../../../Engine/Shaders/Private/SceneCulling/SceneCullingBuildExplicitBounds.usf" 2305
"../../../Engine/Shaders/Private/SceneCapturePixelShader.usf" 2306
"../../../Engine/Shaders/Private/RTWriteMaskDecode.usf" 2307
"../../../Engine/Shaders/Private/ReflectionEnvironmentShaders.usf" 2308
"../../../Engine/Shaders/Private/RectLightAtlas.usf" 2309
"../../../Engine/Shaders/Private/RayTracing/TraceRayInlineStatistics.usf" 2310
"../../../Engine/Shaders/Private/RayTracing/CompositeSkyLightPS.usf" 2311
"../../../Engine/Shaders/Private/RayTracing/GenerateSkyLightVisibilityRaysCS.usf" 2312
"../../../Engine/Shaders/Private/RayTracing/RayTracingSkyLightCommon.ush" 2313
"../../../Engine/Shaders/Private/RayTracing/SkyLightVisibilityRaysData.ush" 2314
"../../../Engine/Shaders/Private/Raytracing/RaytracingSkylightRGS.usf" 2315
"../../../Engine/Shaders/Private/HairStrands/HairStrandsRaytracing.ush" 2316
"../../../Engine/Shaders/Private/Raytracing/RayTracingSkyLightEvaluation.ush" 2317
"../../../Engine/Shaders/Private/Raytracing/RayTracingDeferredShadingCommon.ush" 2318
"../../../Engine/Shaders/Private/RayTracing/RayTracingOcclusionRGS.usf" 2319
"../../../Engine/Shaders/Private/RayTracing/RayTracingDirectionalLight.ush" 2320
"../../../Engine/Shaders/Private/RayTracing/RayTracingRectLight.ush" 2321
"../../../Engine/Shaders/Private/RayTracing/RayTracingSphereLight.ush" 2322
"../../../Engine/Shaders/Private/RayTracing/RayTracingCapsuleLight.ush" 2323
"../../../Engine/Shaders/Private/RayTracing/RayTracingPrimaryRays.usf" 2324
"../../../Engine/Shaders/Shared/RayTracingTypes.h" 2325
"../../../Engine/Shaders/Private/RayTracing/RayTracingLightingCommon.ush" 2326
"../../../Engine/Shaders/Private/RayTracing/RayTracingLightCullingCommon.ush" 2327
"../../../Engine/Shaders/Private/RayTracing/RayTracingMaterialDefaultHitShaders.usf" 2328
"../../../Engine/Shaders/Private/RayTracing/RayTracingMaterialHitShaders.usf" 2329
"../../../Engine/Shaders/Private/RayTracing/RayTracingShaderUtils.ush" 2330
"../../../Engine/Shaders/Private/RayTracing/RayTracingCalcInterpolants.ush" 2331
"../../../Engine/Shaders/Private/LightmapCommon.ush" 2332
"../../../Engine/Shaders/Private/Lumen/LumenHardwareRayTracingPayloadCommon.ush" 2333
"../../../Engine/Shaders/Shared/LumenDefinitions.h" 2334
"../../../Engine/Shaders/Private/Substrate/SubstrateExport.ush" 2335
"../../../Engine/Shaders/Private/RayTracing/RayTracingLightingMS.usf" 2336
"../../../Engine/Shaders/Private/RayTracing/RayTracingLightFunctionCommon.ush" 2337
"../../../Engine/Shaders/Private/RayTracing/RayTracingBuildLightGrid.usf" 2338
"../../../Engine/Shaders/Private/Raytracing/RayTracingInstanceBufferUtil.usf" 2339
"../../../Engine/Shaders/Private/RayTracing/RayTracingDynamicMesh.usf" 2340
"../../../Engine/Shaders/Private/RayTracing/RayTracingDefaultDecalHitShader.usf" 2341
"../../../Engine/Shaders/Private/RayTracing/RayTracingDecalMaterialShader.usf" 2342
"../../../Engine/Shaders/Private/PathTracing/PathTracingShaderUtils.ush" 2343
"../../../Engine/Shaders/Private/PathTracing/PathTracingCommon.ush" 2344
"../../../Engine/Shaders/Private/PathTracing/Material/PathTracingMaterialCommon.ush" 2345
"../../../Engine/Shaders/Private/RayTracing/RayTracingBuildDecalGrid.usf" 2346
"../../../Engine/Shaders/Private/RayTracing/RayTracingDebugHitStatsUtils.usf" 2347
"../../../Engine/Shaders/Private/RayTracing/RayTracingDebugInstanceOverlap.usf" 2348
"../../../Engine/Shaders/Private/RayTracing/RayTracingDebugPicking.usf" 2349
"../../../Engine/Shaders/Private/RayTracing/RayTracingDebugUtils.ush" 2350
"../../../Engine/Shaders/Shared/RayTracingDebugTypes.h" 2351
"../../../Engine/Shaders/Private/RayTracing/RayTracingDebugTraversal.usf" 2352
"../../../Engine/Shaders/Private/RayTracing/RayTracingDeferredMaterials.ush" 2353
"../../../Engine/Shaders/Shared/ThirdParty/AMD/ags_shader_intrinsics_dx12.h" 2354
"../../../Engine/Shaders/Shared/RayTracingDebugDefinitions.h" 2355
"../../../Engine/Shaders/Private/RayTracing/RayTracingDebugHitStatsCHS.usf" 2356
"../../../Engine/Shaders/Private/RayTracing/RayTracingDebugHitStats.usf" 2357
"../../../Engine/Shaders/Private/RayTracing/RayTracingDebugMS.usf" 2358
"../../../Engine/Shaders/Private/RayTracing/RayTracingDebugCHS.usf" 2359
"../../../Engine/Shaders/Private/RayTracing/RayTracingDebug.usf" 2360
"../../../Engine/Shaders/Private/RayTracing/RayTracingBuiltInShaders.usf" 2361
"../../../Engine/Shaders/Private/RayTracing/RayTracingBarycentrics.usf" 2362
"../../../Engine/Shaders/Private/RayTracing/RayTracingAmbientOcclusionRGS.usf" 2363
"../../../Engine/Shaders/Private/VisualizeShadingModels.usf" 2364
"../../../Engine/Shaders/Private/MotionBlur/VisualizeMotionVectors.usf" 2365
"../../../Engine/Shaders/Private/TemporalSuperResolution/TSRVisualize.usf" 2366
"../../../Engine/Shaders/Private/TemporalSuperResolution/TSRCommon.ush" 2367
"../../../Engine/Shaders/Public/DualPixelVectorization.ush" 2368
"../../../Engine/Shaders/Private/TemporalSuperResolution/TSRResolveHistory.usf" 2369
"../../../Engine/Shaders/Private/TemporalSuperResolution/TSRConvolutionNetwork.ush" 2370
"../../../Engine/Shaders/Public/LaneVectorization.ush" 2371
"../../../Engine/Shaders/Private/TemporalSuperResolution/TSRUpdateHistory.usf" 2372
"../../../Engine/Shaders/Private/TemporalSuperResolution/TSRSpatialAntiAliasing.usf" 2373
"../../../Engine/Shaders/Private/TemporalSuperResolution/TSRRejectShading.usf" 2374
"../../../Engine/Shaders/Private/TemporalSuperResolution/TSRShadingAnalysis.ush" 2375
"../../../Engine/Shaders/Private/TemporalSuperResolution/TSRConvolutionNetworkPass.ush" 2376
"../../../Engine/Shaders/Private/TemporalSuperResolution/TSRDecimateHistory.usf" 2377
"../../../Engine/Shaders/Private/TemporalSuperResolution/TSRDilateVelocity.usf" 2378
"../../../Engine/Shaders/Private/MotionBlur/MotionBlurVelocityFlatten.ush" 2379
"../../../Engine/Shaders/Private/MotionBlur/MotionBlurCommon.ush" 2380
"../../../Engine/Shaders/Private/TemporalSuperResolution/TSRClearPrevTextures.usf" 2381
"../../../Engine/Shaders/Private/TemporalSuperResolution/TSRMeasureFlickeringLuma.usf" 2382
"../../../Engine/Shaders/Private/TemporalAA.usf" 2383
"../../../Engine/Shaders/Private/FilterPixelShader.usf" 2384
"../../../Engine/Shaders/Private/FilterVertexShader.usf" 2385
"../../../Engine/Shaders/Private/PostProcessVisualizeBuffer.usf" 2386
"../../../Engine/Shaders/Private/PostProcessVisualizeLocalExposure.usf" 2387
"../../../Engine/Shaders/Private/PostProcessHistogramCommon.ush" 2388
"../../../Engine/Shaders/Private/TonemapCommon.ush" 2389
"../../../Engine/Shaders/Private/ACES.ush" 2390
"../../../Engine/Shaders/Private/PostProcessVisualizeLevelInstance.usf" 2391
"../../../Engine/Shaders/Private/PostProcessVisualizeHDR.usf" 2392
"../../../Engine/Shaders/Private/ShaderComplexityApplyPixelShader.usf" 2393
"../../../Engine/Shaders/Private/QuadOverdraw.ush" 2394
"../../../Engine/Shaders/Private/PostProcessUpscale.usf" 2395
"../../../Engine/Shaders/Private/PostProcessTonemap.usf" 2396
"../../../Engine/Shaders/Private/PostProcessing/FilmGrainPackConstants.usf" 2397
"../../../Engine/Shaders/Private/PostProcessing/FilmGrainReduce.usf" 2398
"../../../Engine/Shaders/Private/PostProcessTestImage.usf" 2399
"../../../Engine/Shaders/Private/PostProcessSubsurface.usf" 2400
"../../../Engine/Shaders/Private/SeparableSSS.ush" 2401
"../../../Engine/Shaders/Private/SubsurfaceBurleyNormalized.ush" 2402
"../../../Engine/Shaders/Private/PostProcessSelectionOutline.usf" 2403
"../../../Engine/Shaders/Private/PostProcessPixelProjectedReflectionMobile.usf" 2404
"../../../Engine/Shaders/Private/MotionBlur/MotionBlurVisualize.usf" 2405
"../../../Engine/Shaders/Private/MotionBlur/MotionBlurApply.usf" 2406
"../../../Engine/Shaders/Private/MotionBlur/MotionBlurFilterTileClassify.usf" 2407
"../../../Engine/Shaders/Private/MotionBlur/MotionBlurTileScatter.usf" 2408
"../../../Engine/Shaders/Private/MotionBlur/MotionBlurTileGather.usf" 2409
"../../../Engine/Shaders/Private/MotionBlur/MotionBlurVelocityFlatten.usf" 2410
"../../../Engine/Shaders/Private/PostProcessMobile.usf" 2411
"../../../Engine/Shaders/Private/PostProcessMitchellNetravali.usf" 2412
"../../../Engine/Shaders/Private/PostProcessMaterialShaders.usf" 2413
"../../../Engine/Shaders/Private/NeuralPostProcessCommon.usf" 2414
"../../../Engine/Shaders/Private/PostProcessLocalExposure.usf" 2415
"../../../Engine/Shaders/Private/PostProcessLensFlares.usf" 2416
"../../../Engine/Shaders/Private/PostProcessGBufferHints.usf" 2417
"../../../Engine/Shaders/Private/PostProcessHMD.usf" 2418
"../../../Engine/Shaders/Private/Histogram.usf" 2419
"../../../Engine/Shaders/Private/PostProcessHistogramReduce.usf" 2420
"../../../Engine/Shaders/Private/PostProcessHistogram.usf" 2421
"../../../Engine/Shaders/Private/Bloom/BloomFinalizeApplyConstants.usf" 2422
"../../../Engine/Shaders/Private/Bloom/BloomCommon.ush" 2423
"../../../Engine/Shaders/Private/Bloom/BloomResizeKernel.usf" 2424
"../../../Engine/Shaders/Private/Bloom/BloomDownsampleKernel.usf" 2425
"../../../Engine/Shaders/Private/Bloom/BloomClampKernel.usf" 2426
"../../../Engine/Shaders/Private/Bloom/BloomPackKernelConstants.usf" 2427
"../../../Engine/Shaders/Private/Bloom/BloomSumScatterDispersionEnergy.usf" 2428
"../../../Engine/Shaders/Private/Bloom/BloomReduceKernelSurvey.usf" 2429
"../../../Engine/Shaders/Private/Bloom/BloomSurveyKernelCenterEnergy.usf" 2430
"../../../Engine/Shaders/Private/Bloom/BloomSurveyMaxScatterDispersion.usf" 2431
"../../../Engine/Shaders/Private/Bloom/BloomFindKernelCenter.usf" 2432
"../../../Engine/Shaders/Private/PostProcessEyeAdaptation.usf" 2433
"../../../Engine/Shaders/Private/TranslucencyVolumeCommon.ush" 2434
"../../../Engine/Shaders/Private/PostProcessDownsample.usf" 2435
"../../../Engine/Shaders/Private/PostProcessDOF.usf" 2436
"../../../Engine/Shaders/Private/PostProcessDeviceEncodingOnly.usf" 2437
"../../../Engine/Shaders/Private/PostProcessCompositePrimitives.usf" 2438
"../../../Engine/Shaders/Private/PostProcessCombineLUTs.usf" 2439
"../../../Engine/Shaders/Private/PostProcessVisualizeDOF.usf" 2440
"../../../Engine/Shaders/Private/PostProcessBloom.usf" 2441
"../../../Engine/Shaders/Private/PostProcessAmbientOcclusionMobile.usf" 2442
"../../../Engine/Shaders/Private/PostProcessAmbientOcclusionCommon.ush" 2443
"../../../Engine/Shaders/Private/FXAAShader.usf" 2444
"../../../Engine/Shaders/Private/Fxaa3_11.ush" 2445
"../../../Engine/Shaders/Private/DiaphragmDOF/DOFRecombine.usf" 2446
"../../../Engine/Shaders/Private/DiaphragmDOF/DOFCommon.ush" 2447
"../../../Engine/Shaders/Private/DiaphragmDOF/DOFHybridScatterPixelShader.usf" 2448
"../../../Engine/Shaders/Private/DiaphragmDOF/DOFHybridScatterCommon.ush" 2449
"../../../Engine/Shaders/Private/DiaphragmDOF/DOFHybridScatterVertexShader.usf" 2450
"../../../Engine/Shaders/Private/DiaphragmDOF/DOFPostfiltering.usf" 2451
"../../../Engine/Shaders/Private/DiaphragmDOF/DOFGatherTileSuggest.ush" 2452
"../../../Engine/Shaders/Private/DiaphragmDOF/DOFCocTileCommon.ush" 2453
"../../../Engine/Shaders/Private/DiaphragmDOF/DOFGatherPass.usf" 2454
"../../../Engine/Shaders/Private/DiaphragmDOF/DOFGatherCommon.ush" 2455
"../../../Engine/Shaders/Private/DiaphragmDOF/DOFGatherAccumulator.ush" 2456
"../../../Engine/Shaders/Private/DiaphragmDOF/DOFGatherKernel.ush" 2457
"../../../Engine/Shaders/Private/DiaphragmDOF/DOFBokehLUT.usf" 2458
"../../../Engine/Shaders/Private/DiaphragmDOF/DOFHybridScatterCompilation.usf" 2459
"../../../Engine/Shaders/Private/DiaphragmDOF/DOFReduce.usf" 2460
"../../../Engine/Shaders/Private/DiaphragmDOF/DOFDownsample.ush" 2461
"../../../Engine/Shaders/Private/DiaphragmDOF/DOFHybridScatterCompilation.ush" 2462
"../../../Engine/Shaders/Private/DiaphragmDOF/DOFDownsample.usf" 2463
"../../../Engine/Shaders/Private/DiaphragmDOF/DOFCocTileDilate.usf" 2464
"../../../Engine/Shaders/Private/DiaphragmDOF/DOFCocTileFlatten.usf" 2465
"../../../Engine/Shaders/Private/DiaphragmDOF/DOFSetup.usf" 2466
"../../../Engine/Shaders/Private/Tools/DebugAlphaChannel.usf" 2467
"../../../Engine/Shaders/Private/PlanarReflectionShaders.usf" 2468
"../../../Engine/Shaders/Private/PlanarReflectionShared.ush" 2469
"../../../Engine/Shaders/Private/PhysicsFieldVisualizer.usf" 2470
"../../../Engine/Shaders/Private/PathTracing/PathTracingSpatialTemporalDenoising.usf" 2471
"../../../Engine/Shaders/Private/ColorDifference.ush" 2472
"../../../Engine/Shaders/Private/PathTracing/PathTracingCompositingPixelShader.usf" 2473
"../../../Engine/Shaders/Private/PathTracing/PathTracingAdaptiveUtils.ush" 2474
"../../../Engine/Shaders/Private/PathTracing/PathTracingDefaultHitShader.usf" 2475
"../../../Engine/Shaders/Private/PathTracing/PathTracingGPULightmassMaterialHitShader.usf" 2476
"../../../Engine/Shaders/Private/PathTracing/PathTracingMaterialHitShader.usf" 2477
"../../../Engine/Shaders/Private/PathTracing/PathTracingLightingMissShader.usf" 2478
"../../../Engine/Shaders/Private/PathTracing/PathTracingMissShader.usf" 2479
"../../../Engine/Shaders/Private/PathTracing/PathTracingAdaptiveStart.usf" 2480
"../../../Engine/Shaders/Private/PathTracing/PathTracingBuildAdaptiveError.usf" 2481
"../../../Engine/Shaders/Private/PathTracing/PathTracingBuildAtmosphereLUT.usf" 2482
"../../../Engine/Shaders/Private/PathTracing/Volume/PathTracingAtmosphereCommon.ush" 2483
"../../../Engine/Shaders/Private/PathTracing/PathTracingSwizzleScanlines.usf" 2484
"../../../Engine/Shaders/Private/PathTracing/PathTracingInitExtinctionCoefficient.usf" 2485
"../../../Engine/Shaders/Private/PathTracing/PathTracing.usf" 2486
"../../../Engine/Shaders/Private/PathTracing/PathTracingCore.ush" 2487
"../../../Engine/Shaders/Private/HeterogeneousVolumes/HeterogeneousVolumesVoxelGridTypes.ush" 2488
"../../../Engine/Shaders/Private/RayTracing/RayTracingDecalGrid.ush" 2489
"../../../Engine/Shaders/Private/PathTracing/Utilities/PathTracingRIS.ush" 2490
"../../../Engine/Shaders/Private/PathTracing/Light/PathTracingLightSampling.ush" 2491
"../../../Engine/Shaders/Private/PathTracing/Light/PathTracingLightCommon.ush" 2492
"../../../Engine/Shaders/Private/PathTracing/Light/PathTracingDirectionalLight.ush" 2493
"../../../Engine/Shaders/Private/PathTracing/Light/PathTracingPointLight.ush" 2494
"../../../Engine/Shaders/Private/PathTracing/Light/PathTracingCapsuleLight.ush" 2495
"../../../Engine/Shaders/Private/PathTracing/Light/PathTracingRectLight.ush" 2496
"../../../Engine/Shaders/Private/PathTracing/Light/PathTracingSkyLight.ush" 2497
"../../../Engine/Shaders/Private/PathTracing/Light/PathTracingLightGrid.ush" 2498
"../../../Engine/Shaders/Private/PathTracing/Material/PathTracingMaterialSampling.ush" 2499
"../../../Engine/Shaders/Private/PathTracing/Material/PathTracingLambert.ush" 2500
"../../../Engine/Shaders/Private/PathTracing/Material/PathTracingSubstrate.ush" 2501
"../../../Engine/Shaders/Private/PathTracing/Material/PathTracingSubstrateCommon.ush" 2502
"../../../Engine/Shaders/Private/PathTracing/Material/PathTracingSubstrateSolidGlass.ush" 2503
"../../../Engine/Shaders/Private/PathTracing/Material/PathTracingSubstrateThinGlass.ush" 2504
"../../../Engine/Shaders/Private/PathTracing/Material/PathTracingSolidGlass.ush" 2505
"../../../Engine/Shaders/Private/PathTracing/Material/PathTracingEnergyConservation.ush" 2506
"../../../Engine/Shaders/Private/PathTracing/Material/PathTracingThinGlass.ush" 2507
"../../../Engine/Shaders/Private/PathTracing/Material/PathTracingDefaultLit.ush" 2508
"../../../Engine/Shaders/Private/PathTracing/Material/PathTracingClearCoat.ush" 2509
"../../../Engine/Shaders/Private/PathTracing/Material/PathTracingTwoSidedFoliage.ush" 2510
"../../../Engine/Shaders/Private/PathTracing/Material/PathTracingCloth.ush" 2511
"../../../Engine/Shaders/Private/PathTracing/Material/PathTracingSubsurfaceProfile.ush" 2512
"../../../Engine/Shaders/Private/PathTracing/Material/PathTracingEye.ush" 2513
"../../../Engine/Shaders/Private/PathTracing/Material/PathTracingHair.ush" 2514
"../../../Engine/Shaders/Private/PathTracing/Material/PathTracingMedium.ush" 2515
"../../../Engine/Shaders/Private/PathTracing/Volume/PathTracingVolume.ush" 2516
"../../../Engine/Shaders/Private/PathTracing/Volume/PathTracingVolumeCommon.ush" 2517
"../../../Engine/Shaders/Private/PathTracing/Volume/PathTracingAtmosphere.ush" 2518
"../../../Engine/Shaders/Private/PathTracing/Volume/PathTracingFog.ush" 2519
"../../../Engine/Shaders/Private/PathTracing/Volume/PathTracingHeterogeneousVolumes.ush" 2520
"../../../Engine/Shaders/Private/HeterogeneousVolumes/HeterogeneousVolumesVoxelGridTraversal.ush" 2521
"../../../Engine/Shaders/Private/HeterogeneousVolumes/HeterogeneousVolumesVoxelGridUtils.ush" 2522
"../../../Engine/Shaders/Private/HeterogeneousVolumes/HeterogeneousVolumesFrustumVoxelGridUtils.ush" 2523
"../../../Engine/Shaders/Private/PathTracing/Volume/PathTracingVolumeSampling.ush" 2524
"../../../Engine/Shaders/Private/PathTracing/PathTracingBuildLightGrid.usf" 2525
"../../../Engine/Shaders/Private/PathTracing/PathTracingSkylightMISCompensation.usf" 2526
"../../../Engine/Shaders/Private/PathTracing/PathTracingSkylightPrepare.usf" 2527
"../../../Engine/Shaders/Private/OIT/OITSorting.usf" 2528
"../../../Engine/Shaders/Private/OITCombine.usf" 2529
"../../../Engine/Shaders/Private/OITCommon.ush" 2530
"../../../Engine/Shaders/Private/Nanite/Voxel/RasterizeBricks.usf" 2531
"../../../Engine/Shaders/Private/Nanite/Voxel/Brick.ush" 2532
"../../../Engine/Shaders/Private/Nanite/Voxel/Voxel.ush" 2533
"../../../Engine/Shaders/Private/Nanite/Voxel/ScatterBricks.usf" 2534
"../../../Engine/Shaders/Private/Nanite/Voxel/TileBricks.usf" 2535
"../../../Engine/Shaders/Private/Nanite/Voxel/AutoVoxel.usf" 2536
"../../../Engine/Shaders/Private/Nanite/NaniteDebugViews.usf" 2537
"../../../Engine/Shaders/Private/Nanite/NaniteDepthDecode.usf" 2538
"../../../Engine/Shaders/Private/HTileEncoding.ush" 2539
"../../../Engine/Shaders/Private/Nanite/NaniteVisualize.usf" 2540
"../../../Engine/Shaders/Private/Nanite/NaniteStreamOut.usf" 2541
"../../../Engine/Shaders/Private/Nanite/NaniteHierarchyTraversal.ush" 2542
"../../../Engine/Shaders/Private/Nanite/NaniteShadeBinning.usf" 2543
"../../../Engine/Shaders/Private/Nanite/NaniteShadeCommon.ush" 2544
"../../../Engine/Shaders/Private/Nanite/NaniteFastClear.usf" 2545
"../../../Engine/Shaders/Private/Nanite/NaniteMaterialCulling.usf" 2546
"../../../Engine/Shaders/Private/Nanite/NaniteExportGBuffer.usf" 2547
"../../../Engine/Shaders/Private/Nanite/NaniteClusterCulling.usf" 2548
"../../../Engine/Shaders/Private/Nanite/NanitePrintStats.usf" 2549
"../../../Engine/Shaders/Private/Nanite/NaniteRasterizer.usf" 2550
"../../../Engine/Shaders/Private/Nanite/NaniteRasterizationCommon.ush" 2551
"../../../Engine/Shaders/Private/Nanite/NaniteRasterizer.ush" 2552
"../../../Engine/Shaders/Private/Nanite/NaniteWritePixel.ush" 2553
"../../../Engine/Shaders/Private/Nanite/NaniteTessellation.ush" 2554
"../../../Engine/Shaders/Private/WorkDistribution.ush" 2555
"../../../Engine/Shaders/Private/Nanite/NaniteDice.ush" 2556
"../../../Engine/Shaders/Private/Nanite/NaniteSplit.usf" 2557
"../../../Engine/Shaders/Private/Nanite/NaniteRasterBinning.usf" 2558
"../../../Engine/Shaders/Private/Nanite/NaniteInstanceCulling.usf" 2559
"../../../Engine/Shaders/Private/Nanite/NaniteImposter.ush" 2560
"../../../Engine/Shaders/Private/Nanite/NaniteInstanceHierarchyCulling.usf" 2561
"../../../Engine/Shaders/Private/Nanite/NanitePrimitiveFilter.usf" 2562
"../../../Engine/Shaders/Private/Nanite/NaniteRasterClear.usf" 2563
"../../../Engine/Shaders/Private/Nanite/NaniteDepthExport.usf" 2564
"../../../Engine/Shaders/Private/Nanite/NaniteEmitShadow.usf" 2565
"../../../Engine/Shaders/Private/MobileDeferredUtils.usf" 2566
"../../../Engine/Shaders/Private/MobileLocalLightsBuffer.usf" 2567
"../../../Engine/Shaders/Private/MobileLightingCommon.ush" 2568
"../../../Engine/Shaders/Private/MobileFog.usf" 2569
"../../../Engine/Shaders/Private/DistortApplyScreenPS.usf" 2570
"../../../Engine/Shaders/Private/MobileDeferredShading.usf" 2571
"../../../Engine/Shaders/Private/MobileBasePassPixelShader.usf" 2572
"../../../Engine/Shaders/Private/MobileBasePassCommon.ush" 2573
"../../../Engine/Shaders/Private/BasePassCommon.ush" 2574
"../../../Engine/Shaders/Private/ShadingModelsMaterial.ush" 2575
"../../../Engine/Shaders/Private/ThinTranslucentCommon.ush" 2576
"../../../Engine/Shaders/Private/SingleLayerWaterShading.ush" 2577
"../../../Engine/Shaders/Private/DistortionCommon.ush" 2578
"../../../Engine/Shaders/Private/Substrate/SubstrateMobileForwardLighting.ush" 2579
"../../../Engine/Shaders/Private/MobileBasePassVertexShader.usf" 2580
"../../../Engine/Shaders/Private/ManyLights/ManyLightsRayTracing.usf" 2581
"../../../Engine/Shaders/Private/DistanceField/GlobalDistanceFieldUtils.ush" 2582
"../../../Engine/Shaders/Private/Lumen/LumenScreenTracing.ush" 2583
"../../../Engine/Shaders/Private/Lumen/LumenMaterial.ush" 2584
"../../../Engine/Shaders/Private/Lumen/LumenPosition.ush" 2585
"../../../Engine/Shaders/Private/ManyLights/ManyLights.ush" 2586
"../../../Engine/Shaders/Private/ManyLights/ManyLightsRayTracing.ush" 2587
"../../../Engine/Shaders/Private/ManyLights/ManyLightsHardwareRayTracing.usf" 2588
"../../../Engine/Shaders/Private/Lumen/LumenHardwareRayTracingCommon.ush" 2589
"../../../Engine/Shaders/Private/RayTracing/RayTracingReflectionEnvironment.ush" 2590
"../../../Engine/Shaders/Private/Lumen/LumenHardwareRayTracingPlatformCommon.ush" 2591
"../../../Engine/Shaders/Private/Lumen/LumenReflectionsCombine.ush" 2592
"../../../Engine/Shaders/Private/Lumen/LumenTracingCommon.ush" 2593
"../../../Engine/Shaders/Private/Lumen/SurfaceCache/LumenSurfaceCacheSampling.ush" 2594
"../../../Engine/Shaders/Private/Lumen/SurfaceCache/LumenSurfaceCache.ush" 2595
"../../../Engine/Shaders/Private/Lumen/LumenCardCommon.ush" 2596
"../../../Engine/Shaders/Private/ManyLights/ManyLightsDenoiserSpatial.usf" 2597
"../../../Engine/Shaders/Private/ManyLights/ManyLightsDenoiserTemporal.usf" 2598
"../../../Engine/Shaders/Private/ManyLights/ManyLightsShading.usf" 2599
"../../../Engine/Shaders/Private/ManyLights/ManyLightsResolve.usf" 2600
"../../../Engine/Shaders/Private/ManyLights/ManyLights.usf" 2601
"../../../Engine/Shaders/Private/ManyLights/ManyLightsSampling.usf" 2602
"../../../Engine/Shaders/Private/Lumen/LumenVisualizeRadianceCache.usf" 2603
"../../../Engine/Shaders/Private/Lumen/LumenRadianceCacheCommon.ush" 2604
"../../../Engine/Shaders/Private/Lumen/LumenVisualizeHardwareRayTracing.usf" 2605
"../../../Engine/Shaders/Private/Lumen/LumenVisualize.ush" 2606
"../../../Engine/Shaders/Private/Lumen/LumenHairTracing.ush" 2607
"../../../Engine/Shaders/Private/Lumen/LumenVisualize.usf" 2608
"../../../Engine/Shaders/Private/Lumen/LumenSoftwareRayTracing.ush" 2609
"../../../Engine/Shaders/Private/DistanceField/GlobalDistanceFieldObjectGrid.ush" 2610
"../../../Engine/Shaders/Private/DistanceFieldLightingShared.ush" 2611
"../../../Engine/Shaders/Private/Lumen/LumenVisualizeTraces.ush" 2612
"../../../Engine/Shaders/Private/Lumen/LumenTranslucencyVolumeLighting.usf" 2613
"../../../Engine/Shaders/Private/Lumen/LumenRadianceCacheMarkCommon.ush" 2614
"../../../Engine/Shaders/Private/Lumen/LumenTranslucencyVolumeLightingShared.ush" 2615
"../../../Engine/Shaders/Private/Lumen/LumenScreenProbeCommon.ush" 2616
"../../../Engine/Shaders/Private/Lumen/LumenTranslucencyVolumeHardwareRayTracing.usf" 2617
"../../../Engine/Shaders/Private/Lumen/LumenTranslucencyRadianceCacheMarkShaders.usf" 2618
"../../../Engine/Shaders/Private/Lumen/SurfaceCache/LumenSurfaceCacheFeedback.usf" 2619
"../../../Engine/Shaders/Private/Lumen/SurfaceCache/LumenSurfaceCache.usf" 2620
"../../../Engine/Shaders/Private/Lumen/LumenShortRangeAOHardwareRayTracing.usf" 2621
"../../../Engine/Shaders/Private/Lumen/LumenScreenSpaceBentNormal.usf" 2622
"../../../Engine/Shaders/Private/Lumen/LumenScreenProbeTracing.usf" 2623
"../../../Engine/Shaders/Private/Lumen/LumenScreenProbeTracingCommon.ush" 2624
"../../../Engine/Shaders/Private/Lumen/LumenScreenProbeImportanceSampling.usf" 2625
"../../../Engine/Shaders/Private/Lumen/LumenScreenProbeImportanceSamplingShared.ush" 2626
"../../../Engine/Shaders/Private/Lumen/LumenScreenProbeHardwareRayTracing.usf" 2627
"../../../Engine/Shaders/Private/Lumen/LumenDenoising.usf" 2628
"../../../Engine/Shaders/Private/Lumen/LumenScreenProbeGather.usf" 2629
"../../../Engine/Shaders/Private/Lumen/LumenScreenSpaceBentNormal.ush" 2630
"../../../Engine/Shaders/Private/Lumen/LumenScreenProbeLightSampling.usf" 2631
"../../../Engine/Shaders/Private/Lumen/LumenScreenProbeFiltering.usf" 2632
"../../../Engine/Shaders/Private/Lumen/LumenSceneLighting.usf" 2633
"../../../Engine/Shaders/Private/Lumen/LumenCardTile.ush" 2634
"../../../Engine/Shaders/Private/Lumen/LumenSceneLighting.ush" 2635
"../../../Engine/Shaders/Private/Lumen/Radiosity/LumenRadiosity.ush" 2636
"../../../Engine/Shaders/Private/Lumen/LumenSceneLightingDebug.usf" 2637
"../../../Engine/Shaders/Private/Lumen/LumenScene.usf" 2638
"../../../Engine/Shaders/Private/Lumen/LumenSceneDirectLightingHardwareRayTracing.usf" 2639
"../../../Engine/Shaders/Private/Lumen/LumenReflectionCommon.ush" 2640
"../../../Engine/Shaders/Private/Lumen/LumenSceneDirectLighting.ush" 2641
"../../../Engine/Shaders/Private/Lumen/LumenSceneDirectLightingSoftwareRayTracing.usf" 2642
"../../../Engine/Shaders/Private/DistanceFieldShadowingShared.ush" 2643
"../../../Engine/Shaders/Private/Lumen/LumenSceneDirectLightingPerLightShadowCommon.ush" 2644
"../../../Engine/Shaders/Private/Lumen/LumenSceneDirectLightingShadowMask.usf" 2645
"../../../Engine/Shaders/Private/Lumen/LumenSceneDirectLighting.usf" 2646
"../../../Engine/Shaders/Private/Lumen/LumenSceneDirectLightingCulling.usf" 2647
"../../../Engine/Shaders/Private/Lumen/LumenCardComputeShader.usf" 2648
"../../../Engine/Shaders/Private/Lumen/LumenCardPixelShader.usf" 2649
"../../../Engine/Shaders/Private/Lumen/LumenCardVertexShader.usf" 2650
"../../../Engine/Shaders/Private/Lumen/LumenReSTIRGather.usf" 2651
"../../../Engine/Shaders/Private/Lumen/LumenReflectionTracing.usf" 2652
"../../../Engine/Shaders/Private/Lumen/LumenReflections.usf" 2653
"../../../Engine/Shaders/Private/Lumen/LumenReflectionHardwareRayTracing.usf" 2654
"../../../Engine/Shaders/Private/Lumen/Radiosity/LumenVisualizeRadiosityProbes.usf" 2655
"../../../Engine/Shaders/Private/Lumen/Radiosity/LumenRadiosity.usf" 2656
"../../../Engine/Shaders/Private/RayTracing/RayGenUtils.ush" 2657
"../../../Engine/Shaders/Private/Lumen/Radiosity/LumenRadiosityHardwareRayTracing.usf" 2658
"../../../Engine/Shaders/Private/Lumen/Radiosity/LumenRadiosityCulling.usf" 2659
"../../../Engine/Shaders/Private/Lumen/LumenRadianceCacheHardwareRayTracing.usf" 2660
"../../../Engine/Shaders/Private/Lumen/LumenRadianceCacheTracingCommon.ush" 2661
"../../../Engine/Shaders/Private/Lumen/LumenRadianceCache.usf" 2662
"../../../Engine/Shaders/Private/Lumen/LumenRadianceCacheUpdate.ush" 2663
"../../../Engine/Shaders/Private/Lumen/LumenRadianceCacheDebug.usf" 2664
"../../../Engine/Shaders/Private/Lumen/LumenRadianceCacheUpdate.usf" 2665
"../../../Engine/Shaders/Private/Lumen/LumenMeshSDFCulling.usf" 2666
"../../../Engine/Shaders/Private/HybridIndirectLighting.ush" 2667
"../../../Engine/Shaders/Private/MeshDistanceFieldCommon.ush" 2668
"../../../Engine/Shaders/Private/Lumen/LumenIrradianceFieldGather.usf" 2669
"../../../Engine/Shaders/Private/Lumen/LumenHardwareRayTracingMaterials.usf" 2670
"../../../Engine/Shaders/Private/Lumen/LumenFrontLayerTranslucency.usf" 2671
"../../../Engine/Shaders/Private/LocalFogVolumes/LocalFogVolumeSplat.usf" 2672
"../../../Engine/Shaders/Private/LocalFogVolumes/LocalFogVolumeTiledCulling.usf" 2673
"../../../Engine/Shaders/Private/LightShaftShader.usf" 2674
"../../../Engine/Shaders/Private/StationaryLightOverlapShaders.usf" 2675
"../../../Engine/Shaders/Private/DeferredLightPixelShaders.usf" 2676
"../../../Engine/Shaders/Private/HairStrands/HairStrandsVisibilityUtils.ush" 2677
"../../../Engine/Shaders/Private/DeferredLightVertexShaders.usf" 2678
"../../../Engine/Shaders/Private/LightMapDensityShader.usf" 2679
"../../../Engine/Shaders/Private/LightGridInjection.usf" 2680
"../../../Engine/Shaders/Private/LightFunctionPixelShader.usf" 2681
"../../../Engine/Shaders/Private/LightFunctionVertexShader.usf" 2682
"../../../Engine/Shaders/Private/LightFunctionAtlas/LightFunctionAtlasRender.usf" 2683
"../../../Engine/Shaders/Private/InstanceCulling/InstanceCullingOcclusionQuery.usf" 2684
"../../../Engine/Shaders/Private/InstanceCulling/BuildInstanceDrawCommands.usf" 2685
"../../../Engine/Shaders/Private/InstanceCulling/InstanceCompactionCommon.ush" 2686
"../../../Engine/Shaders/Private/SceneDataMobileWriter.ush" 2687
"../../../Engine/Shaders/Private/InstanceCulling/CompactVisibleInstances.usf" 2688
"../../../Engine/Shaders/Private/ReflectionEnvironmentPixelShader.usf" 2689
"../../../Engine/Shaders/Private/AmbientCubemapComposite.usf" 2690
"../../../Engine/Shaders/Private/DiffuseIndirectComposite.usf" 2691
"../../../Engine/Shaders/Private/IESAtlas.usf" 2692
"../../../Engine/Shaders/Private/HeterogeneousVolumes/HeterogeneousVolumesVoxelGridShadows.usf" 2693
"../../../Engine/Shaders/Private/HeterogeneousVolumes/HeterogeneousVolumesVoxelGridRenderingUtils.ush" 2694
"../../../Engine/Shaders/Private/HeterogeneousVolumes/HeterogeneousVolumesLightingUtils.ush" 2695
"../../../Engine/Shaders/Private/HeterogeneousVolumes/HeterogeneousVolumesVoxelGridRendering.usf" 2696
"../../../Engine/Shaders/Private/HeterogeneousVolumes/HeterogeneousVolumesVoxelGridPipeline.usf" 2697
"../../../Engine/Shaders/Private/HeterogeneousVolumes/HeterogeneousVolumesMaterialBakingPipeline.usf" 2698
"../../../Engine/Shaders/Private/HeterogeneousVolumes/HeterogeneousVolumesLiveShadingUtils.ush" 2699
"../../../Engine/Shaders/Private/HeterogeneousVolumes/HeterogeneousVolumesFrustumVoxelGrid.usf" 2700
"../../../Engine/Shaders/Private/HeterogeneousVolumes/HeterogeneousVolumesSparseVoxelPipeline.usf" 2701
"../../../Engine/Shaders/Private/HeterogeneousVolumes/HeterogeneousVolumesSparseVoxelUtils.ush" 2702
"../../../Engine/Shaders/Private/HeterogeneousVolumes/HeterogeneousVolumesSparseVoxelUniformBufferUtils.ush" 2703
"../../../Engine/Shaders/Private/HeterogeneousVolumes/HeterogeneousVolumesPreshadingPipeline.usf" 2704
"../../../Engine/Shaders/Private/HeterogeneousVolumes/HeterogeneousVolumesLiveShadingShadows.usf" 2705
"../../../Engine/Shaders/Private/HeterogeneousVolumes/HeterogeneousVolumesLiveShadingPipeline.usf" 2706
"../../../Engine/Shaders/Private/HeterogeneousVolumes/HeterogeneousVolumesHardwareRayTracing.usf" 2707
"../../../Engine/Shaders/Private/HeterogeneousVolumes/HeterogeneousVolumesComposite.usf" 2708
"../../../Engine/Shaders/Private/HdrCustomResolveShaders.usf" 2709
"../../../Engine/Shaders/Private/HairStrands/HairStrandsVoxelRasterCompute.usf" 2710
"../../../Engine/Shaders/Private/HairStrands/HairStrandsHitProxy.usf" 2711
"../../../Engine/Shaders/Private/HairStrands/HairStrandsVisibilityRasterComputeNaive.usf" 2712
"../../../Engine/Shaders/Private/HairStrands/HairStrandsVisibilityRasterHW.usf" 2713
"../../../Engine/Shaders/Private/HairStrands/HairStrandsVisibilityRasterCompute.usf" 2714
"../../../Engine/Shaders/Private/HairStrands/HairStrandsVisibilityRasterClassification.usf" 2715
"../../../Engine/Shaders/Private/HairStrands/HairStrandsCoverage.usf" 2716
"../../../Engine/Shaders/Private/HairStrands/HairStrandsVisibilityDepthPS.usf" 2717
"../../../Engine/Shaders/Private/HairStrands/HairStrandsVisibilityTransmittanceDepthPS.usf" 2718
"../../../Engine/Shaders/Private/HairStrands/HairStrandsVisibilityFillOpaqueDepthPS.usf" 2719
"../../../Engine/Shaders/Private/HairStrands/HairStrandsVisibilityCompactionComputeRaster.usf" 2720
"../../../Engine/Shaders/Private/HairStrands/HairStrandsVisibilityCompaction.usf" 2721
"../../../Engine/Shaders/Private/HairStrands/HairStrandsVisibilityCopyIndirectArg.usf" 2722
"../../../Engine/Shaders/Private/HairStrands/HairStrandsVisibilityClearPS.usf" 2723
"../../../Engine/Shaders/Private/HairStrands/HairStrandsVisibilityPS.usf" 2724
"../../../Engine/Shaders/Private/HairStrands/HairStrandsVisibilityVS.usf" 2725
"../../../Engine/Shaders/Private/HairStrands/HairStrandsVelocity.usf" 2726
"../../../Engine/Shaders/Private/HairStrands/HairStrandsVisibilityComputeSampleCoverage.usf" 2727
"../../../Engine/Shaders/Private/HairStrands/HairStrandsMaterialPS.usf" 2728
"../../../Engine/Shaders/Private/HairStrands/HairStrandsMaterialCommon.ush" 2729
"../../../Engine/Shaders/Private/HairStrands/HairStrandsMaterialVS.usf" 2730
"../../../Engine/Shaders/Private/HairStrands/HairStrandsLightSample.usf" 2731
"../../../Engine/Shaders/Private/HairStrands/HairStrandsDeepShadowMask.usf" 2732
"../../../Engine/Shaders/Private/HairStrands/HairStrandsDeepTransmittanceMask.usf" 2733
"../../../Engine/Shaders/Private/HairStrands/HairStrandsVisibilityTile.usf" 2734
"../../../Engine/Shaders/Private/HairStrands/HairStrandsDeepShadowPS.usf" 2735
"../../../Engine/Shaders/Private/HairStrands/HairStrandsDeepShadowVS.usf" 2736
"../../../Engine/Shaders/Private/HairStrands/HairStrandsAABB.usf" 2737
"../../../Engine/Shaders/Private/HairStrands/HairStrandsLUT.usf" 2738
"../../../Engine/Shaders/Private/HairStrands/HairStrandsForwardRaster.usf" 2739
"../../../Engine/Shaders/Private/HairStrands/HairStrandsForwardCulling.usf" 2740
"../../../Engine/Shaders/Private/HairStrands/HairStrandsEnvironmentLighting.usf" 2741
"../../../Engine/Shaders/Private/HairStrands/HairStrandsEnvironmentAO.usf" 2742
"../../../Engine/Shaders/Private/HairStrands/HairStrandsDeepShadowAllocation.usf" 2743
"../../../Engine/Shaders/Private/HairStrands/HairStrandsVoxelDebug.usf" 2744
"../../../Engine/Shaders/Private/HairStrands/HairStrandsComposition.usf" 2745
"../../../Engine/Shaders/Private/HairStrands/HairStrandsGBufferCommon.ush" 2746
"../../../Engine/Shaders/Private/GPUScene/GPUSceneDataManagement.usf" 2747
"../../../Engine/Shaders/Private/GPUSceneDebugRender.usf" 2748
"../../../Engine/Shaders/Private/GPUFastFourierTransform.usf" 2749
"../../../Engine/Shaders/Private/GPUFastFourierTransform2DCore.ush" 2750
"../../../Engine/Shaders/Private/GPUFastFourierTransformCore.ush" 2751
"../../../Engine/Shaders/Private/GPUBenchmark.usf" 2752
"../../../Engine/Shaders/Private/DistanceField/GlobalDistanceFieldDebug.usf" 2753
"../../../Engine/Shaders/Private/DistanceField/GlobalDistanceFieldUpdate.ush" 2754
"../../../Engine/Shaders/Private/DistanceField/GlobalDistanceFieldMip.usf" 2755
"../../../Engine/Shaders/Private/DistanceField/GlobalDistanceField.usf" 2756
"../../../Engine/Shaders/Private/DistanceField/GlobalDistanceFieldCompositeObjects.usf" 2757
"../../../Engine/Shaders/Private/DistanceField/GlobalDistanceFieldHeightfields.usf" 2758
"../../../Engine/Shaders/Private/HeightfieldLightingShared.ush" 2759
"../../../Engine/Shaders/Private/GenerateConservativeDepth.usf" 2760
"../../../Engine/Shaders/Private/HeightFogPixelShader.usf" 2761
"../../../Engine/Shaders/Private/HeightFogVertexShader.usf" 2762
"../../../Engine/Shaders/Private/DistortFiltering.usf" 2763
"../../../Engine/Shaders/Private/DistortAccumulatePS.usf" 2764
"../../../Engine/Shaders/Private/DistortAccumulateVS.usf" 2765
"../../../Engine/Shaders/Private/DistanceFieldVisualization.usf" 2766
"../../../Engine/Shaders/Private/DistanceFieldStreaming.usf" 2767
"../../../Engine/Shaders/Private/DistanceFieldShadowing.usf" 2768
"../../../Engine/Shaders/Private/DistanceFieldScreenGridLighting.usf" 2769
"../../../Engine/Shaders/Private/DistanceFieldObjectCulling.usf" 2770
"../../../Engine/Shaders/Private/DistanceFieldLightingPost.usf" 2771
"../../../Engine/Shaders/Private/DitheredTransitionStencil.usf" 2772
"../../../Engine/Shaders/Private/CopyDepthTextureCS.usf" 2773
"../../../Engine/Shaders/Private/DeferredDecal.usf" 2774
"../../../Engine/Shaders/Private/DecalCommon.ush" 2775
"../../../Engine/Shaders/Private/DebugViewModeVertexShader.usf" 2776
"../../../Engine/Shaders/Private/DebugViewModeCommon.ush" 2777
"../../../Engine/Shaders/Private/DebugViewModePixelShader.usf" 2778
"../../../Engine/Shaders/Private/DebugProbes.usf" 2779
"../../../Engine/Shaders/Private/MeshDecals.usf" 2780
"../../../Engine/Shaders/Private/PostProcessAmbientOcclusion.usf" 2781
"../../../Engine/Shaders/Private/ClusteredDeferredShadingPixelShader.usf" 2782
"../../../Engine/Shaders/Private/ClusteredDeferredShadingVertexShader.usf" 2783
"../../../Engine/Shaders/Private/CapsuleShadowShaders.usf" 2784
"../../../Engine/Shaders/Private/BasePassPixelShader.usf" 2785
"../../../Engine/Shaders/Private/ForwardLightingCommon.ush" 2786
"../../../Engine/Shaders/Private/Substrate/SubstrateForwardLighting.ush" 2787
"../../../Engine/Shaders/Private/ComputeShaderOutputCommon.ush" 2788
"../../../Engine/Shaders/Private/BasePassVertexShader.usf" 2789
"../../../Engine/Shaders/Private/BasePassVertexCommon.ush" 2790
"../../../Engine/Shaders/Private/SimpleElementVolumeTexturePreviewPixelShader.usf" 2791
"../../../Engine/Shaders/Private/SimpleElementTexture2DPreviewPixelShader.usf" 2792
"../../../Engine/Shaders/Private/meshpaintdilatepixelshader.usf" 2793
"../../../Engine/Shaders/Private/meshpaintdilatevertexshader.usf" 2794
"../../../Engine/Shaders/Private/MeshPaintPixelShader.usf" 2795
"../../../Engine/Shaders/Private/MeshPaintVertexShader.usf" 2796
"../../../Engine/Shaders/Private/SlateElementPixelShader.usf" 2797
"../../../Engine/Shaders/Private/SlateShaderCommon.ush" 2798
"../../../Engine/Shaders/Private/CompositeUIPixelShader.usf" 2799
"../../../Engine/Shaders/Private/ColorDeficiency.ush" 2800
"../../../Engine/Shaders/Private/SlateMaskingShader.usf" 2801
"../../../Engine/Shaders/Private/SlatePostProcessColorDeficiencyPixelShader.usf" 2802
"../../../Engine/Shaders/Private/SlatePostProcessPixelShader.usf" 2803
"../../../Engine/Shaders/Private/SlateVertexShader.usf" 2804
"../../../Engine/Shaders/Private/Tools/VisualizeTexture.usf" 2805
"../../../Engine/Shaders/Private/ByteBuffer.usf" 2806
"../../../Engine/Shaders/Private/ShaderBundleDispatch.usf" 2807
"../../../Engine/Shaders/Private/ResolveVertexShader.usf" 2808
"../../../Engine/Shaders/Private/ResolvePixelShader.usf" 2809
"../../../Engine/Shaders/Private/Tools/SetupIndirectArgs.usf" 2810
"../../../Engine/Shaders/Private/ClearReplacementShaders.usf" 2811
"../../../Engine/Shaders/Private/Tools/DrawTexture.usf" 2812
"../../../Engine/Shaders/Private/RayTracing/RayTracingValidation.usf" 2813
"../../../Engine/Shaders/Private/RenderGraphUtilities.usf" 2814
"../../../Engine/Shaders/Private/OneColorShader.usf" 2815
"../../../Engine/Shaders/Private/OculusShaders.usf" 2816
"../../../Engine/Shaders/Private/MediaShaders.usf" 2817
"../../../Engine/Shaders/Private/GPUMessaging.usf" 2818
"../../../Engine/Shaders/Private/Tools/GPUDebugCrashUtils.usf" 2819
"../../../Engine/Shaders/Private/NullPixelShader.usf" 2820
"../../../Engine/Shaders/Private/ComputeGenerateMips.usf" 2821
"../../../Engine/Shaders/Private/Tools/DumpTexture.usf" 2822
"../../../Engine/Shaders/Private/CopyTextureShaders.usf" 2823
"../../../Engine/Shaders/Private/Tools/FullscreenVertexShader.usf" 2824
"../../../Engine/Shaders/Private/RayTracing/RayTracingDispatchDesc.usf" 2825
"../../../Engine/Shaders/Private/Bink.usf" 2826
"../../../Engine/Shaders/Private/VelocityShader.usf" 2827
"../../../Engine/Shaders/Private/DepthOnlyPixelShader.usf" 2828
"../../../Engine/Shaders/Private/PositionOnlyDepthVertexShader.usf" 2829
"../../../Engine/Shaders/Private/DepthOnlyVertexShader.usf" 2830
"../../../Engine/Shaders/Private/AnisotropyPassShader.usf" 2831
"E:/Unreal Projects/MyPokemonDemo/Content/DA/Moves/DA_Move_Ember.uasset" 2832
"E:/Unreal Projects/MyPokemonDemo/Content/Blueprint/Gamemode/BP_TurnManager.uasset" 2833
"E:/Unreal Projects/MyPokemonDemo/Content/__ExternalActors__/scene/Demo_Map/A/PJ/C00ZADIQRAJDI50DVBJ8SO.uasset" 2834
"../../../Engine/Content/EditorResources/S_Actor.uasset" 2835
"E:/Unreal Projects/MyPokemonDemo/Intermediate/ShaderAutogen/PCD3D_SM6/AutogenShaderHeaders.ush" 2836
"../../../Engine/Content/EditorResources/S_BoxReflectionCapture.uasset" 2837
"../../../Engine/Content/EngineResources/DefaultTexture.uasset" 2838
"../../../Engine/Content/EngineResources/DefaultTextureCube.uasset" 2839
"../../../Engine/Content/EngineResources/DefaultVolumeTexture.uasset" 2840
"../../../Engine/Content/EngineResources/DefaultVolumeTexture2D.uasset" 2841
"../../../Engine/Content/EngineFonts/RobotoDistanceField.uasset" 2842
"../../../Engine/Content/EngineMaterials/DefaultTextMaterialOpaque.uasset" 2843
"../../../Engine/Content/Functions/Engine_MaterialFunctions01/Shading/PowerToRoughness.uasset" 2844
"../../../Engine/Content/Functions/Engine_MaterialFunctions01/Shading/ConvertFromDiffSpec.uasset" 2845
"../../../Engine/Content/EngineMaterials/WorldGridMaterial.uasset" 2846
"../../../Engine/Content/Functions/Engine_MaterialFunctions01/Opacity/CameraDepthFade.uasset" 2847
"../../../Engine/Content/EngineMaterials/T_Default_Material_Grid_M.uasset" 2848
"../../../Engine/Content/EngineMaterials/T_Default_Material_Grid_N.uasset" 2849
"../../../Engine/Content/EngineMaterials/DefaultDeferredDecalMaterial.uasset" 2850
"../../../Engine/Content/EngineMaterials/DefaultDiffuse.uasset" 2851
"../../../Engine/Content/EngineMaterials/DefaultLightFunctionMaterial.uasset" 2852
"../../../Engine/Content/EngineMaterials/DefaultPostProcessMaterial.uasset" 2853
"../../../Engine/Content/Functions/Engine_MaterialFunctions02/Utility/BreakOutFloat2Components.uasset" 2854
"../../../Engine/Content/EditorResources/S_Trigger.uasset" 2855
"../../../Engine/Content/EditorResources/S_TriggerBox.uasset" 2856
"../../../Engine/Content/EditorResources/S_TriggerCapsule.uasset" 2857
"../../../Engine/Content/EditorResources/S_TriggerSphere.uasset" 2858
"../../../Engine/Content/EngineDamageTypes/DmgTypeBP_Environmental.uasset" 2859
"../../../Engine/Content/EngineSky/VolumetricClouds/m_SimpleVolumetricCloud_Inst.uasset" 2860
"../../../Engine/Content/EngineSky/VolumetricClouds/m_SimpleVolumetricCloud.uasset" 2861
"../../../Engine/Content/Functions/Engine_MaterialFunctions02/Utility/MakeFloat2.uasset" 2862
"../../../Engine/Content/EngineSky/VolumetricClouds/CloudGradientTexture.uasset" 2863
"../../../Engine/Content/EngineSky/VolumetricClouds/CloudWeatherTexture.uasset" 2864
"../../../Engine/Content/EngineSky/VolumetricClouds/T_VolumeNoiseErosion32.uasset" 2865
"../../../Engine/Content/EngineSky/VolumetricClouds/T_NoiseErosion.uasset" 2866
"../../../Engine/Content/EngineSky/VolumetricClouds/T_VolumeNoiseShape64.uasset" 2867
"../../../Engine/Content/EngineSky/VolumetricClouds/T_NoiseShape64.uasset" 2868
"../../../Engine/Content/EngineMeshes/Sphere.uasset" 2869
"../../../Engine/Content/EngineResources/WhiteSquareTexture.uasset" 2870
"../../../Engine/Content/EngineResources/GradientTexture0.uasset" 2871
"../../../Engine/Content/EngineResources/Black.uasset" 2872
"../../../Engine/Content/EngineMaterials/Widget3DPassThrough_Translucent.uasset" 2873
"../../../Engine/Content/EngineMaterials/Widget3DPassThrough.uasset" 2874
"../../../Engine/Content/EngineMaterials/Widget3DPassThrough_Translucent_OneSided.uasset" 2875
"../../../Engine/Content/EngineMaterials/Widget3DPassThrough_Opaque.uasset" 2876
"../../../Engine/Content/EngineMaterials/Widget3DPassThrough_Opaque_OneSided.uasset" 2877
"../../../Engine/Content/EngineMaterials/Widget3DPassThrough_Masked.uasset" 2878
"../../../Engine/Content/EngineMaterials/Widget3DPassThrough_Masked_OneSided.uasset" 2879
"../../../Engine/Content/VREditor/ViewportInteractionAssetContainerData.uasset" 2880
"../../../Engine/Content/VREditor/SnapGrid/SnapGridMaterial.uasset" 2881
"../../../Engine/Content/Functions/Engine_MaterialFunctions02/Math/Transform3x3Matrix.uasset" 2882
"../../../Engine/Content/Functions/Engine_MaterialFunctions02/Utility/BreakOutFloat3Components.uasset" 2883
"../../../Engine/Content/Functions/Engine_MaterialFunctions02/SplitComponents.uasset" 2884
"../../../Engine/Content/Functions/Engine_MaterialFunctions02/Utility/MakeFloat3.uasset" 2885
"../../../Engine/Content/VREditor/TransformGizmo/TransformGizmoMaterial_Inst.uasset" 2886
"../../../Engine/Content/VREditor/TransformGizmo/TransformGizmoMaterial.uasset" 2887
"../../../Engine/Content/VREditor/LaserPointer/VR_LaserPower_01.uasset" 2888
"../../../Engine/Content/VREditor/TransformGizmo/TranslucentTransformGizmoMaterial_Inst.uasset" 2889
"../../../Engine/Content/VREditor/TransformGizmo/TranslucentTransformGizmoMaterial.uasset" 2890
"../../../Engine/Content/VREditor/SnapGrid/SnapGridPlaneMesh.uasset" 2891
"../../../Engine/Content/VREditor/Sounds/UI/Drop_Item_From_ContentBrowser.uasset" 2892
"../../../Engine/Content/VREditor/Sounds/UI/Gizmo_Handle_Clicked.uasset" 2893
"../../../Engine/Content/VREditor/Sounds/UI/Object_PickUp.uasset" 2894
"../../../Engine/Content/VREditor/Sounds/UI/Object_Snaps_To_Another_Actor.uasset" 2895
"../../../Engine/Content/VREditor/Sounds/UI/Object_Snaps_To_Grid.uasset" 2896
"../../../Engine/Content/VREditor/Sounds/UI/Scaling_Down.uasset" 2897
"../../../Engine/Content/VREditor/Sounds/UI/Scaling_Up.uasset" 2898
"../../../Engine/Content/VREditor/Sounds/UI/Selection_Changes.uasset" 2899
"../../../Engine/Content/VREditor/TransformGizmo/PlaneTranslationHandle.uasset" 2900
"../../../Engine/Content/VREditor/TransformGizmo/RotationHandleFull.uasset" 2901
"../../../Engine/Content/VREditor/TransformGizmo/RotationHandleIndicator.uasset" 2902
"../../../Engine/Content/VREditor/TransformGizmo/RotationHandleQuarter.uasset" 2903
"../../../Engine/Content/VREditor/TransformGizmo/StartRotationHandleIndicator.uasset" 2904
"../../../Engine/Content/VREditor/TransformGizmo/TransformGizmoFreeRotation.uasset" 2905
"../../../Engine/Content/VREditor/TransformGizmo/TranslateArrowHandle.uasset" 2906
"../../../Engine/Content/VREditor/TransformGizmo/UniformScaleHandle.uasset" 2907
"../../../Engine/Content/VREditor/TransformGizmo/BoundingBoxCorner.uasset" 2908
"../../../Engine/Content/VREditor/TransformGizmo/BoundingBoxEdge.uasset" 2909
"../../../Engine/Content/VREditor/TransformGizmo/SM_Sequencer_Node.uasset" 2910
"../../../Engine/Content/VREditor/TransformGizmo/Main.uasset" 2911
"../../../Engine/Content/VREditor/TransformGizmo/Xray.uasset" 2912
"../../../Engine/Content/EditorResources/S_Solver.uasset" 2913
"../../../Engine/Content/EngineDebugMaterials/VolumeToRender.uasset" 2914
"../../../Engine/Content/EngineDebugMaterials/M_VolumeRenderSphereTracePP.uasset" 2915
"../../../Engine/Content/Functions/Engine_MaterialFunctions02/Utility/CameraDirectionVector.uasset" 2916
"../../../Engine/Content/EditorMeshes/Camera/SM_CraneRig_Base.uasset" 2917
"../../../Engine/Content/EditorMaterials/Camera/MI_CineMat_Rig.uasset" 2918
"../../../Engine/Content/EditorMaterials/Camera/CineMat.uasset" 2919
"../../../Engine/Content/EditorMeshes/Camera/SM_CraneRig_Arm.uasset" 2920
"../../../Engine/Content/EditorMeshes/Camera/SM_CraneRig_Mount.uasset" 2921
"../../../Engine/Content/EditorMeshes/Camera/SM_CraneRig_Body.uasset" 2922
"../../../Engine/Content/EditorMeshes/Camera/SM_RailRig_Track.uasset" 2923
"../../../Engine/Content/EditorMeshes/Camera/SM_RailRig_Mount.uasset" 2924
"../../../Engine/Content/ArtTools/RenderToTexture/Meshes/S_1_Unit_Plane.uasset" 2925
"../../../Engine/Content/EngineDebugMaterials/M_SimpleUnlitTranslucent.uasset" 2926
"../../../Engine/Content/EngineFonts/Roboto.uasset" 2927
"../../../Engine/Content/EngineFonts/Faces/DroidSansFallback.uasset" 2928
"../../../Engine/Content/EngineFonts/Faces/RobotoBold.uasset" 2929
"../../../Engine/Content/EngineFonts/Faces/RobotoBoldItalic.uasset" 2930
"../../../Engine/Content/EngineFonts/Faces/RobotoItalic.uasset" 2931
"../../../Engine/Content/EngineFonts/Faces/RobotoLight.uasset" 2932
"../../../Engine/Content/EngineFonts/Faces/RobotoRegular.uasset" 2933
"../../../Engine/Content/EditorMaterials/ParticleSystems/PSysThumbnail_NoImage.uasset" 2934
"../../../Engine/Content/EditorMaterials/ParticleSystems/PSysThumbnail_OOD.uasset" 2935
"../../../Engine/Content/EditorLandscapeResources/SplineEditorMesh.uasset" 2936
"../../../Engine/Content/EditorLandscapeResources/SplineEditorMeshMat.uasset" 2937
"../../../Engine/Content/EditorLandscapeResources/DataLayer.uasset" 2938
"../../Plugins/Runtime/HairStrands/Content/Materials/HairDebugMaterial.uasset" 2939
"../../../Engine/Content/EngineMaterials/HairColorMap.uasset" 2940
"../../../Engine/Content/EngineMaterials/HairDebugColor.uasset" 2941
"../../Plugins/Runtime/HairStrands/Content/Materials/HairGroupColors.uasset" 2942
"../../Plugins/Runtime/HairStrands/Content/Materials/HairDefaultMaterial.uasset" 2943
"../../Plugins/Runtime/HairStrands/Content/Materials/HairCardsDefaultMaterial.uasset" 2944
"../../Plugins/Runtime/HairStrands/Content/Materials/HairMeshesDefaultMaterial.uasset" 2945
"../../Plugins/Animation/ACLPlugin/Content/ACLAnimBoneCompressionSettings.uasset" 2946
"../../../Engine/Content/Animation/DefaultRecorderBoneCompression.uasset" 2947
"../../Plugins/Animation/ACLPlugin/Content/ACLAnimCurveCompressionSettings.uasset" 2948
"../../../Engine/Content/Animation/DefaultVariableFrameStrippingSettings.uasset" 2949
"../../Plugins/Animation/ControlRig/Content/Controls/ControlRigXRayMaterial.uasset" 2950
"../../Plugins/Animation/ControlRig/Content/Controls/DefaultGizmoLibraryNormalized.uasset" 2951
"../../Plugins/Animation/ControlRig/Content/M_Manip.uasset" 2952
"../../../Engine/Content/Functions/Engine_MaterialFunctions02/WorldPositionOffset/CameraOffset.uasset" 2953
"../../Plugins/Interchange/Runtime/Content/gltf/MaterialBodies/MF_Default_Body.uasset" 2954
"../../Plugins/Interchange/Runtime/Content/gltf/MaterialFunctions/MF_BaseColor.uasset" 2955
"../../Plugins/Interchange/Runtime/Content/gltf/Textures/T_White_srgb.uasset" 2956
"../../Plugins/Interchange/Runtime/Content/gltf/MaterialFunctions/MF_Emissive.uasset" 2957
"../../Plugins/Interchange/Runtime/Content/gltf/MaterialFunctions/MF_IOR.uasset" 2958
"../../Plugins/Interchange/Runtime/Content/gltf/MaterialFunctions/MF_Iridescence.uasset" 2959
"../../Plugins/Interchange/Runtime/Content/Functions/MF_Iridescence.uasset" 2960
"../../../Engine/Content/Functions/Engine_MaterialFunctions03/Math/RemapValueRange.uasset" 2961
"../../Plugins/Interchange/Runtime/Content/Utilities/New_LUT.uasset" 2962
"../../Plugins/Interchange/Runtime/Content/gltf/MaterialFunctions/MF_MetallicRoughness.uasset" 2963
"../../Plugins/Interchange/Runtime/Content/gltf/Textures/T_White_Linear.uasset" 2964
"../../Plugins/Interchange/Runtime/Content/gltf/MaterialFunctions/MF_Normals.uasset" 2965
"../../Plugins/Interchange/Runtime/Content/gltf/MaterialFunctions/MF_RotateNormals_TS.uasset" 2966
"../../Plugins/Interchange/Runtime/Content/gltf/Textures/T_Generic_N.uasset" 2967
"../../Plugins/Interchange/Runtime/Content/gltf/MaterialFunctions/MF_Occlusion.uasset" 2968
"../../Plugins/Interchange/Runtime/Content/gltf/MaterialFunctions/MF_Specular.uasset" 2969
"../../Plugins/Interchange/Runtime/Content/gltf/MaterialFunctions/MF_TransformUVs.uasset" 2970
"../../Plugins/Interchange/Runtime/Content/gltf/MaterialFunctions/MF_RotateV2.uasset" 2971
"../../Plugins/Interchange/Runtime/Content/gltf/MaterialBodies/MF_Unlit_Body.uasset" 2972
"../../Plugins/Interchange/Runtime/Content/gltf/MaterialBodies/MF_ClearCoat_Body.uasset" 2973
"../../Plugins/Interchange/Runtime/Content/gltf/MaterialFunctions/MF_Clearcoat.uasset" 2974
"../../../Engine/Content/Functions/Engine_MaterialFunctions01/Texturing/FlattenNormal.uasset" 2975
"../../Plugins/Interchange/Runtime/Content/gltf/MaterialBodies/MF_Sheen_Body.uasset" 2976
"../../Plugins/Interchange/Runtime/Content/gltf/MaterialFunctions/MF_Sheen.uasset" 2977
"../../Plugins/Interchange/Runtime/Content/gltf/MaterialBodies/MF_Transmission_Body.uasset" 2978
"../../Plugins/Interchange/Runtime/Content/gltf/MaterialFunctions/MF_Fresnel_DS.uasset" 2979
"../../Plugins/Interchange/Runtime/Content/gltf/MaterialFunctions/MF_Temporal_Blur.uasset" 2980
"../../../Engine/Content/Functions/Engine_MaterialFunctions02/Texturing/ScreenAlignedPixelToPixelUVs.uasset" 2981
"../../../Engine/Content/EngineMaterials/Good64x64TilingNoiseHighFreq.uasset" 2982
"../../Plugins/Interchange/Runtime/Content/gltf/MaterialFunctions/MF_Transmission.uasset" 2983
"../../Plugins/Interchange/Runtime/Content/gltf/MaterialBodies/MF_SpecularGlossiness_Body.uasset" 2984
"../../Plugins/Interchange/Runtime/Content/gltf/MaterialFunctions/MF_DiffuseSpecGloss.uasset" 2985
"../../Plugins/Interchange/Runtime/Content/gltf/MaterialFunctions/MF_SpecGlossToMetalRoughness.uasset" 2986
"../../Plugins/Interchange/Runtime/Content/gltf/MaterialFunctions/MF_PerceivedBrightness.uasset" 2987
"../../../Engine/Content/Functions/Engine_MaterialFunctions02/Math/AddComponents.uasset" 2988
"../../Plugins/2D/Paper2D/Content/MaskedUnlitSpriteMaterial.uasset" 2989
"../../Plugins/2D/Paper2D/Content/DefaultSpriteMaterial.uasset" 2990
"../../Plugins/2D/Paper2D/Content/PlaceholderTextures/DummySpriteTexture.uasset" 2991
"../../Plugins/2D/Paper2D/Content/OpaqueUnlitSpriteMaterial.uasset" 2992
"../../Plugins/2D/Paper2D/Content/DefaultPaperTerrainMaterial.uasset" 2993
"../../Plugins/2D/Paper2D/Content/DummySprite.uasset" 2994
"../../../Engine/Intermediate/ProjectFiles/PrimaryProjectPath.txt" 2995
"../../Plugins/Editor/SpeedTreeImporter/Content/SpeedTree9/SpeedTreeMaster.uasset" 2996
"../../../Engine/Content/Functions/Engine_MaterialFunctions02/ObjectLocalBounds.uasset" 2997
"../../../Engine/Content/Functions/Engine_MaterialFunctions02/SafeNormalize.uasset" 2998
"../../../Engine/Content/Functions/Engine_MaterialFunctions02/Utility/VectorLength.uasset" 2999
"../../../Engine/Content/Functions/Engine_MaterialFunctions02/UVs/BoundingBoxBased_0-1_UVW.uasset" 3000
"../../../Engine/Content/Functions/Engine_MaterialFunctions02/WorldPositionOffset/ObjectScale.uasset" 3001
"../../Plugins/Editor/SpeedTreeImporter/Content/SpeedTree9/SpeedTreeBranchMotion.uasset" 3002
"../../Plugins/Editor/SpeedTreeImporter/Content/SpeedTree9/SpeedTreeWindMotion.uasset" 3003
"../../Plugins/Editor/SpeedTreeImporter/Content/SpeedTree9/game_wind_noise.uasset" 3004
"../../Plugins/Editor/SpeedTreeImporter/Content/SpeedTree9/UnpackDirection.uasset" 3005
"../../Plugins/Editor/SpeedTreeImporter/Content/SpeedTree9/UnpackInteger3.uasset" 3006
"../../Plugins/Editor/SpeedTreeImporter/Content/SpeedTree9/SpeedTreeCameraFacing.uasset" 3007
"../../Plugins/Editor/SpeedTreeImporter/Content/SpeedTree9/SpeedTreeWind.uasset" 3008
"../../Plugins/Editor/SpeedTreeImporter/Content/SpeedTree9/Empty.uasset" 3009
"../../Plugins/Editor/SpeedTreeImporter/Content/SpeedTree9/EmptyNormal.uasset" 3010
"../../Plugins/Editor/SpeedTreeImporter/Content/SpeedTree9/SpeedTreeBillboardMaster.uasset" 3011
"../../Plugins/Editor/SpeedTreeImporter/Content/SpeedTree9/SpeedTreeBillboard.uasset" 3012
"../../../Engine/Content/BasicShapes/BasicShapeMaterial.uasset" 3013
"../../../Engine/Content/EditorMaterials/Dataflow/DataflowVertexMaterial.uasset" 3014
"../../Plugins/Importers/USDImporter/Content/Materials/DisplayColor.uasset" 3015
"../../../Engine/Content/Functions/Engine_MaterialFunctions01/ImageAdjustment/sRGBToLinear.uasset" 3016
"D:/Software/UE_5.4/Engine/Binaries/ThirdParty/USD/UsdResources/Win64/plugins/plugInfo.json" 3017
"D:/Software/UE_5.4/Engine/Binaries/ThirdParty/USD/UsdResources/Win64/plugins/glf/resources/plugInfo.json" 3018
"D:/Software/UE_5.4/Engine/Binaries/ThirdParty/USD/UsdResources/Win64/plugins/hdGp/resources/plugInfo.json" 3019
"D:/Software/UE_5.4/Engine/Binaries/ThirdParty/USD/UsdResources/Win64/plugins/usdVolImaging/resources/plugInfo.json" 3020
"D:/Software/UE_5.4/Engine/Binaries/ThirdParty/USD/UsdResources/Win64/plugins/hgiGL/resources/plugInfo.json" 3021
"D:/Software/UE_5.4/Engine/Binaries/ThirdParty/USD/UsdResources/Win64/plugins/usdUI/resources/plugInfo.json" 3022
"D:/Software/UE_5.4/Engine/Binaries/ThirdParty/USD/UsdResources/Win64/plugins/hdStorm/resources/plugInfo.json" 3023
"D:/Software/UE_5.4/Engine/Binaries/ThirdParty/USD/UsdResources/Win64/plugins/usdVol/resources/plugInfo.json" 3024
"D:/Software/UE_5.4/Engine/Binaries/ThirdParty/USD/UsdResources/Win64/plugins/usd/resources/plugInfo.json" 3025
"D:/Software/UE_5.4/Engine/Binaries/ThirdParty/USD/UsdResources/Win64/plugins/hio/resources/plugInfo.json" 3026
"D:/Software/UE_5.4/Engine/Binaries/ThirdParty/USD/UsdResources/Win64/plugins/hd/resources/plugInfo.json" 3027
"D:/Software/UE_5.4/Engine/Binaries/ThirdParty/USD/UsdResources/Win64/plugins/hdSt/resources/plugInfo.json" 3028
"D:/Software/UE_5.4/Engine/Binaries/ThirdParty/USD/UsdResources/Win64/plugins/sdf/resources/plugInfo.json" 3029
"D:/Software/UE_5.4/Engine/Binaries/ThirdParty/USD/UsdResources/Win64/plugins/hdx/resources/plugInfo.json" 3030
"D:/Software/UE_5.4/Engine/Binaries/ThirdParty/USD/UsdResources/Win64/plugins/usdAbc/resources/plugInfo.json" 3031
"D:/Software/UE_5.4/Engine/Binaries/ThirdParty/USD/UsdResources/Win64/plugins/usdLux/resources/plugInfo.json" 3032
"D:/Software/UE_5.4/Engine/Binaries/ThirdParty/USD/UsdResources/Win64/plugins/usdRi/resources/plugInfo.json" 3033
"D:/Software/UE_5.4/Engine/Binaries/ThirdParty/USD/UsdResources/Win64/plugins/usdMedia/resources/plugInfo.json" 3034
"D:/Software/UE_5.4/Engine/Binaries/ThirdParty/USD/UsdResources/Win64/plugins/ar/resources/plugInfo.json" 3035
"D:/Software/UE_5.4/Engine/Binaries/ThirdParty/USD/UsdResources/Win64/plugins/usdImagingGL/resources/plugInfo.json" 3036
"D:/Software/UE_5.4/Engine/Binaries/ThirdParty/USD/UsdResources/Win64/plugins/unreal/resources/plugInfo.json" 3037
"D:/Software/UE_5.4/Engine/Binaries/ThirdParty/USD/UsdResources/Win64/plugins/usdRiPxrImaging/resources/plugInfo.json" 3038
"D:/Software/UE_5.4/Engine/Binaries/ThirdParty/USD/UsdResources/Win64/plugins/usdMtlx/resources/plugInfo.json" 3039
"D:/Software/UE_5.4/Engine/Binaries/ThirdParty/USD/UsdResources/Win64/plugins/usdProc/resources/plugInfo.json" 3040
"D:/Software/UE_5.4/Engine/Binaries/ThirdParty/USD/UsdResources/Win64/plugins/ndr/resources/plugInfo.json" 3041
"D:/Software/UE_5.4/Engine/Binaries/ThirdParty/USD/UsdResources/Win64/plugins/usdShade/resources/plugInfo.json" 3042
"D:/Software/UE_5.4/Engine/Binaries/ThirdParty/USD/UsdResources/Win64/plugins/usdRender/resources/plugInfo.json" 3043
"D:/Software/UE_5.4/Engine/Binaries/ThirdParty/USD/UsdResources/Win64/plugins/usdGeom/resources/plugInfo.json" 3044
"D:/Software/UE_5.4/Engine/Binaries/ThirdParty/USD/UsdResources/Win64/plugins/sdrGlslfx/resources/plugInfo.json" 3045
"D:/Software/UE_5.4/Engine/Binaries/ThirdParty/USD/UsdResources/Win64/plugins/usdSkel/resources/plugInfo.json" 3046
"D:/Software/UE_5.4/Engine/Binaries/ThirdParty/USD/UsdResources/Win64/plugins/usdProcImaging/resources/plugInfo.json" 3047
"D:/Software/UE_5.4/Engine/Binaries/ThirdParty/USD/UsdResources/Win64/plugins/usdHydra/resources/plugInfo.json" 3048
"D:/Software/UE_5.4/Engine/Binaries/ThirdParty/USD/UsdResources/Win64/plugins/usdPhysics/resources/plugInfo.json" 3049
"D:/Software/UE_5.4/Engine/Binaries/ThirdParty/USD/UsdResources/Win64/plugins/usdSkelImaging/resources/plugInfo.json" 3050
"D:/Software/UE_5.4/Engine/Binaries/ThirdParty/USD/UsdResources/Win64/plugins/usdImaging/resources/plugInfo.json" 3051
"D:/Software/UE_5.4/Engine/Binaries/ThirdParty/USD/UsdResources/Win64/plugins/usdShaders/resources/plugInfo.json" 3052
"D:/Software/UE_5.4/Engine/Binaries/ThirdParty/USD/UsdResources/Win64/plugins/usd/resources/codegenTemplates/plugInfo.json" 3053
"../../Plugins/Media/MediaPlate/Content/SM_MediaPlateScreen.uasset" 3054
"C:/Users/Mike/AppData/Local/UnrealEngine/Editor/UInteractiveToolsPresetCollectionAsset_DefaultCollection.json" 3055
"../../../Engine/Content/EngineMaterials/NaniteHiddenSectionMaterial.uasset" 3056
"../../../Engine/Content/EngineMaterials/RemoveSurfaceMaterial.uasset" 3057
"../../../Engine/Content/EngineDebugMaterials/DebugMeshMaterial.uasset" 3058
"../../../Engine/Content/EngineMaterials/EmissiveMeshMaterial.uasset" 3059
"../../../Engine/Content/EngineMaterials/DefaultWhiteGrid_Low.uasset" 3060
"../../../Engine/Content/EngineMaterials/M_InvalidLightmapSettings.uasset" 3061
"../../../Engine/Content/EngineMaterials/InvalidLightmapSettings.uasset" 3062
"../../../Engine/Content/EngineMaterials/GizmoMaterial.uasset" 3063
"../../../Engine/Content/EngineMaterials/PhAT_JointLimitMaterial.uasset" 3064
"../../../Engine/Content/EngineMaterials/FlattenMaterial.uasset" 3065
"../../../Engine/Content/EngineMaterials/BaseFlattenDiffuseMap.uasset" 3066
"../../../Engine/Content/EngineMaterials/BaseFlattenEmissiveMap.uasset" 3067
"../../../Engine/Content/EngineMaterials/BaseFlattenGrayscaleMap.uasset" 3068
"../../../Engine/Content/EngineMaterials/BaseFlattenLinearColor.uasset" 3069
"../../../Engine/Content/EngineMaterials/BaseFlattenNormalMap.uasset" 3070
"../../../Engine/Content/Functions/Engine_MaterialFunctions02/PivotPainter2/Black_1x1_EXR_Texture.uasset" 3071
"../../../Engine/Content/EngineMaterials/FlattenMaterial_VT.uasset" 3072
"../../../Engine/Content/EngineMaterials/BaseFlattenDiffuseMap_VT.uasset" 3073
"../../../Engine/Content/EngineMaterials/BaseFlattenEmissiveMap_VT.uasset" 3074
"../../../Engine/Content/EngineMaterials/BaseFlattenGrayscaleMap_VT.uasset" 3075
"../../../Engine/Content/EngineMaterials/BaseFlattenLinearColor_VT.uasset" 3076
"../../../Engine/Content/EngineMaterials/BaseFlattenNormalMap_VT.uasset" 3077
"../../../Engine/Content/EngineMaterials/Black_1x1_EXR_Texture_VT.uasset" 3078
"../../../Engine/Content/EngineMaterials/FlattenMaterial_WS_Normal_VT.uasset" 3079
"../../../Engine/Content/EngineMaterials/DefaultBokeh.uasset" 3080
"../../../Engine/Content/EngineMaterials/MiniFont.uasset" 3081
"../../../Engine/Content/EngineMaterials/WeightMapPlaceholderTexture.uasset" 3082
"../../../Engine/Content/EngineMaterials/WeightMapArrayPlaceholderTexture.uasset" 3083
"../../../Engine/Content/EngineMaterials/DefaultWhiteGrid.uasset" 3084
"../../../Engine/Content/EngineMaterials/PreintegratedSkinBRDF.uasset" 3085
"../../../Engine/Content/EngineMaterials/DefaultPhysicalMaterial.uasset" 3086
"../../../Engine/Content/EngineMaterials/DefaultDestructiblePhysicalMaterial.uasset" 3087
"C:/Users/Mike/AppData/Local/UnrealEngine/5.4/Saved/AutoLoadProject.txt" 3088
"../../Plugins/Runtime/MeshModelingToolset/Content/Materials/M_DynamicMeshComponentVtxColor.uasset" 3089
"../../Plugins/FX/Niagara/Content/ParameterDefinitions/SpriteRenderer.uasset" 3090
"../../Plugins/FX/Niagara/Content/ParameterDefinitions/RibbonRenderer.uasset" 3091
"../../Plugins/FX/Niagara/Content/ParameterDefinitions/MeshRenderer.uasset" 3092
"../../Plugins/FX/Niagara/Content/ParameterDefinitions/LightRenderer.uasset" 3093
"../../Plugins/FX/Niagara/Content/ParameterDefinitions/DecalRenderer.uasset" 3094
"../../Plugins/FX/Niagara/Content/ParameterDefinitions/CoreParameters.uasset" 3095
"../../../Engine/Content/BasicShapes/Cube.uasset" 3096
"../../../Engine/Content/BasicShapes/Sphere.uasset" 3097
"../../../Engine/Content/EngineMaterials/DefaultMaterial.uasset" 3098
"../../../Engine/Content/BasicShapes/Cylinder.uasset" 3099
"../../../Engine/Content/BasicShapes/Cone.uasset" 3100
"../../../Engine/Content/BasicShapes/Plane.uasset" 3101
"../../../Engine/Content/EditorResources/SequenceRecorder/Countdown.uasset" 3102
"../../../Engine/Content/EditorResources/SequenceRecorder/RecordingIndicator.uasset" 3103
"../../../Engine/Content/EditorMaterials/PhAT_UnselectedMaterial.uasset" 3104
"../../../Engine/Content/EditorMaterials/PhAT_NoCollisionMaterial.uasset" 3105
"../../../Engine/Content/EditorLandscapeResources/DefaultAlphaTexture.uasset" 3106
"../../../Engine/Content/EditorResources/S_Terrain.uasset" 3107
"../../../Engine/Plugins/Animation/ControlRig/Content/Controls/ControlRigGizmoMaterial.uasset" 3108
"../../../Engine/Content/EngineSounds/Master.uasset" 3109
"../../../Engine/Content/EngineMaterials/STBlueNoise_vec2_128x128x64.uasset" 3110
"../../../Engine/Plugins/Animation/DeformerGraph/Content/Deformers/DG_LinearBlendSkin_Morph_Cloth_RecomputeNormals.uasset" 3111
"../../../Engine/Plugins/Animation/DeformerGraph/Content/Deformers/DG_LinearBlendSkin_Morph_Cloth.uasset" 3112
"../../../Engine/Content/EngineMaterials/STBlueNoise_scalar_128x128x64.uasset" 3113
"../../../Engine/Content/EngineDebugMaterials/DebugEditorMaterial.uasset" 3114
"../../../Engine/Plugins/Interchange/Runtime/Content/Pipelines/DefaultGLTFSceneAssetsPipeline.uasset" 3115
"../../../Engine/Plugins/Interchange/Runtime/Content/Pipelines/DefaultSceneLevelPipeline.uasset" 3116
"../../../Engine/Plugins/Interchange/Runtime/Content/Pipelines/DefaultSceneAssetsPipeline.uasset" 3117
"../../../Engine/Plugins/Interchange/Runtime/Content/Pipelines/DefaultGLTFAssetsPipeline.uasset" 3118
"../../../Engine/Plugins/Interchange/Runtime/Content/Pipelines/DefaultMaterialPipeline.uasset" 3119
"../../../Engine/Plugins/Interchange/Runtime/Content/Pipelines/DefaultGLTFPipeline.uasset" 3120
"../../../Engine/Plugins/Interchange/Runtime/Content/Pipelines/DefaultTexturePipeline.uasset" 3121
"../../../Engine/Plugins/Interchange/Runtime/Content/Pipelines/DefaultAssetsPipeline.uasset" 3122
"../../../Engine/Plugins/Interchange/Runtime/Content/Pipelines/DefaultMaterialXPipeline.uasset" 3123
"../../../Engine/Plugins/Interchange/Runtime/Content/Functions/MX_AnisotropicVDF.uasset" 3124
"../../../Engine/Plugins/Interchange/Runtime/Content/Functions/MX_AbsorptionVDF.uasset" 3125
"../../../Engine/Plugins/Interchange/Runtime/Content/Functions/MX_MeasuredEDF.uasset" 3126
"../../../Engine/Plugins/Interchange/Runtime/Content/Functions/MX_ConicalEDF.uasset" 3127
"../../../Engine/Plugins/Interchange/Runtime/Content/Functions/MX_SheenBSDF.uasset" 3128
"../../../Engine/Plugins/Interchange/Runtime/Content/Functions/MX_GeneralizedSchlickBSDF.uasset" 3129
"../../../Engine/Plugins/Interchange/Runtime/Content/Functions/MX_ConductorBSDF.uasset" 3130
"../../../Engine/Plugins/Interchange/Runtime/Content/Functions/MX_SubsurfaceBSDF.uasset" 3131
"../../../Engine/Plugins/Interchange/Runtime/Content/Functions/MX_DielectricBSDF.uasset" 3132
"../../../Engine/Plugins/Interchange/Runtime/Content/Functions/MX_TranslucentBSDF.uasset" 3133
"../../../Engine/Plugins/Interchange/Runtime/Content/Functions/MX_ThinFilmBSDF.uasset" 3134
"../../../Engine/Plugins/Interchange/Runtime/Content/Functions/MX_BurleyDiffuseBSDF.uasset" 3135
"../../../Engine/Plugins/Interchange/Runtime/Content/Functions/MX_UniformEDF.uasset" 3136
"../../../Engine/Plugins/Interchange/Runtime/Content/Functions/MX_OrenNayarBSDF.uasset" 3137
"../../../Engine/Plugins/Interchange/Runtime/Content/Functions/MX_UsdPreviewSurface.uasset" 3138
"../../../Engine/Plugins/Interchange/Runtime/Content/Functions/MX_SurfaceUnlit.uasset" 3139
"../../../Engine/Content/EngineResources/FilmGrains/Marcie_Grain_v3_128_M2_000.uasset" 3140
"../../../Engine/Content/EngineMaterials/DefaultBloomKernel.uasset" 3141
"../../../Engine/Content/EditorResources/BSPVertex.uasset" 3142
"E:/Unreal Projects/MyPokemonDemo/Content/scene/Untitled.umap" 3143
"E:/Unreal Projects/MyPokemonDemo/Content/ThirdPerson/Maps/ThirdPersonMap_BuiltData.uasset" 3144
"E:/Unreal Projects/MyPokemonDemo/Content/ThirdPerson/Input/Actions/IA_Move.uasset" 3145
"E:/Unreal Projects/MyPokemonDemo/Content/ThirdPerson/Input/Actions/IA_Look.uasset" 3146
"E:/Unreal Projects/MyPokemonDemo/Content/ThirdPerson/Input/Actions/IA_Jump.uasset" 3147
"E:/Unreal Projects/MyPokemonDemo/Content/StarterContent/Textures/T_Wood_Walnut_N.uasset" 3148
"E:/Unreal Projects/MyPokemonDemo/Content/StarterContent/Textures/T_Wood_Walnut_D.uasset" 3149
"E:/Unreal Projects/MyPokemonDemo/Content/StarterContent/Textures/T_Wood_Pine_N.uasset" 3150
"E:/Unreal Projects/MyPokemonDemo/Content/StarterContent/Textures/T_Wood_Pine_D.uasset" 3151
"E:/Unreal Projects/MyPokemonDemo/Content/StarterContent/Textures/T_Wood_Oak_N.uasset" 3152
"E:/Unreal Projects/MyPokemonDemo/Content/StarterContent/Textures/T_Wood_Oak_D.uasset" 3153
"E:/Unreal Projects/MyPokemonDemo/Content/StarterContent/Textures/T_Wood_Floor_Walnut_N.uasset" 3154
"E:/Unreal Projects/MyPokemonDemo/Content/StarterContent/Textures/T_Wood_Floor_Walnut_M.uasset" 3155
"E:/Unreal Projects/MyPokemonDemo/Content/StarterContent/Textures/T_Wood_Floor_Walnut_D.uasset" 3156
"E:/Unreal Projects/MyPokemonDemo/Content/StarterContent/Textures/T_Water_N.uasset" 3157
"E:/Unreal Projects/MyPokemonDemo/Content/StarterContent/Textures/T_Water_M.uasset" 3158
"E:/Unreal Projects/MyPokemonDemo/Content/StarterContent/Textures/T_Tech_Panel_N.uasset" 3159
"E:/Unreal Projects/MyPokemonDemo/Content/StarterContent/Textures/T_Tech_Panel_M.uasset" 3160
"E:/Unreal Projects/MyPokemonDemo/Content/StarterContent/Textures/T_Tech_Hex_Tile_N.uasset" 3161
"E:/Unreal Projects/MyPokemonDemo/Content/StarterContent/Textures/T_Tech_Hex_Tile_M.uasset" 3162
"E:/Unreal Projects/MyPokemonDemo/Content/StarterContent/Textures/T_Tech_Dot_N.uasset" 3163
"E:/Unreal Projects/MyPokemonDemo/Content/StarterContent/Textures/T_Tech_Dot_M.uasset" 3164
"E:/Unreal Projects/MyPokemonDemo/Content/StarterContent/Textures/T_TableRound_N.uasset" 3165
"E:/Unreal Projects/MyPokemonDemo/Content/StarterContent/Textures/T_TableRound_M.uasset" 3166
"E:/Unreal Projects/MyPokemonDemo/Content/StarterContent/Textures/T_Statue_N.uasset" 3167
"E:/Unreal Projects/MyPokemonDemo/Content/StarterContent/Textures/T_Statue_M.uasset" 3168
"E:/Unreal Projects/MyPokemonDemo/Content/StarterContent/Textures/T_Spark_Core.uasset" 3169
"E:/Unreal Projects/MyPokemonDemo/Content/StarterContent/Textures/T_Smoke_Tiled_D.uasset" 3170
"E:/Unreal Projects/MyPokemonDemo/Content/StarterContent/Textures/T_Smoke_SubUV.uasset" 3171
"../../../Engine/Plugins/Animation/DeformerGraph/Shaders/Private/DataInterfaceSkinnedMeshExec.ush" 3172
"../../../Engine/Plugins/Animation/DeformerGraph/Shaders/Private/DataInterfaceCloth.ush" 3173
"../../../Engine/Plugins/Animation/DeformerGraph/Shaders/Private/DataInterfaceSkinnedMesh.ush" 3174
"../../../Engine/Plugins/Animation/DeformerGraph/Shaders/Private/DataInterfaceSkeleton.ush" 3175
"../../../Engine/Plugins/Animation/DeformerGraph/Shaders/Private/DataInterfaceMorphTarget.ush" 3176
"../../../Engine/Plugins/Animation/DeformerGraph/Shaders/Private/DataInterfaceRawBuffer.ush" 3177
"../../../Engine/Plugins/Runtime/ComputeFramework/Shaders/Private/BufferAlias.ush" 3178
"../../../Engine/Plugins/Animation/DeformerGraph/Shaders/Private/DataInterfaceHalfEdge.ush" 3179
"../../../Engine/Plugins/Animation/DeformerGraph/Shaders/Private/DataInterfaceSkinnedMeshWrite.ush" 3180
"E:/Unreal Projects/MyPokemonDemo/Content/StarterContent/Textures/T_Single_Tile_N.uasset" 3181
"E:/Unreal Projects/MyPokemonDemo/Content/StarterContent/Textures/T_Shelf_N.uasset" 3182
"E:/Unreal Projects/MyPokemonDemo/Content/StarterContent/Textures/T_Shelf_M.uasset" 3183
"E:/Unreal Projects/MyPokemonDemo/Content/StarterContent/Textures/T_Rock_Smooth_Granite_D.uasset" 3184
"E:/Unreal Projects/MyPokemonDemo/Content/StarterContent/Textures/T_Rock_Slate_N.uasset" 3185
"E:/Unreal Projects/MyPokemonDemo/Content/StarterContent/Textures/T_Rock_Slate_D.uasset" 3186
"E:/Unreal Projects/MyPokemonDemo/Content/StarterContent/Textures/T_Rock_Sandstone_N.uasset" 3187
"E:/Unreal Projects/MyPokemonDemo/Content/StarterContent/Textures/T_Rock_Sandstone_D.uasset" 3188
"E:/Unreal Projects/MyPokemonDemo/Content/StarterContent/Textures/T_Rock_Marble_Polished_D.uasset" 3189
"E:/Unreal Projects/MyPokemonDemo/Content/StarterContent/Textures/T_Rock_Basalt_N.uasset" 3190
"E:/Unreal Projects/MyPokemonDemo/Content/StarterContent/Textures/T_Rock_Basalt_D.uasset" 3191
"E:/Unreal Projects/MyPokemonDemo/Content/StarterContent/Textures/T_RockMesh_N.uasset" 3192
"E:/Unreal Projects/MyPokemonDemo/Content/StarterContent/Textures/T_RockMesh_M.uasset" 3193
"E:/Unreal Projects/MyPokemonDemo/Content/StarterContent/Textures/T_Perlin_Noise_M.uasset" 3194
"E:/Unreal Projects/MyPokemonDemo/Content/StarterContent/Textures/T_Metal_Steel_N.uasset" 3195
"E:/Unreal Projects/MyPokemonDemo/Content/StarterContent/Textures/T_Metal_Steel_D.uasset" 3196
"E:/Unreal Projects/MyPokemonDemo/Content/StarterContent/Textures/T_Metal_Rust_N.uasset" 3197
"E:/Unreal Projects/MyPokemonDemo/Content/StarterContent/Textures/T_Metal_Rust_D.uasset" 3198
"E:/Unreal Projects/MyPokemonDemo/Content/StarterContent/Textures/T_Metal_Gold_N.uasset" 3199
"E:/Unreal Projects/MyPokemonDemo/Content/StarterContent/Textures/T_Metal_Gold_D.uasset" 3200
"E:/Unreal Projects/MyPokemonDemo/Content/StarterContent/Textures/T_Metal_Copper_D.uasset" 3201
"E:/Unreal Projects/MyPokemonDemo/Content/StarterContent/Textures/T_Metal_Aluminum_D.uasset" 3202
"E:/Unreal Projects/MyPokemonDemo/Content/StarterContent/Textures/T_MacroVariation.uasset" 3203
"E:/Unreal Projects/MyPokemonDemo/Content/StarterContent/Textures/T_Lamp_N.uasset" 3204
"E:/Unreal Projects/MyPokemonDemo/Content/StarterContent/Textures/T_Lamp_M.uasset" 3205
"E:/Unreal Projects/MyPokemonDemo/Content/StarterContent/Textures/T_Ground_Moss_N.uasset" 3206
"E:/Unreal Projects/MyPokemonDemo/Content/StarterContent/Textures/T_ground_Moss_D.uasset" 3207
"E:/Unreal Projects/MyPokemonDemo/Content/StarterContent/Textures/T_Ground_Gravel_N.uasset" 3208
"E:/Unreal Projects/MyPokemonDemo/Content/StarterContent/Textures/T_Ground_Gravel_D.uasset" 3209
"E:/Unreal Projects/MyPokemonDemo/Content/StarterContent/Textures/T_Ground_Grass_N.uasset" 3210
"E:/Unreal Projects/MyPokemonDemo/Content/StarterContent/Textures/T_Ground_Grass_D.uasset" 3211
"E:/Unreal Projects/MyPokemonDemo/Content/StarterContent/Textures/T_Gradinet_01.uasset" 3212
"E:/Unreal Projects/MyPokemonDemo/Content/StarterContent/Textures/T_Frame_N.uasset" 3213
"E:/Unreal Projects/MyPokemonDemo/Content/StarterContent/Textures/T_Frame_M.uasset" 3214
"E:/Unreal Projects/MyPokemonDemo/Content/StarterContent/Textures/T_Fire_Tiled_D.uasset" 3215
"E:/Unreal Projects/MyPokemonDemo/Content/StarterContent/Textures/T_Fire_SubUV.uasset" 3216
"E:/Unreal Projects/MyPokemonDemo/Content/StarterContent/Textures/T_Explosion_SubUV.uasset" 3217
"E:/Unreal Projects/MyPokemonDemo/Content/StarterContent/Textures/T_Dust_Particle_D.uasset" 3218
"E:/Unreal Projects/MyPokemonDemo/Content/StarterContent/Textures/T_Door_N.uasset" 3219
"E:/Unreal Projects/MyPokemonDemo/Content/StarterContent/Textures/T_Door_M.uasset" 3220
"E:/Unreal Projects/MyPokemonDemo/Content/StarterContent/Textures/T_Detail_Rocky_N.uasset" 3221
"E:/Unreal Projects/MyPokemonDemo/Content/StarterContent/Textures/T_Concrete_Tiles_Variation_M.uasset" 3222
"E:/Unreal Projects/MyPokemonDemo/Content/StarterContent/Textures/T_Concrete_Tiles_N.uasset" 3223
"E:/Unreal Projects/MyPokemonDemo/Content/StarterContent/Textures/T_Concrete_Tiles_M.uasset" 3224
"E:/Unreal Projects/MyPokemonDemo/Content/StarterContent/Textures/T_Concrete_Tiles_D.uasset" 3225
"E:/Unreal Projects/MyPokemonDemo/Content/StarterContent/Textures/T_Concrete_Poured_N.uasset" 3226
"E:/Unreal Projects/MyPokemonDemo/Content/StarterContent/Textures/T_Concrete_Poured_D.uasset" 3227
"E:/Unreal Projects/MyPokemonDemo/Content/StarterContent/Textures/T_Concrete_Panels_N.uasset" 3228
"E:/Unreal Projects/MyPokemonDemo/Content/StarterContent/Textures/T_Concrete_Panels_D.uasset" 3229
"E:/Unreal Projects/MyPokemonDemo/Content/StarterContent/Textures/T_Concrete_Grime_D.uasset" 3230
"E:/Unreal Projects/MyPokemonDemo/Content/StarterContent/Textures/T_CobbleStone_Smooth_N.uasset" 3231
"E:/Unreal Projects/MyPokemonDemo/Content/StarterContent/Textures/T_CobbleStone_Smooth_M.uasset" 3232
"E:/Unreal Projects/MyPokemonDemo/Content/StarterContent/Textures/T_CobbleStone_Smooth_D.uasset" 3233
"E:/Unreal Projects/MyPokemonDemo/Content/StarterContent/Textures/T_CobbleStone_Rough_N.uasset" 3234
"E:/Unreal Projects/MyPokemonDemo/Content/StarterContent/Textures/T_CobbleStone_Rough_D.uasset" 3235
"E:/Unreal Projects/MyPokemonDemo/Content/StarterContent/Textures/T_CobbleStone_Pebble_N.uasset" 3236
"E:/Unreal Projects/MyPokemonDemo/Content/StarterContent/Textures/T_CobbleStone_Pebble_M.uasset" 3237
"E:/Unreal Projects/MyPokemonDemo/Content/StarterContent/Textures/T_CobbleStone_Pebble_D.uasset" 3238
"E:/Unreal Projects/MyPokemonDemo/Content/StarterContent/Textures/T_Checker_Noise_M.uasset" 3239
"E:/Unreal Projects/MyPokemonDemo/Content/StarterContent/Textures/T_Chair_N.uasset" 3240
"E:/Unreal Projects/MyPokemonDemo/Content/StarterContent/Textures/T_Chair_M.uasset" 3241
"E:/Unreal Projects/MyPokemonDemo/Content/StarterContent/Textures/T_Ceramic_Tile_N.uasset" 3242
"E:/Unreal Projects/MyPokemonDemo/Content/StarterContent/Textures/T_Ceramic_Tile_M.uasset" 3243
"E:/Unreal Projects/MyPokemonDemo/Content/StarterContent/Textures/T_Bush_N.uasset" 3244
"E:/Unreal Projects/MyPokemonDemo/Content/StarterContent/Textures/T_Bush_D.uasset" 3245
"E:/Unreal Projects/MyPokemonDemo/Content/StarterContent/Textures/T_Burst_M.uasset" 3246
"E:/Unreal Projects/MyPokemonDemo/Content/StarterContent/Textures/T_Brick_Hewn_Stone_N.uasset" 3247
"E:/Unreal Projects/MyPokemonDemo/Content/StarterContent/Textures/T_Brick_Hewn_Stone_M.uasset" 3248
"E:/Unreal Projects/MyPokemonDemo/Content/StarterContent/Textures/T_Brick_Hewn_Stone_D.uasset" 3249
"E:/Unreal Projects/MyPokemonDemo/Content/StarterContent/Textures/T_Brick_Cut_Stone_N.uasset" 3250
"E:/Unreal Projects/MyPokemonDemo/Content/StarterContent/Textures/T_Brick_Cut_Stone_D.uasset" 3251
"E:/Unreal Projects/MyPokemonDemo/Content/StarterContent/Textures/T_Brick_Clay_Old_N.uasset" 3252
"E:/Unreal Projects/MyPokemonDemo/Content/StarterContent/Textures/T_Brick_Clay_Old_D.uasset" 3253
"E:/Unreal Projects/MyPokemonDemo/Content/StarterContent/Textures/T_Brick_Clay_New_N.uasset" 3254
"E:/Unreal Projects/MyPokemonDemo/Content/StarterContent/Textures/T_Brick_Clay_New_M.uasset" 3255
"E:/Unreal Projects/MyPokemonDemo/Content/StarterContent/Textures/T_Brick_Clay_New_D.uasset" 3256
"E:/Unreal Projects/MyPokemonDemo/Content/StarterContent/Textures/T_Brick_Clay_Beveled_N.uasset" 3257
"E:/Unreal Projects/MyPokemonDemo/Content/StarterContent/Textures/T_Brick_Clay_Beveled_M.uasset" 3258
"E:/Unreal Projects/MyPokemonDemo/Content/StarterContent/Textures/T_Brick_Clay_Beveled_D.uasset" 3259
"E:/Unreal Projects/MyPokemonDemo/Content/StarterContent/Particles/Materials/m_flare_01.uasset" 3260
"E:/Unreal Projects/MyPokemonDemo/Content/StarterContent/Materials/M_Glass.uasset" 3261
"E:/Unreal Projects/MyPokemonDemo/Content/StarterContent/Materials/M_Basic_Wall.uasset" 3262
"E:/Unreal Projects/MyPokemonDemo/Content/StarterContent/Materials/M_Basic_Floor.uasset" 3263
"E:/Unreal Projects/MyPokemonDemo/Content/StarterContent/Materials/M_AssetPlatform.uasset" 3264
"E:/Unreal Projects/MyPokemonDemo/Content/StarterContent/Maps/StarterMap_BuiltData.uasset" 3265
"E:/Unreal Projects/MyPokemonDemo/Content/StarterContent/Maps/Minimal_Default_BuiltData.uasset" 3266
"E:/Unreal Projects/MyPokemonDemo/Content/StarterContent/Maps/Advanced_Lighting_BuiltData.uasset" 3267
"E:/Unreal Projects/MyPokemonDemo/Content/StarterContent/HDRI/HDRI_Epic_Courtyard_Daylight.uasset" 3268
"E:/Unreal Projects/MyPokemonDemo/Content/StarterContent/Blueprints/Assets/SunlightColorLUT.uasset" 3269
"E:/Unreal Projects/MyPokemonDemo/Content/StarterContent/Blueprints/Assets/M_LightStage_Arrows.uasset" 3270
"E:/Unreal Projects/MyPokemonDemo/Content/StarterContent/Blueprints/Assets/FogBrightnessLUT.uasset" 3271
"E:/Unreal Projects/MyPokemonDemo/Content/StarterContent/Audio/Steam01_Cue.uasset" 3272
"E:/Unreal Projects/MyPokemonDemo/Content/StarterContent/Audio/Steam01.uasset" 3273
"E:/Unreal Projects/MyPokemonDemo/Content/StarterContent/Audio/Starter_Wind06.uasset" 3274
"E:/Unreal Projects/MyPokemonDemo/Content/StarterContent/Audio/Starter_Wind05.uasset" 3275
"E:/Unreal Projects/MyPokemonDemo/Content/StarterContent/Audio/Starter_Music_Cue.uasset" 3276
"E:/Unreal Projects/MyPokemonDemo/Content/StarterContent/Audio/Starter_Music01.uasset" 3277
"E:/Unreal Projects/MyPokemonDemo/Content/StarterContent/Audio/Starter_Birds01.uasset" 3278
"E:/Unreal Projects/MyPokemonDemo/Content/StarterContent/Audio/Starter_Background_Cue.uasset" 3279
"E:/Unreal Projects/MyPokemonDemo/Content/StarterContent/Audio/Smoke01_Cue.uasset" 3280
"E:/Unreal Projects/MyPokemonDemo/Content/StarterContent/Audio/Smoke01.uasset" 3281
"E:/Unreal Projects/MyPokemonDemo/Content/StarterContent/Audio/Light02_Cue.uasset" 3282
"E:/Unreal Projects/MyPokemonDemo/Content/StarterContent/Audio/Light02.uasset" 3283
"E:/Unreal Projects/MyPokemonDemo/Content/StarterContent/Audio/Light01_Cue.uasset" 3284
"E:/Unreal Projects/MyPokemonDemo/Content/StarterContent/Audio/Light01.uasset" 3285
"E:/Unreal Projects/MyPokemonDemo/Content/StarterContent/Audio/Fire_Sparks01_Cue.uasset" 3286
"E:/Unreal Projects/MyPokemonDemo/Content/StarterContent/Audio/Fire_Sparks01.uasset" 3287
"E:/Unreal Projects/MyPokemonDemo/Content/StarterContent/Audio/Fire01_Cue.uasset" 3288
"E:/Unreal Projects/MyPokemonDemo/Content/StarterContent/Audio/Fire01.uasset" 3289
"E:/Unreal Projects/MyPokemonDemo/Content/StarterContent/Audio/Explosion_Cue.uasset" 3290
"E:/Unreal Projects/MyPokemonDemo/Content/StarterContent/Audio/Explosion02.uasset" 3291
"E:/Unreal Projects/MyPokemonDemo/Content/StarterContent/Audio/Explosion01.uasset" 3292
"E:/Unreal Projects/MyPokemonDemo/Content/StarterContent/Audio/Collapse_Cue.uasset" 3293
"E:/Unreal Projects/MyPokemonDemo/Content/StarterContent/Audio/Collapse02.uasset" 3294
"E:/Unreal Projects/MyPokemonDemo/Content/StarterContent/Audio/Collapse01.uasset" 3295
"E:/Unreal Projects/MyPokemonDemo/Content/SimpleDamageText/UE/ThirdPerson/Characters/Mannequin_UE4/Textures/T_UELogo_N_TGA.uasset" 3296
"E:/Unreal Projects/MyPokemonDemo/Content/SimpleDamageText/UE/ThirdPerson/Characters/Mannequin_UE4/Textures/T_UELogo_Mask.uasset" 3297
"E:/Unreal Projects/MyPokemonDemo/Content/SimpleDamageText/UE/ThirdPerson/Characters/Mannequin_UE4/Textures/T_UE4_Mannequin__normals.uasset" 3298
"E:/Unreal Projects/MyPokemonDemo/Content/SimpleDamageText/UE/ThirdPerson/Characters/Mannequin_UE4/Textures/T_UE4_Mannequin_MAT_MASKA.uasset" 3299
"E:/Unreal Projects/MyPokemonDemo/Content/SimpleDamageText/UE/ThirdPerson/Characters/Mannequin_UE4/Textures/T_ML_Rubber_Blue_01_N.uasset" 3300
"E:/Unreal Projects/MyPokemonDemo/Content/SimpleDamageText/UE/ThirdPerson/Characters/Mannequin_UE4/Textures/T_ML_Rubber_Blue_01_D.uasset" 3301
"E:/Unreal Projects/MyPokemonDemo/Content/SimpleDamageText/UE/ThirdPerson/Characters/Mannequin_UE4/Textures/T_ML_Aluminum01_N.uasset" 3302
"E:/Unreal Projects/MyPokemonDemo/Content/SimpleDamageText/UE/ThirdPerson/Characters/Mannequin_UE4/Textures/T_ML_Aluminum01.uasset" 3303
"E:/Unreal Projects/MyPokemonDemo/Content/SimpleDamageText/UE/ThirdPerson/Characters/Mannequin_UE4/Rigs/IK_UE4_Mannequin.uasset" 3304
"E:/Unreal Projects/MyPokemonDemo/Content/SimpleDamageText/UE/ThirdPerson/Characters/Mannequin_UE4/Meshes/SK_Mannequin_Skeleton.uasset" 3305
"E:/Unreal Projects/MyPokemonDemo/Content/SimpleDamageText/UE/ThirdPerson/Characters/Mannequin_UE4/Meshes/SK_Mannequin_PhysicsAsset.uasset" 3306
"E:/Unreal Projects/MyPokemonDemo/Content/SimpleDamageText/UE/ThirdPerson/Characters/Mannequin_UE4/Materials/Layers/ML_ShinyPlastic_Beige.uasset" 3307
"E:/Unreal Projects/MyPokemonDemo/Content/SimpleDamageText/UE/ThirdPerson/Characters/Mannequins/Textures/Quinn/T_Quinn_02_CCRCCPlastic_MSK.uasset" 3308
"E:/Unreal Projects/MyPokemonDemo/Content/SimpleDamageText/UE/ThirdPerson/Characters/Mannequins/Textures/Shared/T_UE_Logo_M.uasset" 3309
"E:/Unreal Projects/MyPokemonDemo/Content/SimpleDamageText/UE/ThirdPerson/Characters/Mannequins/Textures/Quinn/T_Quinn_02_ASAOMASK_MSK.uasset" 3310
"E:/Unreal Projects/MyPokemonDemo/Content/SimpleDamageText/UE/ThirdPerson/Characters/Mannequins/Textures/Quinn/T_Quinn_02ID_Tan.uasset" 3311
"E:/Unreal Projects/MyPokemonDemo/Content/SimpleDamageText/UE/ThirdPerson/Characters/Mannequins/Textures/Quinn/T_Quinn_02ID_N.uasset" 3312
"E:/Unreal Projects/MyPokemonDemo/Content/SimpleDamageText/UE/ThirdPerson/Characters/Mannequins/Textures/Quinn/T_Quinn_02ID_MSR_MSK.uasset" 3313
"E:/Unreal Projects/MyPokemonDemo/Content/SimpleDamageText/UE/ThirdPerson/Characters/Mannequins/Textures/Quinn/T_Quinn_02ID_BN.uasset" 3314
"E:/Unreal Projects/MyPokemonDemo/Content/SimpleDamageText/UE/ThirdPerson/Characters/Mannequins/Textures/Quinn/T_Quinn_02ID_D.uasset" 3315
"E:/Unreal Projects/MyPokemonDemo/Content/SimpleDamageText/UE/ThirdPerson/Characters/Mannequins/Textures/Quinn/T_Quinn_01_CCRCCPlastic_MSK.uasset" 3316
"E:/Unreal Projects/MyPokemonDemo/Content/SimpleDamageText/UE/ThirdPerson/Characters/Mannequins/Textures/Quinn/T_Quinn_01_ASAOMASK_MSK.uasset" 3317
"E:/Unreal Projects/MyPokemonDemo/Content/SimpleDamageText/UE/ThirdPerson/Characters/Mannequins/Textures/Quinn/T_Quinn_01ID_Tan.uasset" 3318
"E:/Unreal Projects/MyPokemonDemo/Content/SimpleDamageText/UE/ThirdPerson/Characters/Mannequins/Textures/Quinn/T_Quinn_01ID_N.uasset" 3319
"E:/Unreal Projects/MyPokemonDemo/Content/SimpleDamageText/UE/ThirdPerson/Characters/Mannequins/Textures/Quinn/T_Quinn_01ID_MSR_MSK.uasset" 3320
"E:/Unreal Projects/MyPokemonDemo/Content/SimpleDamageText/UE/ThirdPerson/Characters/Mannequins/Textures/Quinn/T_Quinn_01ID_D.uasset" 3321
"E:/Unreal Projects/MyPokemonDemo/Content/SimpleDamageText/UE/ThirdPerson/Characters/Mannequins/Textures/Quinn/T_Quinn_01ID_BN.uasset" 3322
"E:/Unreal Projects/MyPokemonDemo/Content/SimpleDamageText/UE/ThirdPerson/Characters/Mannequins/Textures/Manny/T_Manny_02_N.uasset" 3323
"E:/Unreal Projects/MyPokemonDemo/Content/SimpleDamageText/UE/ThirdPerson/Characters/Mannequins/Textures/Manny/T_Manny_02_Tan.uasset" 3324
"E:/Unreal Projects/MyPokemonDemo/Content/SimpleDamageText/UE/ThirdPerson/Characters/Mannequins/Textures/Manny/T_Manny_02_MSR_MSK.uasset" 3325
"E:/Unreal Projects/MyPokemonDemo/Content/SimpleDamageText/UE/ThirdPerson/Characters/Mannequins/Textures/Manny/T_Manny_02_CCRCCPlastic_MSK.uasset" 3326
"E:/Unreal Projects/MyPokemonDemo/Content/SimpleDamageText/UE/ThirdPerson/Characters/Mannequins/Textures/Manny/T_Manny_02_D.uasset" 3327
"E:/Unreal Projects/MyPokemonDemo/Content/SimpleDamageText/UE/ThirdPerson/Characters/Mannequins/Textures/Manny/T_Manny_02_BN.uasset" 3328
"E:/Unreal Projects/MyPokemonDemo/Content/SimpleDamageText/UE/ThirdPerson/Characters/Mannequins/Textures/Manny/T_Manny_02_ASAOPMASK_MSK.uasset" 3329
"E:/Unreal Projects/MyPokemonDemo/Content/SimpleDamageText/UE/ThirdPerson/Characters/Mannequins/Textures/Manny/T_Manny_01_Tan.uasset" 3330
"E:/Unreal Projects/MyPokemonDemo/Content/SimpleDamageText/UE/ThirdPerson/Characters/Mannequins/Textures/Manny/T_Manny_01_N.uasset" 3331
"E:/Unreal Projects/MyPokemonDemo/Content/SimpleDamageText/UE/ThirdPerson/Characters/Mannequins/Textures/Manny/T_Manny_01_MSR_MSK.uasset" 3332
"E:/Unreal Projects/MyPokemonDemo/Content/SimpleDamageText/UE/ThirdPerson/Characters/Mannequins/Textures/Manny/T_Manny_01_D.uasset" 3333
"E:/Unreal Projects/MyPokemonDemo/Content/SimpleDamageText/UE/ThirdPerson/Characters/Mannequins/Textures/Manny/T_Manny_01_CCRCCPlastic_MSK.uasset" 3334
"E:/Unreal Projects/MyPokemonDemo/Content/SimpleDamageText/UE/ThirdPerson/Characters/Mannequins/Textures/Manny/T_Manny_01_BN.uasset" 3335
"E:/Unreal Projects/MyPokemonDemo/Content/SimpleDamageText/UE/ThirdPerson/Characters/Mannequins/Textures/Manny/T_Manny_01_ASAOPMASK_MSK.uasset" 3336
"E:/Unreal Projects/MyPokemonDemo/Content/SimpleDamageText/UE/ThirdPerson/Characters/Mannequins/Rigs/PA_Mannequin.uasset" 3337
"E:/Unreal Projects/MyPokemonDemo/Content/SimpleDamageText/UE/ThirdPerson/Characters/Mannequins/Rigs/IK_Mannequin.uasset" 3338
"E:/Unreal Projects/MyPokemonDemo/Content/SimpleDamageText/UE/ThirdPerson/Characters/Mannequins/Meshes/SK_Mannequin.uasset" 3339
"E:/Unreal Projects/MyPokemonDemo/Content/SimpleDamageText/UE/ThirdPerson/Characters/Mannequins/Meshes/Mannequin_LODSettings.uasset" 3340
"E:/Unreal Projects/MyPokemonDemo/Content/SimpleDamageText/UE/ThirdPerson/Characters/Mannequins/Materials/Functions/ML_BaseColorFallOff.uasset" 3341
"E:/Unreal Projects/MyPokemonDemo/Content/SimpleDamageText/UE/ThirdPerson/Characters/Mannequins/Materials/Functions/ChromaticCurve.uasset" 3342
"E:/Unreal Projects/MyPokemonDemo/Content/SimpleDamageText/UE/FirstPerson/LevelPrototyping/Textures/T_GridChecker_A.uasset" 3343
"E:/Unreal Projects/MyPokemonDemo/Content/SimpleDamageText/UE/FirstPerson/LevelPrototyping/Materials/M_Solid.uasset" 3344
"E:/Unreal Projects/MyPokemonDemo/Content/SimpleDamageText/UE/FirstPerson/Input/Actions/IA_Shoot.uasset" 3345
"E:/Unreal Projects/MyPokemonDemo/Content/SimpleDamageText/UE/FirstPerson/Input/Actions/IA_Move.uasset" 3346
"E:/Unreal Projects/MyPokemonDemo/Content/SimpleDamageText/UE/FirstPerson/Input/Actions/IA_Look.uasset" 3347
"E:/Unreal Projects/MyPokemonDemo/Content/SimpleDamageText/UE/FirstPerson/Input/Actions/IA_Jump.uasset" 3348
"E:/Unreal Projects/MyPokemonDemo/Content/SimpleDamageText/UE/FirstPerson/FPWeapon/Textures/T_FPGun_N.uasset" 3349
"E:/Unreal Projects/MyPokemonDemo/Content/SimpleDamageText/UE/FirstPerson/FPWeapon/Textures/T_FPGun_M.uasset" 3350
"E:/Unreal Projects/MyPokemonDemo/Content/SimpleDamageText/UE/FirstPerson/FPWeapon/Mesh/SK_FPGun_Skeleton.uasset" 3351
"E:/Unreal Projects/MyPokemonDemo/Content/SimpleDamageText/UE/FirstPerson/FPWeapon/Mesh/SK_FPGun_PhysicsAsset.uasset" 3352
"E:/Unreal Projects/MyPokemonDemo/Content/SimpleDamageText/UE/FirstPerson/FPWeapon/Mesh/SK_FPGun_Physics.uasset" 3353
"E:/Unreal Projects/MyPokemonDemo/Content/SimpleDamageText/UE/FirstPerson/FPWeapon/Materials/MaterialLayers/T_ML_Rubber_Blue_01_N.uasset" 3354
"E:/Unreal Projects/MyPokemonDemo/Content/SimpleDamageText/UE/FirstPerson/FPWeapon/Materials/MaterialLayers/T_ML_Rubber_Blue_01_D.uasset" 3355
"E:/Unreal Projects/MyPokemonDemo/Content/SimpleDamageText/UE/FirstPerson/FPWeapon/Materials/MaterialLayers/T_ML_FineRubber.uasset" 3356
"E:/Unreal Projects/MyPokemonDemo/Content/SimpleDamageText/UE/FirstPerson/FPWeapon/Materials/MaterialLayers/T_ML_Aluminum01_N.uasset" 3357
"E:/Unreal Projects/MyPokemonDemo/Content/SimpleDamageText/UE/FirstPerson/FPWeapon/Materials/MaterialLayers/T_ML_Aluminum01.uasset" 3358
"E:/Unreal Projects/MyPokemonDemo/Content/SimpleDamageText/UE/FirstPerson/FPWeapon/Materials/MaterialLayers/ML_Screen.uasset" 3359
"E:/Unreal Projects/MyPokemonDemo/Content/SimpleDamageText/UE/FirstPerson/FPWeapon/Materials/MaterialLayers/ML_Plastic_Shiny_Beige.uasset" 3360
"E:/Unreal Projects/MyPokemonDemo/Content/SimpleDamageText/UE/FirstPerson/FPWeapon/Materials/BaseMaterial.uasset" 3361
"E:/Unreal Projects/MyPokemonDemo/Content/SimpleDamageText/UE/FirstPerson/FPWeapon/Audio/FirstPersonTemplateWeaponFire02.uasset" 3362
"E:/Unreal Projects/MyPokemonDemo/Content/SimpleDamageText/UE/FirstPerson/FirstPersonArms/Character/Textures/Shared/T_UE_Logo_M.uasset" 3363
"E:/Unreal Projects/MyPokemonDemo/Content/SimpleDamageText/UE/FirstPerson/FirstPersonArms/Character/Textures/Manny/T_Manny_02_Tan.uasset" 3364
"E:/Unreal Projects/MyPokemonDemo/Content/SimpleDamageText/UE/FirstPerson/FirstPersonArms/Character/Textures/Manny/T_Manny_02_N.uasset" 3365
"E:/Unreal Projects/MyPokemonDemo/Content/SimpleDamageText/UE/FirstPerson/FirstPersonArms/Character/Textures/Manny/T_Manny_02_MSR_MSK.uasset" 3366
"E:/Unreal Projects/MyPokemonDemo/Content/SimpleDamageText/UE/FirstPerson/FirstPersonArms/Character/Textures/Manny/T_Manny_02_D.uasset" 3367
"E:/Unreal Projects/MyPokemonDemo/Content/SimpleDamageText/UE/FirstPerson/FirstPersonArms/Character/Textures/Manny/T_Manny_02_CCRCCPlastic_MSK.uasset" 3368
"E:/Unreal Projects/MyPokemonDemo/Content/SimpleDamageText/UE/FirstPerson/FirstPersonArms/Character/Textures/Manny/T_Manny_02_BN.uasset" 3369
"E:/Unreal Projects/MyPokemonDemo/Content/SimpleDamageText/UE/FirstPerson/FirstPersonArms/Character/Textures/Manny/T_Manny_02_ASAOPMASK_MSK.uasset" 3370
"E:/Unreal Projects/MyPokemonDemo/Content/SimpleDamageText/UE/FirstPerson/FirstPersonArms/Character/Textures/Manny/T_Manny_01_Tan.uasset" 3371
"E:/Unreal Projects/MyPokemonDemo/Content/SimpleDamageText/UE/FirstPerson/FirstPersonArms/Character/Textures/Manny/T_Manny_01_N.uasset" 3372
"E:/Unreal Projects/MyPokemonDemo/Content/SimpleDamageText/UE/FirstPerson/FirstPersonArms/Character/Textures/Manny/T_Manny_01_MSR_MSK.uasset" 3373
"E:/Unreal Projects/MyPokemonDemo/Content/SimpleDamageText/UE/FirstPerson/FirstPersonArms/Character/Textures/Manny/T_Manny_01_D.uasset" 3374
"E:/Unreal Projects/MyPokemonDemo/Content/SimpleDamageText/UE/FirstPerson/FirstPersonArms/Character/Textures/Manny/T_Manny_01_CCRCCPlastic_MSK.uasset" 3375
"E:/Unreal Projects/MyPokemonDemo/Content/SimpleDamageText/UE/FirstPerson/FirstPersonArms/Character/Textures/Manny/T_Manny_01_BN.uasset" 3376
"E:/Unreal Projects/MyPokemonDemo/Content/SimpleDamageText/UE/FirstPerson/FirstPersonArms/Character/Textures/Manny/T_Manny_01_ASAOPMASK_MSK.uasset" 3377
"E:/Unreal Projects/MyPokemonDemo/Content/SimpleDamageText/UE/FirstPerson/FirstPersonArms/Character/Mesh/SK_Mannequin_Arms_Skeleton.uasset" 3378
"E:/Unreal Projects/MyPokemonDemo/Content/SimpleDamageText/UE/FirstPerson/FirstPersonArms/Character/Mesh/SK_Mannequin_Arms_PhysicsAsset.uasset" 3379
"E:/Unreal Projects/MyPokemonDemo/Content/SimpleDamageText/UE/FirstPerson/FirstPersonArms/Character/Materials/Functions/ML_BaseColorFallOff.uasset" 3380
"E:/Unreal Projects/MyPokemonDemo/Content/SimpleDamageText/UE/FirstPerson/FirstPersonArms/Character/Materials/Functions/ChromaticCurve.uasset" 3381
"E:/Unreal Projects/MyPokemonDemo/Content/SimpleDamageText/Demo/Demo_BuiltData.uasset" 3382
"E:/Unreal Projects/MyPokemonDemo/Content/SimpleDamageText/Blueprints/UI/UI_DamageText.uasset" 3383
"E:/Unreal Projects/MyPokemonDemo/Content/scene/Demo_Map_HLOD0_Instancing.uasset" 3384
"E:/Unreal Projects/MyPokemonDemo/Content/MonsterForSurvivalGame/Texture/RAM_TEX.uasset" 3385
"E:/Unreal Projects/MyPokemonDemo/Content/MonsterForSurvivalGame/Texture/Emissive_TEX.uasset" 3386
"E:/Unreal Projects/MyPokemonDemo/Content/MonsterForSurvivalGame/Texture/BasecolorDefault_TEX.uasset" 3387
"E:/Unreal Projects/MyPokemonDemo/Content/MonsterForSurvivalGame/Mesh/Polyart/TurtleShell_Skeleton.uasset" 3388
"E:/Unreal Projects/MyPokemonDemo/Content/MonsterForSurvivalGame/Mesh/Polyart/TurtleShell_PhysicsAsset.uasset" 3389
"E:/Unreal Projects/MyPokemonDemo/Content/MonsterForSurvivalGame/Mesh/Polyart/Swarm09_SK_Skeleton.uasset" 3390
"E:/Unreal Projects/MyPokemonDemo/Content/MonsterForSurvivalGame/Mesh/Polyart/Swarm09_SK_PhysicsAsset.uasset" 3391
"E:/Unreal Projects/MyPokemonDemo/Content/MonsterForSurvivalGame/Mesh/Polyart/Swarm08_SK_Skeleton.uasset" 3392
"E:/Unreal Projects/MyPokemonDemo/Content/MonsterForSurvivalGame/Mesh/Polyart/Swarm08_SK_PhysicsAsset.uasset" 3393
"E:/Unreal Projects/MyPokemonDemo/Content/MonsterForSurvivalGame/Mesh/Polyart/Slime_Skeleton.uasset" 3394
"E:/Unreal Projects/MyPokemonDemo/Content/MonsterForSurvivalGame/Mesh/Polyart/Slime_PhysicsAsset.uasset" 3395
"E:/Unreal Projects/MyPokemonDemo/Content/MonsterForSurvivalGame/Mesh/Polyart/Mushroom_Skeleton.uasset" 3396
"E:/Unreal Projects/MyPokemonDemo/Content/MonsterForSurvivalGame/Mesh/Polyart/Mushroom_PhysicsAsset.uasset" 3397
"E:/Unreal Projects/MyPokemonDemo/Content/MonsterForSurvivalGame/Mesh/Polyart/ChestMonster_Skeleton.uasset" 3398
"E:/Unreal Projects/MyPokemonDemo/Content/MonsterForSurvivalGame/Mesh/Polyart/ChestMonster_PhysicsAsset.uasset" 3399
"E:/Unreal Projects/MyPokemonDemo/Content/MonsterForSurvivalGame/Mesh/Polyart/Cactus_Skeleton.uasset" 3400
"E:/Unreal Projects/MyPokemonDemo/Content/MonsterForSurvivalGame/Mesh/Polyart/Cactus_PhysicsAsset.uasset" 3401
"E:/Unreal Projects/MyPokemonDemo/Content/MonsterForSurvivalGame/Mesh/Polyart/Beholder_Skeleton.uasset" 3402
"E:/Unreal Projects/MyPokemonDemo/Content/MonsterForSurvivalGame/Mesh/Polyart/Beholder_PhysicsAsset.uasset" 3403
"E:/Unreal Projects/MyPokemonDemo/Content/MonsterForSurvivalGame/Mesh/PBR/TurtleShell_Skeleton.uasset" 3404
"E:/Unreal Projects/MyPokemonDemo/Content/MonsterForSurvivalGame/Mesh/PBR/TurtleShell_PhysicsAsset.uasset" 3405
"E:/Unreal Projects/MyPokemonDemo/Content/MonsterForSurvivalGame/Mesh/PBR/Swarm09_SK_Skeleton.uasset" 3406
"E:/Unreal Projects/MyPokemonDemo/Content/MonsterForSurvivalGame/Mesh/PBR/Swarm09_SK_PhysicsAsset.uasset" 3407
"E:/Unreal Projects/MyPokemonDemo/Content/MonsterForSurvivalGame/Mesh/PBR/Swarm08_SK_Skeleton.uasset" 3408
"E:/Unreal Projects/MyPokemonDemo/Content/MonsterForSurvivalGame/Mesh/PBR/Swarm08_SK_PhysicsAsset.uasset" 3409
"E:/Unreal Projects/MyPokemonDemo/Content/MonsterForSurvivalGame/Mesh/PBR/Slime_Skeleton.uasset" 3410
"E:/Unreal Projects/MyPokemonDemo/Content/MonsterForSurvivalGame/Mesh/PBR/Slime_PhysicsAsset.uasset" 3411
"E:/Unreal Projects/MyPokemonDemo/Content/MonsterForSurvivalGame/Mesh/PBR/Mushroom_Skeleton.uasset" 3412
"E:/Unreal Projects/MyPokemonDemo/Content/MonsterForSurvivalGame/Mesh/PBR/Mushroom_PhysicsAsset.uasset" 3413
"E:/Unreal Projects/MyPokemonDemo/Content/MonsterForSurvivalGame/Mesh/PBR/ChestMonster_Skeleton.uasset" 3414
"E:/Unreal Projects/MyPokemonDemo/Content/MonsterForSurvivalGame/Mesh/PBR/ChestMonster_PhysicsAsset.uasset" 3415
"E:/Unreal Projects/MyPokemonDemo/Content/MonsterForSurvivalGame/Mesh/PBR/Cactus_Skeleton.uasset" 3416
"E:/Unreal Projects/MyPokemonDemo/Content/MonsterForSurvivalGame/Mesh/PBR/Cactus_PhysicsAsset.uasset" 3417
"E:/Unreal Projects/MyPokemonDemo/Content/MonsterForSurvivalGame/Mesh/PBR/Beholder_Skeleton.uasset" 3418
"E:/Unreal Projects/MyPokemonDemo/Content/MonsterForSurvivalGame/Mesh/PBR/Beholder_PhysicsAsset.uasset" 3419
"E:/Unreal Projects/MyPokemonDemo/Content/MonsterForSurvivalGame/Map/TurtleShellAnimShowcase_MP_BuiltData.uasset" 3420
"E:/Unreal Projects/MyPokemonDemo/Content/MonsterForSurvivalGame/Map/Swarm09AnimShowcase_MP_BuiltData.uasset" 3421
"E:/Unreal Projects/MyPokemonDemo/Content/MonsterForSurvivalGame/Map/Swarm08AnimShowcase_MP_BuiltData.uasset" 3422
"E:/Unreal Projects/MyPokemonDemo/Content/MonsterForSurvivalGame/Map/SlimeAnimShowcase_MP_BuiltData.uasset" 3423
"E:/Unreal Projects/MyPokemonDemo/Content/MonsterForSurvivalGame/Map/MushroomAnimShowcase_MP_BuiltData.uasset" 3424
"E:/Unreal Projects/MyPokemonDemo/Content/MonsterForSurvivalGame/Map/DefaultPolyart_MP_BuiltData.uasset" 3425
"E:/Unreal Projects/MyPokemonDemo/Content/MonsterForSurvivalGame/Map/DefaultPBR_MP_BuiltData.uasset" 3426
"E:/Unreal Projects/MyPokemonDemo/Content/MonsterForSurvivalGame/Map/ChestMonsterAnimShowcase_MP_BuiltData.uasset" 3427
"E:/Unreal Projects/MyPokemonDemo/Content/MonsterForSurvivalGame/Map/CactusAnimShowcase_MP_BuiltData.uasset" 3428
"E:/Unreal Projects/MyPokemonDemo/Content/MonsterForSurvivalGame/Map/BeholderAnimShowcase_MP_BuiltData.uasset" 3429
"E:/Unreal Projects/MyPokemonDemo/Content/MonsterForSurvivalGame/Demo/Stage02_MAT.uasset" 3430
"E:/Unreal Projects/MyPokemonDemo/Content/MonsterForSurvivalGame/Demo/Stage01_MAT.uasset" 3431
"E:/Unreal Projects/MyPokemonDemo/Content/LPCharacters_FREE/Textures/T_Color.uasset" 3432
"E:/Unreal Projects/MyPokemonDemo/Content/LPCharacters_FREE/Maps/Overview_BuiltData.uasset" 3433
"E:/Unreal Projects/MyPokemonDemo/Content/LPCharacters_FREE/Characters/Physical_Assets/PA_Character_5_PhysicsAsset.uasset" 3434
"E:/Unreal Projects/MyPokemonDemo/Content/LPCharacters_FREE/Characters/Physical_Assets/PA_Character_4_PhysicsAsset.uasset" 3435
"E:/Unreal Projects/MyPokemonDemo/Content/LPCharacters_FREE/Characters/Physical_Assets/PA_Character_3_PhysicsAsset.uasset" 3436
"E:/Unreal Projects/MyPokemonDemo/Content/LPCharacters_FREE/Characters/Physical_Assets/PA_Character_2_PhysicsAsset.uasset" 3437
"E:/Unreal Projects/MyPokemonDemo/Content/LPCharacters_FREE/Characters/Physical_Assets/PA_Character_1_PhysicsAsset.uasset" 3438
"E:/Unreal Projects/MyPokemonDemo/Content/LPCharacters_FREE/Characters/Meshes/SK_Character_5_Skeleton.uasset" 3439
"E:/Unreal Projects/MyPokemonDemo/Content/LPCharacters_FREE/Characters/Meshes/SK_Character_4_Skeleton.uasset" 3440
"E:/Unreal Projects/MyPokemonDemo/Content/LPCharacters_FREE/Characters/Meshes/SK_Character_3_Skeleton.uasset" 3441
"E:/Unreal Projects/MyPokemonDemo/Content/LPCharacters_FREE/Characters/Meshes/SK_Character_2_Skeleton.uasset" 3442
"E:/Unreal Projects/MyPokemonDemo/Content/LPCharacters_FREE/Characters/Meshes/SK_Character_1_Skeleton.uasset" 3443
"E:/Unreal Projects/MyPokemonDemo/Content/LevelPrototyping/Textures/T_GridChecker_A.uasset" 3444
"E:/Unreal Projects/MyPokemonDemo/Content/LevelPrototyping/Materials/M_Solid.uasset" 3445
"E:/Unreal Projects/MyPokemonDemo/Content/Enums/E_Movetype.uasset" 3446
"E:/Unreal Projects/MyPokemonDemo/Content/Enums/E_MoveCategory.uasset" 3447
"E:/Unreal Projects/MyPokemonDemo/Content/Characters/Mannequin_UE4/Textures/T_UELogo_N_TGA.uasset" 3448
"E:/Unreal Projects/MyPokemonDemo/Content/Characters/Mannequin_UE4/Textures/T_UELogo_Mask.uasset" 3449
"E:/Unreal Projects/MyPokemonDemo/Content/Characters/Mannequin_UE4/Textures/T_UE4_Mannequin__normals.uasset" 3450
"E:/Unreal Projects/MyPokemonDemo/Content/Characters/Mannequin_UE4/Textures/T_UE4_Mannequin_MAT_MASKA.uasset" 3451
"E:/Unreal Projects/MyPokemonDemo/Content/Characters/Mannequin_UE4/Textures/T_ML_Rubber_Blue_01_N.uasset" 3452
"E:/Unreal Projects/MyPokemonDemo/Content/Characters/Mannequin_UE4/Textures/T_ML_Rubber_Blue_01_D.uasset" 3453
"E:/Unreal Projects/MyPokemonDemo/Content/Characters/Mannequin_UE4/Textures/T_ML_Aluminum01_N.uasset" 3454
"E:/Unreal Projects/MyPokemonDemo/Content/Characters/Mannequin_UE4/Textures/T_ML_Aluminum01.uasset" 3455
"E:/Unreal Projects/MyPokemonDemo/Content/Characters/Mannequin_UE4/Rigs/RTG_UE5Manny_UE4Manny.uasset" 3456
"E:/Unreal Projects/MyPokemonDemo/Content/Characters/Mannequin_UE4/Rigs/RTG_UE4Manny_UE5Manny.uasset" 3457
"E:/Unreal Projects/MyPokemonDemo/Content/Characters/Mannequin_UE4/Rigs/IK_UE4_Mannequin.uasset" 3458
"E:/Unreal Projects/MyPokemonDemo/Content/Characters/Mannequin_UE4/Meshes/SK_Mannequin_Skeleton.uasset" 3459
"E:/Unreal Projects/MyPokemonDemo/Content/Characters/Mannequin_UE4/Meshes/SK_Mannequin_PhysicsAsset.uasset" 3460
"E:/Unreal Projects/MyPokemonDemo/Content/Characters/Mannequin_UE4/Materials/Layers/ML_ShinyPlastic_Beige.uasset" 3461
"E:/Unreal Projects/MyPokemonDemo/Content/Characters/Mannequins/Textures/Shared/T_UE_Logo_M.uasset" 3462
"E:/Unreal Projects/MyPokemonDemo/Content/Characters/Mannequins/Textures/Quinn/T_Quinn_02_CCRCCPlastic_MSK.uasset" 3463
"E:/Unreal Projects/MyPokemonDemo/Content/Characters/Mannequins/Textures/Quinn/T_Quinn_02_ASAOMASK_MSK.uasset" 3464
"E:/Unreal Projects/MyPokemonDemo/Content/Characters/Mannequins/Textures/Quinn/T_Quinn_02ID_Tan.uasset" 3465
"E:/Unreal Projects/MyPokemonDemo/Content/Characters/Mannequins/Textures/Quinn/T_Quinn_02ID_N.uasset" 3466
"E:/Unreal Projects/MyPokemonDemo/Content/Characters/Mannequins/Textures/Quinn/T_Quinn_02ID_MSR_MSK.uasset" 3467
"E:/Unreal Projects/MyPokemonDemo/Content/Characters/Mannequins/Textures/Quinn/T_Quinn_02ID_D.uasset" 3468
"E:/Unreal Projects/MyPokemonDemo/Content/Characters/Mannequins/Textures/Quinn/T_Quinn_02ID_BN.uasset" 3469
"E:/Unreal Projects/MyPokemonDemo/Content/Characters/Mannequins/Textures/Quinn/T_Quinn_01_CCRCCPlastic_MSK.uasset" 3470
"E:/Unreal Projects/MyPokemonDemo/Content/Characters/Mannequins/Textures/Quinn/T_Quinn_01_ASAOMASK_MSK.uasset" 3471
"E:/Unreal Projects/MyPokemonDemo/Content/Characters/Mannequins/Textures/Quinn/T_Quinn_01ID_Tan.uasset" 3472
"E:/Unreal Projects/MyPokemonDemo/Content/Characters/Mannequins/Textures/Quinn/T_Quinn_01ID_N.uasset" 3473
"E:/Unreal Projects/MyPokemonDemo/Content/Characters/Mannequins/Textures/Quinn/T_Quinn_01ID_MSR_MSK.uasset" 3474
"E:/Unreal Projects/MyPokemonDemo/Content/Characters/Mannequins/Textures/Quinn/T_Quinn_01ID_D.uasset" 3475
"E:/Unreal Projects/MyPokemonDemo/Content/Characters/Mannequins/Textures/Quinn/T_Quinn_01ID_BN.uasset" 3476
"E:/Unreal Projects/MyPokemonDemo/Content/Characters/Mannequins/Textures/Manny/T_Manny_02_Tan.uasset" 3477
"E:/Unreal Projects/MyPokemonDemo/Content/Characters/Mannequins/Textures/Manny/T_Manny_02_N.uasset" 3478
"E:/Unreal Projects/MyPokemonDemo/Content/Characters/Mannequins/Textures/Manny/T_Manny_02_MSR_MSK.uasset" 3479
"E:/Unreal Projects/MyPokemonDemo/Content/Characters/Mannequins/Textures/Manny/T_Manny_02_D.uasset" 3480
"E:/Unreal Projects/MyPokemonDemo/Content/Characters/Mannequins/Textures/Manny/T_Manny_02_CCRCCPlastic_MSK.uasset" 3481
"E:/Unreal Projects/MyPokemonDemo/Content/Characters/Mannequins/Textures/Manny/T_Manny_02_BN.uasset" 3482
"E:/Unreal Projects/MyPokemonDemo/Content/Characters/Mannequins/Textures/Manny/T_Manny_02_ASAOPMASK_MSK.uasset" 3483
"E:/Unreal Projects/MyPokemonDemo/Content/Characters/Mannequins/Textures/Manny/T_Manny_01_Tan.uasset" 3484
"E:/Unreal Projects/MyPokemonDemo/Content/Characters/Mannequins/Textures/Manny/T_Manny_01_N.uasset" 3485
"E:/Unreal Projects/MyPokemonDemo/Content/Characters/Mannequins/Textures/Manny/T_Manny_01_MSR_MSK.uasset" 3486
"E:/Unreal Projects/MyPokemonDemo/Content/Characters/Mannequins/Textures/Manny/T_Manny_01_D.uasset" 3487
"E:/Unreal Projects/MyPokemonDemo/Content/Characters/Mannequins/Textures/Manny/T_Manny_01_CCRCCPlastic_MSK.uasset" 3488
"E:/Unreal Projects/MyPokemonDemo/Content/Characters/Mannequins/Textures/Manny/T_Manny_01_BN.uasset" 3489
"E:/Unreal Projects/MyPokemonDemo/Content/Characters/Mannequins/Textures/Manny/T_Manny_01_ASAOPMASK_MSK.uasset" 3490
"E:/Unreal Projects/MyPokemonDemo/Content/Characters/Mannequins/Rigs/RTG_Mannequin.uasset" 3491
"E:/Unreal Projects/MyPokemonDemo/Content/Characters/Mannequins/Rigs/PA_Mannequin.uasset" 3492
"E:/Unreal Projects/MyPokemonDemo/Content/Characters/Mannequins/Rigs/IK_Mannequin.uasset" 3493
"E:/Unreal Projects/MyPokemonDemo/Content/Characters/Mannequins/Meshes/SK_Mannequin.uasset" 3494
"E:/Unreal Projects/MyPokemonDemo/Content/Characters/Mannequins/Meshes/Mannequin_LODSettings.uasset" 3495
"E:/Unreal Projects/MyPokemonDemo/Content/Characters/Mannequins/Materials/Functions/ML_BaseColorFallOff.uasset" 3496
"E:/Unreal Projects/MyPokemonDemo/Content/Characters/Mannequins/Materials/Functions/ChromaticCurve.uasset" 3497
"E:/Unreal Projects/MyPokemonDemo/Content/Blueprint/UI/BP_HitCameraShake.uasset" 3498
"E:/Unreal Projects/MyPokemonDemo/Content/Blueprint/Input/IA_ThrowBall.uasset" 3499
"E:/Unreal Projects/MyPokemonDemo/Content/Blueprint/Input/IA_Interact.uasset" 3500
"E:/Unreal Projects/MyPokemonDemo/Content/Blueprint/Gamemode/E_BattlePhase.uasset" 3501
"E:/Unreal Projects/MyPokemonDemo/Content/ArenaAsset/circle_of_death_texture_9.uasset" 3502
"E:/Unreal Projects/MyPokemonDemo/Content/ArenaAsset/circle_of_death_texture_8.uasset" 3503
"E:/Unreal Projects/MyPokemonDemo/Content/ArenaAsset/circle_of_death_texture_7.uasset" 3504
"E:/Unreal Projects/MyPokemonDemo/Content/ArenaAsset/circle_of_death_texture_6.uasset" 3505
"E:/Unreal Projects/MyPokemonDemo/Content/ArenaAsset/circle_of_death_texture_5.uasset" 3506
"E:/Unreal Projects/MyPokemonDemo/Content/ArenaAsset/circle_of_death_texture_4.uasset" 3507
"E:/Unreal Projects/MyPokemonDemo/Content/ArenaAsset/circle_of_death_texture_3.uasset" 3508
"E:/Unreal Projects/MyPokemonDemo/Content/ArenaAsset/circle_of_death_texture_25.uasset" 3509
"E:/Unreal Projects/MyPokemonDemo/Content/ArenaAsset/circle_of_death_texture_24.uasset" 3510
"E:/Unreal Projects/MyPokemonDemo/Content/ArenaAsset/circle_of_death_texture_23.uasset" 3511
"E:/Unreal Projects/MyPokemonDemo/Content/ArenaAsset/circle_of_death_texture_22.uasset" 3512
"E:/Unreal Projects/MyPokemonDemo/Content/ArenaAsset/circle_of_death_texture_21.uasset" 3513
"E:/Unreal Projects/MyPokemonDemo/Content/ArenaAsset/circle_of_death_texture_20.uasset" 3514
"E:/Unreal Projects/MyPokemonDemo/Content/ArenaAsset/circle_of_death_texture_2.uasset" 3515
"E:/Unreal Projects/MyPokemonDemo/Content/ArenaAsset/circle_of_death_texture_19.uasset" 3516
"E:/Unreal Projects/MyPokemonDemo/Content/ArenaAsset/circle_of_death_texture_18.uasset" 3517
"E:/Unreal Projects/MyPokemonDemo/Content/ArenaAsset/circle_of_death_texture_17.uasset" 3518
"E:/Unreal Projects/MyPokemonDemo/Content/ArenaAsset/circle_of_death_texture_16.uasset" 3519
"E:/Unreal Projects/MyPokemonDemo/Content/ArenaAsset/circle_of_death_texture_15.uasset" 3520
"E:/Unreal Projects/MyPokemonDemo/Content/ArenaAsset/circle_of_death_texture_14.uasset" 3521
"E:/Unreal Projects/MyPokemonDemo/Content/ArenaAsset/circle_of_death_texture_13.uasset" 3522
"E:/Unreal Projects/MyPokemonDemo/Content/ArenaAsset/circle_of_death_texture_12.uasset" 3523
"E:/Unreal Projects/MyPokemonDemo/Content/ArenaAsset/circle_of_death_texture_11.uasset" 3524
"E:/Unreal Projects/MyPokemonDemo/Content/ArenaAsset/circle_of_death_texture_10.uasset" 3525
"E:/Unreal Projects/MyPokemonDemo/Content/ArenaAsset/circle_of_death_texture_1.uasset" 3526
"E:/Unreal Projects/MyPokemonDemo/Content/ArenaAsset/circle_of_death_texture_0.uasset" 3527
"../../../Engine/Plugins/Interchange/Runtime/Content/Functions/MF_OrenNayerView.uasset" 3528
"../../../Engine/Plugins/Interchange/Runtime/Content/Functions/MF_SchlickApprox.uasset" 3529
"../../../Engine/Content/EngineMaterials/DefaultCalibrationGrayscale.uasset" 3530
"../../../Engine/Content/EngineMaterials/DefaultCalibrationColor.uasset" 3531
"../../../Engine/Content/MobileResources/HUD/VirtualJoystick_Background.uasset" 3532
"../../../Engine/Content/MobileResources/HUD/VirtualJoystick_Thumb.uasset" 3533
"../../../Engine/Content/EngineSounds/Submixes/MasterEQEffectPreset.uasset" 3534
"../../../Engine/Content/EngineSounds/Submixes/MasterReverbEffectPreset.uasset" 3535
"../../../Engine/Content/EditorMaterials/PreviewShadowIndicator.uasset" 3536
"../../../Engine/Content/Maps/Entry_BuiltData.uasset" 3537
"../../../Engine/Content/EngineSky/M_SimpleSkyDome.uasset" 3538
"../../../Engine/Content/EngineSky/T_Sky_Stars.uasset" 3539
"../../../Engine/Content/EngineSky/T_Sky_Clouds_M.uasset" 3540
"../../../Engine/Content/EngineSky/T_Sky_Blue.uasset" 3541
"../../../Engine/Content/EditorBlueprintResources/StandardMacros.uasset" 3542
"../../../Engine/Content/Functions/Engine_MaterialFunctions02/Utility/BlendAngleCorrectedNormals.uasset" 3543
"../../../Engine/Content/Functions/Engine_MaterialFunctions01/Gradient/RadialGradient.uasset" 3544
"../../../Engine/Content/Functions/Engine_MaterialFunctions01/Opacity/AlphaOffset.uasset" 3545
"../../../Engine/Content/EditorMeshes/ColorCalibrator/T_ColorGrid.uasset" 3546
"../../../Engine/Content/MapTemplates/Sky/DaylightAmbientCubemap.uasset" 3547
"../../../Engine/Content/Functions/MaterialLayerFunctions/MatLayerBlend_Simple.uasset" 3548
"../../../Engine/Content/Animation/DefaultAnimCurveCompressionSettings.uasset" 3549
"../../../Engine/Content/Animation/DefaultAnimBoneCompressionSettings.uasset" 3550
"../../../Engine/Plugins/Animation/ControlRig/Content/Controls/DefaultGizmoLibrary.uasset" 3551
"../../../Engine/Content/Functions/Engine_MaterialFunctions01/Gradient/LinearGradient.uasset" 3552
"../../../Engine/Content/Functions/Engine_MaterialFunctions01/Volumetrics/BeersLaw.uasset" 3553
"../../../Engine/Content/Functions/Engine_MaterialFunctions03/Procedurals/ComputeFilterWidth.uasset" 3554
"../../../Engine/Content/EditorMeshes/ColorCalibrator/M_GreyBall.uasset" 3555
"../../../Engine/Content/EditorMeshes/ColorCalibrator/M_ClearCoat.uasset" 3556
"../../../Engine/Content/EditorMeshes/ColorCalibrator/M_ChromeBall.uasset" 3557
"../../../Engine/Content/EditorMeshes/ColorCalibrator/M_ClearCoatBlack.uasset" 3558
"../../../Engine/Content/EngineSky/C_Sky_Horizon_Color.uasset" 3559
"../../../Engine/Content/EngineSky/C_Sky_Cloud_Color.uasset" 3560
"../../../Engine/Content/EngineSky/C_Sky_Zenith_Color.uasset" 3561
"../../../Engine/Content/EditorMeshes/ColorCalibrator/Color_checker.uasset" 3562
"../../../Engine/Content/Functions/Engine_MaterialFunctions02/ScreenResolution.uasset" 3563
"E:/Unreal Projects/MyPokemonDemo/Content/SimpleDamageText/UE/ThirdPerson/Characters/Mannequins/Rigs/CR_Mannequin_Body.uasset" 3564
"E:/Unreal Projects/MyPokemonDemo/Content/Characters/Mannequins/Rigs/CR_Mannequin_Body.uasset" 3565
"../../../Engine/Content/Functions/Engine_MaterialFunctions01/Texturing/ScaleUVsByCenter.uasset" 3566
"../../../Engine/Content/ArtTools/RenderToTexture/MaterialFunctions/CheckerPattern.uasset" 3567
"E:/Unreal Projects/MyPokemonDemo/Content/StarterContent/Particles/Materials/M_Heat_Distortion.uasset" 3568
"E:/Unreal Projects/MyPokemonDemo/Content/StarterContent/Props/Materials/M_TableRound.uasset" 3569
"E:/Unreal Projects/MyPokemonDemo/Content/StarterContent/Props/Materials/M_StatueGlass.uasset" 3570
"E:/Unreal Projects/MyPokemonDemo/Content/StarterContent/Props/Materials/M_Statue.uasset" 3571
"E:/Unreal Projects/MyPokemonDemo/Content/StarterContent/Particles/Materials/M_Spark.uasset" 3572
"E:/Unreal Projects/MyPokemonDemo/Content/StarterContent/Particles/Materials/M_smoke_subUV.uasset" 3573
"E:/Unreal Projects/MyPokemonDemo/Content/StarterContent/Props/Materials/M_Shelf.uasset" 3574
"E:/Unreal Projects/MyPokemonDemo/Content/StarterContent/Materials/M_Wood_Floor_Walnut_Polished.uasset" 3575
"E:/Unreal Projects/MyPokemonDemo/Content/StarterContent/Materials/M_Water_Lake.uasset" 3576
"E:/Unreal Projects/MyPokemonDemo/Content/StarterContent/Materials/M_Rock_Marble_Polished.uasset" 3577
"E:/Unreal Projects/MyPokemonDemo/Content/StarterContent/Materials/M_Wood_Walnut.uasset" 3578
"E:/Unreal Projects/MyPokemonDemo/Content/StarterContent/Materials/M_Wood_Pine.uasset" 3579
"E:/Unreal Projects/MyPokemonDemo/Content/StarterContent/Materials/M_Wood_Oak.uasset" 3580
"E:/Unreal Projects/MyPokemonDemo/Content/StarterContent/Materials/M_Tech_Panel.uasset" 3581
"E:/Unreal Projects/MyPokemonDemo/Content/StarterContent/Materials/M_Tech_Hex_Tile_Pulse.uasset" 3582
"E:/Unreal Projects/MyPokemonDemo/Content/StarterContent/Materials/M_Rock_Slate.uasset" 3583
"E:/Unreal Projects/MyPokemonDemo/Content/StarterContent/Materials/M_Rock_Sandstone.uasset" 3584
"E:/Unreal Projects/MyPokemonDemo/Content/StarterContent/Materials/M_Rock_Basalt.uasset" 3585
"E:/Unreal Projects/MyPokemonDemo/Content/StarterContent/Materials/M_Metal_Steel.uasset" 3586
"E:/Unreal Projects/MyPokemonDemo/Content/StarterContent/Materials/M_Metal_Gold.uasset" 3587
"E:/Unreal Projects/MyPokemonDemo/Content/StarterContent/Materials/M_Metal_Copper.uasset" 3588
"E:/Unreal Projects/MyPokemonDemo/Content/StarterContent/Materials/M_Metal_Chrome.uasset" 3589
"E:/Unreal Projects/MyPokemonDemo/Content/StarterContent/Materials/M_Metal_Burnished_Steel.uasset" 3590
"E:/Unreal Projects/MyPokemonDemo/Content/StarterContent/Materials/M_Metal_Brushed_Nickel.uasset" 3591
"E:/Unreal Projects/MyPokemonDemo/Content/StarterContent/Props/Materials/M_Lamp.uasset" 3592
"E:/Unreal Projects/MyPokemonDemo/Content/StarterContent/Materials/M_Ground_Moss.uasset" 3593
"E:/Unreal Projects/MyPokemonDemo/Content/StarterContent/Materials/M_Ground_Gravel.uasset" 3594
"E:/Unreal Projects/MyPokemonDemo/Content/StarterContent/Materials/M_Ground_Grass.uasset" 3595
"E:/Unreal Projects/MyPokemonDemo/Content/StarterContent/Props/Materials/M_Frame.uasset" 3596
"E:/Unreal Projects/MyPokemonDemo/Content/StarterContent/Particles/Materials/M_Fire_SubUV.uasset" 3597
"E:/Unreal Projects/MyPokemonDemo/Content/StarterContent/Particles/Materials/M_explosion_subUV.uasset" 3598
"E:/Unreal Projects/MyPokemonDemo/Content/StarterContent/Particles/Materials/M_Dust_Particle.uasset" 3599
"E:/Unreal Projects/MyPokemonDemo/Content/StarterContent/Props/Materials/M_Door.uasset" 3600
"E:/Unreal Projects/MyPokemonDemo/Content/StarterContent/Materials/M_Concrete_Tiles.uasset" 3601
"E:/Unreal Projects/MyPokemonDemo/Content/StarterContent/Materials/M_Concrete_Poured.uasset" 3602
"E:/Unreal Projects/MyPokemonDemo/Content/StarterContent/Materials/M_Concrete_Panels.uasset" 3603
"E:/Unreal Projects/MyPokemonDemo/Content/StarterContent/Materials/M_Concrete_Grime.uasset" 3604
"E:/Unreal Projects/MyPokemonDemo/Content/StarterContent/Materials/M_CobbleStone_Smooth.uasset" 3605
"E:/Unreal Projects/MyPokemonDemo/Content/StarterContent/Materials/M_CobbleStone_Rough.uasset" 3606
"E:/Unreal Projects/MyPokemonDemo/Content/StarterContent/Materials/M_CobbleStone_Pebble.uasset" 3607
"E:/Unreal Projects/MyPokemonDemo/Content/StarterContent/Materials/M_Tech_Checker_Dot.uasset" 3608
"E:/Unreal Projects/MyPokemonDemo/Content/StarterContent/Props/Materials/M_Chair.uasset" 3609
"E:/Unreal Projects/MyPokemonDemo/Content/StarterContent/Materials/M_Ceramic_Tile_Checker.uasset" 3610
"E:/Unreal Projects/MyPokemonDemo/Content/StarterContent/Props/Materials/M_Bush.uasset" 3611
"E:/Unreal Projects/MyPokemonDemo/Content/StarterContent/Particles/Materials/M_Burst.uasset" 3612
"E:/Unreal Projects/MyPokemonDemo/Content/StarterContent/Materials/M_Brick_Hewn_Stone.uasset" 3613
"E:/Unreal Projects/MyPokemonDemo/Content/StarterContent/Materials/M_Brick_Cut_Stone.uasset" 3614
"E:/Unreal Projects/MyPokemonDemo/Content/StarterContent/Materials/M_Brick_Clay_Old.uasset" 3615
"E:/Unreal Projects/MyPokemonDemo/Content/StarterContent/Materials/M_Brick_Clay_New.uasset" 3616
"E:/Unreal Projects/MyPokemonDemo/Content/StarterContent/Materials/M_Brick_Clay_Beveled.uasset" 3617
"E:/Unreal Projects/MyPokemonDemo/Content/StarterContent/Props/SM_GlassWindow.uasset" 3618
"E:/Unreal Projects/MyPokemonDemo/Content/StarterContent/Shapes/Shape_WideCapsule.uasset" 3619
"E:/Unreal Projects/MyPokemonDemo/Content/StarterContent/Shapes/Shape_Wedge_B.uasset" 3620
"E:/Unreal Projects/MyPokemonDemo/Content/StarterContent/Shapes/Shape_Wedge_A.uasset" 3621
"E:/Unreal Projects/MyPokemonDemo/Content/StarterContent/Shapes/Shape_Tube.uasset" 3622
"E:/Unreal Projects/MyPokemonDemo/Content/StarterContent/Shapes/Shape_TriPyramid.uasset" 3623
"E:/Unreal Projects/MyPokemonDemo/Content/StarterContent/Shapes/Shape_Trim_90_Out.uasset" 3624
"E:/Unreal Projects/MyPokemonDemo/Content/StarterContent/Shapes/Shape_Trim_90_In.uasset" 3625
"E:/Unreal Projects/MyPokemonDemo/Content/StarterContent/Shapes/Shape_Trim.uasset" 3626
"E:/Unreal Projects/MyPokemonDemo/Content/StarterContent/Shapes/Shape_Torus.uasset" 3627
"E:/Unreal Projects/MyPokemonDemo/Content/StarterContent/Shapes/Shape_Sphere.uasset" 3628
"E:/Unreal Projects/MyPokemonDemo/Content/StarterContent/Shapes/Shape_QuadPyramid.uasset" 3629
"E:/Unreal Projects/MyPokemonDemo/Content/StarterContent/Shapes/Shape_Plane.uasset" 3630
"E:/Unreal Projects/MyPokemonDemo/Content/StarterContent/Shapes/Shape_Pipe_90.uasset" 3631
"E:/Unreal Projects/MyPokemonDemo/Content/StarterContent/Shapes/Shape_Pipe_180.uasset" 3632
"E:/Unreal Projects/MyPokemonDemo/Content/StarterContent/Shapes/Shape_Pipe.uasset" 3633
"E:/Unreal Projects/MyPokemonDemo/Content/StarterContent/Shapes/Shape_NarrowCapsule.uasset" 3634
"E:/Unreal Projects/MyPokemonDemo/Content/StarterContent/Shapes/Shape_Cylinder.uasset" 3635
"E:/Unreal Projects/MyPokemonDemo/Content/StarterContent/Shapes/Shape_Cube.uasset" 3636
"E:/Unreal Projects/MyPokemonDemo/Content/StarterContent/Shapes/Shape_Cone.uasset" 3637
"E:/Unreal Projects/MyPokemonDemo/Content/StarterContent/Architecture/Wall_Window_400x400.uasset" 3638
"E:/Unreal Projects/MyPokemonDemo/Content/StarterContent/Architecture/Wall_Window_400x300.uasset" 3639
"E:/Unreal Projects/MyPokemonDemo/Content/StarterContent/Architecture/Wall_Door_400x400.uasset" 3640
"E:/Unreal Projects/MyPokemonDemo/Content/StarterContent/Architecture/Wall_Door_400x300.uasset" 3641
"E:/Unreal Projects/MyPokemonDemo/Content/StarterContent/Architecture/Wall_500x500.uasset" 3642
"E:/Unreal Projects/MyPokemonDemo/Content/StarterContent/Architecture/Wall_400x400.uasset" 3643
"E:/Unreal Projects/MyPokemonDemo/Content/StarterContent/Architecture/Wall_400x300.uasset" 3644
"E:/Unreal Projects/MyPokemonDemo/Content/StarterContent/Architecture/Wall_400x200.uasset" 3645
"E:/Unreal Projects/MyPokemonDemo/Content/StarterContent/Architecture/Pillar_50x500.uasset" 3646
"E:/Unreal Projects/MyPokemonDemo/Content/StarterContent/Props/SM_Stairs.uasset" 3647
"E:/Unreal Projects/MyPokemonDemo/Content/StarterContent/Architecture/Floor_400x400.uasset" 3648
"E:/Unreal Projects/MyPokemonDemo/Content/StarterContent/Architecture/SM_AssetPlatform.uasset" 3649
"E:/Unreal Projects/MyPokemonDemo/Content/SimpleDamageText/UE/ThirdPerson/Characters/Mannequin_UE4/Materials/Layers/ML_ShinyPlastic_Beige_Logo.uasset" 3650
"E:/Unreal Projects/MyPokemonDemo/Content/SimpleDamageText/UE/ThirdPerson/Characters/Mannequin_UE4/Materials/Layers/ML_Latex_Black.uasset" 3651
"E:/Unreal Projects/MyPokemonDemo/Content/SimpleDamageText/UE/ThirdPerson/Characters/Mannequin_UE4/Materials/Layers/ML_SoftMetal.uasset" 3652
"E:/Unreal Projects/MyPokemonDemo/Content/SimpleDamageText/UE/ThirdPerson/Characters/Mannequins/Materials/Functions/CA_Mannequin.uasset" 3653
"E:/Unreal Projects/MyPokemonDemo/Content/SimpleDamageText/UE/FirstPerson/LevelPrototyping/Materials/MI_Solid_Blue.uasset" 3654
"E:/Unreal Projects/MyPokemonDemo/Content/SimpleDamageText/UE/FirstPerson/Input/IMC_Weapons.uasset" 3655
"E:/Unreal Projects/MyPokemonDemo/Content/SimpleDamageText/UE/FirstPerson/Input/IMC_Default.uasset" 3656
"E:/Unreal Projects/MyPokemonDemo/Content/SimpleDamageText/UE/FirstPerson/FPWeapon/Materials/MaterialLayers/ML_GlossyBlack_Latex_UE4.uasset" 3657
"E:/Unreal Projects/MyPokemonDemo/Content/SimpleDamageText/UE/FirstPerson/FPWeapon/Materials/MaterialLayers/ML_SoftMetal_UE4.uasset" 3658
"E:/Unreal Projects/MyPokemonDemo/Content/SimpleDamageText/UE/FirstPerson/FPWeapon/Materials/FirstPersonProjectileMaterial.uasset" 3659
"E:/Unreal Projects/MyPokemonDemo/Content/SimpleDamageText/UE/FirstPerson/FirstPersonArms/Character/Materials/Functions/CA_Mannequin.uasset" 3660
"E:/Unreal Projects/MyPokemonDemo/Content/SimpleDamageText/Blueprints/Damage/BP_DamageText.uasset" 3661
"E:/Unreal Projects/MyPokemonDemo/Content/MonsterForSurvivalGame/Material/DefaultPolyart_MAT.uasset" 3662
"E:/Unreal Projects/MyPokemonDemo/Content/MonsterForSurvivalGame/Material/DefaultPBR_MAT.uasset" 3663
"E:/Unreal Projects/MyPokemonDemo/Content/MonsterForSurvivalGame/Animation/Polyart/TurtleShell/TurtleShell_Walk_ANIM.uasset" 3664
"E:/Unreal Projects/MyPokemonDemo/Content/MonsterForSurvivalGame/Animation/Polyart/TurtleShell/TurtleShell_WalkRight_ANIM.uasset" 3665
"E:/Unreal Projects/MyPokemonDemo/Content/MonsterForSurvivalGame/Animation/Polyart/TurtleShell/TurtleShell_WalkLeft_ANIM.uasset" 3666
"E:/Unreal Projects/MyPokemonDemo/Content/MonsterForSurvivalGame/Animation/Polyart/TurtleShell/TurtleShell_WalkBack_ANIM.uasset" 3667
"E:/Unreal Projects/MyPokemonDemo/Content/MonsterForSurvivalGame/Animation/Polyart/TurtleShell/TurtleShell_Victory_ANIM.uasset" 3668
"E:/Unreal Projects/MyPokemonDemo/Content/MonsterForSurvivalGame/Animation/Polyart/TurtleShell/TurtleShell_Taunt_ANIM.uasset" 3669
"E:/Unreal Projects/MyPokemonDemo/Content/MonsterForSurvivalGame/Animation/Polyart/TurtleShell/TurtleShell_SenseSomethingStart_ANIM.uasset" 3670
"E:/Unreal Projects/MyPokemonDemo/Content/MonsterForSurvivalGame/Animation/Polyart/TurtleShell/TurtleShell_SenseSomethingRT_ANIM.uasset" 3671
"E:/Unreal Projects/MyPokemonDemo/Content/MonsterForSurvivalGame/Animation/Polyart/TurtleShell/TurtleShell_Run_ANIM.uasset" 3672
"E:/Unreal Projects/MyPokemonDemo/Content/MonsterForSurvivalGame/Animation/Polyart/TurtleShell/TurtleShell_IdleNormal_ANIM.uasset" 3673
"E:/Unreal Projects/MyPokemonDemo/Content/MonsterForSurvivalGame/Animation/Polyart/TurtleShell/TurtleShell_IdleBattle_ANIM.uasset" 3674
"E:/Unreal Projects/MyPokemonDemo/Content/MonsterForSurvivalGame/Animation/Polyart/TurtleShell/TurtleShell_GetHit_ANIM.uasset" 3675
"E:/Unreal Projects/MyPokemonDemo/Content/MonsterForSurvivalGame/Animation/Polyart/TurtleShell/TurtleShell_Dizzy_ANIM.uasset" 3676
"E:/Unreal Projects/MyPokemonDemo/Content/MonsterForSurvivalGame/Animation/Polyart/TurtleShell/TurtleShell_Die_ANIM.uasset" 3677
"E:/Unreal Projects/MyPokemonDemo/Content/MonsterForSurvivalGame/Animation/Polyart/TurtleShell/TurtleShell_Defend_ANIM.uasset" 3678
"E:/Unreal Projects/MyPokemonDemo/Content/MonsterForSurvivalGame/Animation/Polyart/TurtleShell/TurtleShell_DefendHit_ANIM.uasset" 3679
"E:/Unreal Projects/MyPokemonDemo/Content/MonsterForSurvivalGame/Animation/Polyart/TurtleShell/TurtleShell_Attack02_ANIM.uasset" 3680
"E:/Unreal Projects/MyPokemonDemo/Content/MonsterForSurvivalGame/Animation/Polyart/TurtleShell/TurtleShell_Attack01_ANIM.uasset" 3681
"E:/Unreal Projects/MyPokemonDemo/Content/MonsterForSurvivalGame/Animation/Polyart/Swarm09/Swarm09_MoveRGT_Anim.uasset" 3682
"E:/Unreal Projects/MyPokemonDemo/Content/MonsterForSurvivalGame/Animation/Polyart/Swarm09/Swarm09_MoveLFT_Anim.uasset" 3683
"E:/Unreal Projects/MyPokemonDemo/Content/MonsterForSurvivalGame/Animation/Polyart/Swarm09/Swarm09_MoveFWD_Anim.uasset" 3684
"E:/Unreal Projects/MyPokemonDemo/Content/MonsterForSurvivalGame/Animation/Polyart/Swarm09/Swarm09_MoveBWD_Anim.uasset" 3685
"E:/Unreal Projects/MyPokemonDemo/Content/MonsterForSurvivalGame/Animation/Polyart/Swarm09/Swarm09_Idle_Anim.uasset" 3686
"E:/Unreal Projects/MyPokemonDemo/Content/MonsterForSurvivalGame/Animation/Polyart/Swarm09/Swarm09_GetHit_Anim.uasset" 3687
"E:/Unreal Projects/MyPokemonDemo/Content/MonsterForSurvivalGame/Animation/Polyart/Swarm09/Swarm09_Die_Anim.uasset" 3688
"E:/Unreal Projects/MyPokemonDemo/Content/MonsterForSurvivalGame/Animation/Polyart/Swarm09/Swarm09_Attack_Anim.uasset" 3689
"E:/Unreal Projects/MyPokemonDemo/Content/MonsterForSurvivalGame/Animation/Polyart/Swarm08/Swarm08_MoveRGT_Anim.uasset" 3690
"E:/Unreal Projects/MyPokemonDemo/Content/MonsterForSurvivalGame/Animation/Polyart/Swarm08/Swarm08_MoveLFT_Anim.uasset" 3691
"E:/Unreal Projects/MyPokemonDemo/Content/MonsterForSurvivalGame/Animation/Polyart/Swarm08/Swarm08_MoveFWD_Anim.uasset" 3692
"E:/Unreal Projects/MyPokemonDemo/Content/MonsterForSurvivalGame/Animation/Polyart/Swarm08/Swarm08_MoveBWD_Anim.uasset" 3693
"E:/Unreal Projects/MyPokemonDemo/Content/MonsterForSurvivalGame/Animation/Polyart/Swarm08/Swarm08_Idle_Anim.uasset" 3694
"E:/Unreal Projects/MyPokemonDemo/Content/MonsterForSurvivalGame/Animation/Polyart/Swarm08/Swarm08_GetHit_Anim.uasset" 3695
"E:/Unreal Projects/MyPokemonDemo/Content/MonsterForSurvivalGame/Animation/Polyart/Swarm08/Swarm08_Die_Anim.uasset" 3696
"E:/Unreal Projects/MyPokemonDemo/Content/MonsterForSurvivalGame/Animation/Polyart/Swarm08/Swarm08_Attack_Anim.uasset" 3697
"E:/Unreal Projects/MyPokemonDemo/Content/MonsterForSurvivalGame/Animation/Polyart/Slime/Slime_Walk_ANIM.uasset" 3698
"E:/Unreal Projects/MyPokemonDemo/Content/MonsterForSurvivalGame/Animation/Polyart/Slime/Slime_WalkRight_ANIM.uasset" 3699
"E:/Unreal Projects/MyPokemonDemo/Content/MonsterForSurvivalGame/Animation/Polyart/Slime/Slime_WalkLeft_ANIM.uasset" 3700
"E:/Unreal Projects/MyPokemonDemo/Content/MonsterForSurvivalGame/Animation/Polyart/Slime/Slime_WalkBack_ANIM.uasset" 3701
"E:/Unreal Projects/MyPokemonDemo/Content/MonsterForSurvivalGame/Animation/Polyart/Slime/Slime_Victory_ANIM.uasset" 3702
"E:/Unreal Projects/MyPokemonDemo/Content/MonsterForSurvivalGame/Animation/Polyart/Slime/Slime_Taunt_ANIM.uasset" 3703
"E:/Unreal Projects/MyPokemonDemo/Content/MonsterForSurvivalGame/Animation/Polyart/Slime/Slime_SenseSomethingStart_ANIM.uasset" 3704
"E:/Unreal Projects/MyPokemonDemo/Content/MonsterForSurvivalGame/Animation/Polyart/Slime/Slime_SenseSomethingRoutine_ANIM.uasset" 3705
"E:/Unreal Projects/MyPokemonDemo/Content/MonsterForSurvivalGame/Animation/Polyart/Slime/Slime_Run_ANIM.uasset" 3706
"E:/Unreal Projects/MyPokemonDemo/Content/MonsterForSurvivalGame/Animation/Polyart/Slime/Slime_IdleNormal_ANIM.uasset" 3707
"E:/Unreal Projects/MyPokemonDemo/Content/MonsterForSurvivalGame/Animation/Polyart/Slime/Slime_IdleBattle_ANIM.uasset" 3708
"E:/Unreal Projects/MyPokemonDemo/Content/MonsterForSurvivalGame/Animation/Polyart/Slime/Slime_GetHit_ANIM.uasset" 3709
"E:/Unreal Projects/MyPokemonDemo/Content/MonsterForSurvivalGame/Animation/Polyart/Slime/Slime_Dizzy_ANIM.uasset" 3710
"E:/Unreal Projects/MyPokemonDemo/Content/MonsterForSurvivalGame/Animation/Polyart/Slime/Slime_Die_ANIM.uasset" 3711
"E:/Unreal Projects/MyPokemonDemo/Content/MonsterForSurvivalGame/Animation/Polyart/Slime/Slime_Attack02_ANIM.uasset" 3712
"E:/Unreal Projects/MyPokemonDemo/Content/MonsterForSurvivalGame/Animation/Polyart/Slime/Slime_Attack01_ANIM.uasset" 3713
"E:/Unreal Projects/MyPokemonDemo/Content/MonsterForSurvivalGame/Animation/Polyart/Mushroom/SmileVersion/Mushroom_walkRGTSmile_ANIM.uasset" 3714
"E:/Unreal Projects/MyPokemonDemo/Content/MonsterForSurvivalGame/Animation/Polyart/Mushroom/SmileVersion/Mushroom_walkLFTSmile_ANIM.uasset" 3715
"E:/Unreal Projects/MyPokemonDemo/Content/MonsterForSurvivalGame/Animation/Polyart/Mushroom/SmileVersion/Mushroom_walkFWDSmile_ANIM.uasset" 3716
"E:/Unreal Projects/MyPokemonDemo/Content/MonsterForSurvivalGame/Animation/Polyart/Mushroom/SmileVersion/Mushroom_walkBWDSmile_ANIM.uasset" 3717
"E:/Unreal Projects/MyPokemonDemo/Content/MonsterForSurvivalGame/Animation/Polyart/Mushroom/SmileVersion/Mushroom_VictorySmile_ANIM.uasset" 3718
"E:/Unreal Projects/MyPokemonDemo/Content/MonsterForSurvivalGame/Animation/Polyart/Mushroom/SmileVersion/Mushroom_TauntingSmile_ANIM.uasset" 3719
"E:/Unreal Projects/MyPokemonDemo/Content/MonsterForSurvivalGame/Animation/Polyart/Mushroom/SmileVersion/Mushroom_SenseSomethingStartSmile_ANIM.uasset" 3720
"E:/Unreal Projects/MyPokemonDemo/Content/MonsterForSurvivalGame/Animation/Polyart/Mushroom/SmileVersion/Mushroom_SenseSomethingMaintainSmile_ANIM.uasset" 3721
"E:/Unreal Projects/MyPokemonDemo/Content/MonsterForSurvivalGame/Animation/Polyart/Mushroom/SmileVersion/Mushroom_runFWDSmile_ANIM.uasset" 3722
"E:/Unreal Projects/MyPokemonDemo/Content/MonsterForSurvivalGame/Animation/Polyart/Mushroom/SmileVersion/Mushroom_IdlePlantToBattleSmile_ANIM.uasset" 3723
"E:/Unreal Projects/MyPokemonDemo/Content/MonsterForSurvivalGame/Animation/Polyart/Mushroom/SmileVersion/Mushroom_IdleNormalSmile_ANIM.uasset" 3724
"E:/Unreal Projects/MyPokemonDemo/Content/MonsterForSurvivalGame/Animation/Polyart/Mushroom/SmileVersion/Mushroom_IdleBattleSmile_ANIM.uasset" 3725
"E:/Unreal Projects/MyPokemonDemo/Content/MonsterForSurvivalGame/Animation/Polyart/Mushroom/SmileVersion/Mushroom_GetHitSmile_ANIM.uasset" 3726
"E:/Unreal Projects/MyPokemonDemo/Content/MonsterForSurvivalGame/Animation/Polyart/Mushroom/SmileVersion/Mushroom_DizzySmile_ANIM.uasset" 3727
"E:/Unreal Projects/MyPokemonDemo/Content/MonsterForSurvivalGame/Animation/Polyart/Mushroom/SmileVersion/Mushroom_DieSmile_ANIM.uasset" 3728
"E:/Unreal Projects/MyPokemonDemo/Content/MonsterForSurvivalGame/Animation/Polyart/Mushroom/SmileVersion/Mushroom_Attack03Smile_ANIM.uasset" 3729
"E:/Unreal Projects/MyPokemonDemo/Content/MonsterForSurvivalGame/Animation/Polyart/Mushroom/SmileVersion/Mushroom_Attack02Smile_ANIM.uasset" 3730
"E:/Unreal Projects/MyPokemonDemo/Content/MonsterForSurvivalGame/Animation/Polyart/Mushroom/SmileVersion/Mushroom_Attack01Smile_ANIM.uasset" 3731
"E:/Unreal Projects/MyPokemonDemo/Content/MonsterForSurvivalGame/Animation/Polyart/Mushroom/AngryVersion/Mushroom_walkRGTAngry_ANIM.uasset" 3732
"E:/Unreal Projects/MyPokemonDemo/Content/MonsterForSurvivalGame/Animation/Polyart/Mushroom/AngryVersion/Mushroom_walkLFTAngry_ANIM.uasset" 3733
"E:/Unreal Projects/MyPokemonDemo/Content/MonsterForSurvivalGame/Animation/Polyart/Mushroom/AngryVersion/Mushroom_walkFWDAngry_ANIM.uasset" 3734
"E:/Unreal Projects/MyPokemonDemo/Content/MonsterForSurvivalGame/Animation/Polyart/Mushroom/AngryVersion/Mushroom_walkBWDAngry_ANIM.uasset" 3735
"E:/Unreal Projects/MyPokemonDemo/Content/MonsterForSurvivalGame/Animation/Polyart/Mushroom/AngryVersion/Mushroom_VictoryAngry_ANIM.uasset" 3736
"E:/Unreal Projects/MyPokemonDemo/Content/MonsterForSurvivalGame/Animation/Polyart/Mushroom/AngryVersion/Mushroom_TauntingAngry_ANIM.uasset" 3737
"E:/Unreal Projects/MyPokemonDemo/Content/MonsterForSurvivalGame/Animation/Polyart/Mushroom/AngryVersion/Mushroom_SenseSomethingStartAngry_ANIM.uasset" 3738
"E:/Unreal Projects/MyPokemonDemo/Content/MonsterForSurvivalGame/Animation/Polyart/Mushroom/AngryVersion/Mushroom_SenseSomethingMaintainAngry_ANIM.uasset" 3739
"E:/Unreal Projects/MyPokemonDemo/Content/MonsterForSurvivalGame/Animation/Polyart/Mushroom/AngryVersion/Mushroom_runFWDAngry_ANIM.uasset" 3740
"E:/Unreal Projects/MyPokemonDemo/Content/MonsterForSurvivalGame/Animation/Polyart/Mushroom/AngryVersion/Mushroom_IdlePlantToBattleAngry_ANIM.uasset" 3741
"E:/Unreal Projects/MyPokemonDemo/Content/MonsterForSurvivalGame/Animation/Polyart/Mushroom/AngryVersion/Mushroom_IdleNormalAngry_ANIM.uasset" 3742
"E:/Unreal Projects/MyPokemonDemo/Content/MonsterForSurvivalGame/Animation/Polyart/Mushroom/AngryVersion/Mushroom_IdleBattleAngry_ANIM.uasset" 3743
"E:/Unreal Projects/MyPokemonDemo/Content/MonsterForSurvivalGame/Animation/Polyart/Mushroom/AngryVersion/Mushroom_GetHitAngry_ANIM.uasset" 3744
"E:/Unreal Projects/MyPokemonDemo/Content/MonsterForSurvivalGame/Animation/Polyart/Mushroom/AngryVersion/Mushroom_DizzyAngry_ANIM.uasset" 3745
"E:/Unreal Projects/MyPokemonDemo/Content/MonsterForSurvivalGame/Animation/Polyart/Mushroom/AngryVersion/Mushroom_DieAngry_ANIM.uasset" 3746
"E:/Unreal Projects/MyPokemonDemo/Content/MonsterForSurvivalGame/Animation/Polyart/Mushroom/AngryVersion/Mushroom_Attack03Angry_ANIM.uasset" 3747
"E:/Unreal Projects/MyPokemonDemo/Content/MonsterForSurvivalGame/Animation/Polyart/Mushroom/AngryVersion/Mushroom_Attack02Angry_ANIM.uasset" 3748
"E:/Unreal Projects/MyPokemonDemo/Content/MonsterForSurvivalGame/Animation/Polyart/Mushroom/AngryVersion/Mushroom_Attack01Angry_ANIM.uasset" 3749
"E:/Unreal Projects/MyPokemonDemo/Content/MonsterForSurvivalGame/Animation/Polyart/Mushroom/Mushroom_IdlePlant_ANIM.uasset" 3750
"E:/Unreal Projects/MyPokemonDemo/Content/MonsterForSurvivalGame/Animation/Polyart/ChestMonster/ChestMonster_WalkRight_ANIM.uasset" 3751
"E:/Unreal Projects/MyPokemonDemo/Content/MonsterForSurvivalGame/Animation/Polyart/ChestMonster/ChestMonster_WalkLeft_ANIM.uasset" 3752
"E:/Unreal Projects/MyPokemonDemo/Content/MonsterForSurvivalGame/Animation/Polyart/ChestMonster/ChestMonster_WalkFWD_ANIM.uasset" 3753
"E:/Unreal Projects/MyPokemonDemo/Content/MonsterForSurvivalGame/Animation/Polyart/ChestMonster/ChestMonster_WalkBWD_ANIM.uasset" 3754
"E:/Unreal Projects/MyPokemonDemo/Content/MonsterForSurvivalGame/Animation/Polyart/ChestMonster/ChestMonster_Victory_ANIM.uasset" 3755
"E:/Unreal Projects/MyPokemonDemo/Content/MonsterForSurvivalGame/Animation/Polyart/ChestMonster/ChestMonster_Taunting_ANIM.uasset" 3756
"E:/Unreal Projects/MyPokemonDemo/Content/MonsterForSurvivalGame/Animation/Polyart/ChestMonster/ChestMonster_SenseSomethingST_ANIM.uasset" 3757
"E:/Unreal Projects/MyPokemonDemo/Content/MonsterForSurvivalGame/Animation/Polyart/ChestMonster/ChestMonster_SenseSomethingRPT_ANIM.uasset" 3758
"E:/Unreal Projects/MyPokemonDemo/Content/MonsterForSurvivalGame/Animation/Polyart/ChestMonster/ChestMonster_Run_ANIM.uasset" 3759
"E:/Unreal Projects/MyPokemonDemo/Content/MonsterForSurvivalGame/Animation/Polyart/ChestMonster/ChestMonster_IdleNormal_ANIM.uasset" 3760
"E:/Unreal Projects/MyPokemonDemo/Content/MonsterForSurvivalGame/Animation/Polyart/ChestMonster/ChestMonster_IdleChest_ANIM.uasset" 3761
"E:/Unreal Projects/MyPokemonDemo/Content/MonsterForSurvivalGame/Animation/Polyart/ChestMonster/ChestMonster_IdleBattle_ANIM.uasset" 3762
"E:/Unreal Projects/MyPokemonDemo/Content/MonsterForSurvivalGame/Animation/Polyart/ChestMonster/ChestMonster_GetHit_ANIM.uasset" 3763
"E:/Unreal Projects/MyPokemonDemo/Content/MonsterForSurvivalGame/Animation/Polyart/ChestMonster/ChestMonster_Dizzy_ANIM.uasset" 3764
"E:/Unreal Projects/MyPokemonDemo/Content/MonsterForSurvivalGame/Animation/Polyart/ChestMonster/ChestMonster_Die_ANIM.uasset" 3765
"E:/Unreal Projects/MyPokemonDemo/Content/MonsterForSurvivalGame/Animation/Polyart/ChestMonster/ChestMonster_Attack02_ANIM.uasset" 3766
"E:/Unreal Projects/MyPokemonDemo/Content/MonsterForSurvivalGame/Animation/Polyart/ChestMonster/ChestMonster_Attack01_ANIM.uasset" 3767
"E:/Unreal Projects/MyPokemonDemo/Content/MonsterForSurvivalGame/Animation/Polyart/Cactus/Cactus_WalkRGT_ANIM.uasset" 3768
"E:/Unreal Projects/MyPokemonDemo/Content/MonsterForSurvivalGame/Animation/Polyart/Cactus/Cactus_WalkLFT_ANIM.uasset" 3769
"E:/Unreal Projects/MyPokemonDemo/Content/MonsterForSurvivalGame/Animation/Polyart/Cactus/Cactus_WalkFWD_ANIM.uasset" 3770
"E:/Unreal Projects/MyPokemonDemo/Content/MonsterForSurvivalGame/Animation/Polyart/Cactus/Cactus_WalkBWD_ANIM.uasset" 3771
"E:/Unreal Projects/MyPokemonDemo/Content/MonsterForSurvivalGame/Animation/Polyart/Cactus/Cactus_Victory_ANIM.uasset" 3772
"E:/Unreal Projects/MyPokemonDemo/Content/MonsterForSurvivalGame/Animation/Polyart/Cactus/Cactus_Taunting_ANIM.uasset" 3773
"E:/Unreal Projects/MyPokemonDemo/Content/MonsterForSurvivalGame/Animation/Polyart/Cactus/Cactus_SenseSomethingStart_ANIM.uasset" 3774
"E:/Unreal Projects/MyPokemonDemo/Content/MonsterForSurvivalGame/Animation/Polyart/Cactus/Cactus_SenseSomethingMaint_ANIM.uasset" 3775
"E:/Unreal Projects/MyPokemonDemo/Content/MonsterForSurvivalGame/Animation/Polyart/Cactus/Cactus_RunFWD_ANIM.uasset" 3776
"E:/Unreal Projects/MyPokemonDemo/Content/MonsterForSurvivalGame/Animation/Polyart/Cactus/Cactus_IdlePlant_ANIM.uasset" 3777
"E:/Unreal Projects/MyPokemonDemo/Content/MonsterForSurvivalGame/Animation/Polyart/Cactus/Cactus_IdlePlantToBattle_ANIM.uasset" 3778
"E:/Unreal Projects/MyPokemonDemo/Content/MonsterForSurvivalGame/Animation/Polyart/Cactus/Cactus_IdleNormal_ANIM.uasset" 3779
"E:/Unreal Projects/MyPokemonDemo/Content/MonsterForSurvivalGame/Animation/Polyart/Cactus/Cactus_IdleBattle_ANIM.uasset" 3780
"E:/Unreal Projects/MyPokemonDemo/Content/MonsterForSurvivalGame/Animation/Polyart/Cactus/Cactus_GetHit_ANIM.uasset" 3781
"E:/Unreal Projects/MyPokemonDemo/Content/MonsterForSurvivalGame/Animation/Polyart/Cactus/Cactus_Dizzy_ANIM.uasset" 3782
"E:/Unreal Projects/MyPokemonDemo/Content/MonsterForSurvivalGame/Animation/Polyart/Cactus/Cactus_Die_ANIM.uasset" 3783
"E:/Unreal Projects/MyPokemonDemo/Content/MonsterForSurvivalGame/Animation/Polyart/Cactus/Cactus_Attack02_ANIM.uasset" 3784
"E:/Unreal Projects/MyPokemonDemo/Content/MonsterForSurvivalGame/Animation/Polyart/Cactus/Cactus_Attack01_ANIM.uasset" 3785
"E:/Unreal Projects/MyPokemonDemo/Content/MonsterForSurvivalGame/Animation/Polyart/Beholder/Beholder_WalkRight_ANIM.uasset" 3786
"E:/Unreal Projects/MyPokemonDemo/Content/MonsterForSurvivalGame/Animation/Polyart/Beholder/Beholder_WalkLeft_ANIM.uasset" 3787
"E:/Unreal Projects/MyPokemonDemo/Content/MonsterForSurvivalGame/Animation/Polyart/Beholder/Beholder_WalkFWD_ANIM.uasset" 3788
"E:/Unreal Projects/MyPokemonDemo/Content/MonsterForSurvivalGame/Animation/Polyart/Beholder/Beholder_WalkBWD_ANIM.uasset" 3789
"E:/Unreal Projects/MyPokemonDemo/Content/MonsterForSurvivalGame/Animation/Polyart/Beholder/Beholder_Victory_ANIM.uasset" 3790
"E:/Unreal Projects/MyPokemonDemo/Content/MonsterForSurvivalGame/Animation/Polyart/Beholder/Beholder_Taunting_ANIM.uasset" 3791
"E:/Unreal Projects/MyPokemonDemo/Content/MonsterForSurvivalGame/Animation/Polyart/Beholder/Beholder_SenseSomethingST_ANIM.uasset" 3792
"E:/Unreal Projects/MyPokemonDemo/Content/MonsterForSurvivalGame/Animation/Polyart/Beholder/Beholder_SenseSomethingRPT_ANIM.uasset" 3793
"E:/Unreal Projects/MyPokemonDemo/Content/MonsterForSurvivalGame/Animation/Polyart/Beholder/Beholder_Run_ANIM.uasset" 3794
"E:/Unreal Projects/MyPokemonDemo/Content/MonsterForSurvivalGame/Animation/Polyart/Beholder/Beholder_IdleNormal_ANIM.uasset" 3795
"E:/Unreal Projects/MyPokemonDemo/Content/MonsterForSurvivalGame/Animation/Polyart/Beholder/Beholder_IdleBattle_ANIM.uasset" 3796
"E:/Unreal Projects/MyPokemonDemo/Content/MonsterForSurvivalGame/Animation/Polyart/Beholder/Beholder_GetHit_ANIM.uasset" 3797
"E:/Unreal Projects/MyPokemonDemo/Content/MonsterForSurvivalGame/Animation/Polyart/Beholder/Beholder_Dizzy_ANIM.uasset" 3798
"E:/Unreal Projects/MyPokemonDemo/Content/MonsterForSurvivalGame/Animation/Polyart/Beholder/Beholder_Die_ANIM.uasset" 3799
"E:/Unreal Projects/MyPokemonDemo/Content/MonsterForSurvivalGame/Animation/Polyart/Beholder/Beholder_Attack03_ANIM.uasset" 3800
"E:/Unreal Projects/MyPokemonDemo/Content/MonsterForSurvivalGame/Animation/Polyart/Beholder/Beholder_Attack02ST_ANIM.uasset" 3801
"E:/Unreal Projects/MyPokemonDemo/Content/MonsterForSurvivalGame/Animation/Polyart/Beholder/Beholder_Attack02RPT_ANIM.uasset" 3802
"E:/Unreal Projects/MyPokemonDemo/Content/MonsterForSurvivalGame/Animation/Polyart/Beholder/Beholder_Attack01_ANIM.uasset" 3803
"E:/Unreal Projects/MyPokemonDemo/Content/MonsterForSurvivalGame/Animation/PBR/TurtleShell/TurtleShell_Walk_ANIM.uasset" 3804
"E:/Unreal Projects/MyPokemonDemo/Content/MonsterForSurvivalGame/Animation/PBR/TurtleShell/TurtleShell_WalkRight_ANIM.uasset" 3805
"E:/Unreal Projects/MyPokemonDemo/Content/MonsterForSurvivalGame/Animation/PBR/TurtleShell/TurtleShell_WalkLeft_ANIM.uasset" 3806
"E:/Unreal Projects/MyPokemonDemo/Content/MonsterForSurvivalGame/Animation/PBR/TurtleShell/TurtleShell_WalkBack_ANIM.uasset" 3807
"E:/Unreal Projects/MyPokemonDemo/Content/MonsterForSurvivalGame/Animation/PBR/TurtleShell/TurtleShell_Victory_ANIM.uasset" 3808
"E:/Unreal Projects/MyPokemonDemo/Content/MonsterForSurvivalGame/Animation/PBR/TurtleShell/TurtleShell_Taunt_ANIM.uasset" 3809
"E:/Unreal Projects/MyPokemonDemo/Content/MonsterForSurvivalGame/Animation/PBR/TurtleShell/TurtleShell_SenseSomethingStart_ANIM.uasset" 3810
"E:/Unreal Projects/MyPokemonDemo/Content/MonsterForSurvivalGame/Animation/PBR/TurtleShell/TurtleShell_SenseSomethingRT_ANIM.uasset" 3811
"E:/Unreal Projects/MyPokemonDemo/Content/MonsterForSurvivalGame/Animation/PBR/TurtleShell/TurtleShell_Run_ANIM.uasset" 3812
"E:/Unreal Projects/MyPokemonDemo/Content/MonsterForSurvivalGame/Animation/PBR/TurtleShell/TurtleShell_IdleNormal_ANIM.uasset" 3813
"E:/Unreal Projects/MyPokemonDemo/Content/MonsterForSurvivalGame/Animation/PBR/TurtleShell/TurtleShell_IdleBattle_ANIM.uasset" 3814
"E:/Unreal Projects/MyPokemonDemo/Content/MonsterForSurvivalGame/Animation/PBR/TurtleShell/TurtleShell_GetHit_ANIM.uasset" 3815
"E:/Unreal Projects/MyPokemonDemo/Content/MonsterForSurvivalGame/Animation/PBR/TurtleShell/TurtleShell_Dizzy_ANIM.uasset" 3816
"E:/Unreal Projects/MyPokemonDemo/Content/MonsterForSurvivalGame/Animation/PBR/TurtleShell/TurtleShell_Die_ANIM.uasset" 3817
"E:/Unreal Projects/MyPokemonDemo/Content/MonsterForSurvivalGame/Animation/PBR/TurtleShell/TurtleShell_Defend_ANIM.uasset" 3818
"E:/Unreal Projects/MyPokemonDemo/Content/MonsterForSurvivalGame/Animation/PBR/TurtleShell/TurtleShell_DefendHit_ANIM.uasset" 3819
"E:/Unreal Projects/MyPokemonDemo/Content/MonsterForSurvivalGame/Animation/PBR/TurtleShell/TurtleShell_Attack02_ANIM.uasset" 3820
"E:/Unreal Projects/MyPokemonDemo/Content/MonsterForSurvivalGame/Animation/PBR/TurtleShell/TurtleShell_Attack01_ANIM.uasset" 3821
"E:/Unreal Projects/MyPokemonDemo/Content/MonsterForSurvivalGame/Animation/PBR/Swarm09/Swarm09_MoveRGT_Anim.uasset" 3822
"E:/Unreal Projects/MyPokemonDemo/Content/MonsterForSurvivalGame/Animation/PBR/Swarm09/Swarm09_MoveLFT_Anim.uasset" 3823
"E:/Unreal Projects/MyPokemonDemo/Content/MonsterForSurvivalGame/Animation/PBR/Swarm09/Swarm09_MoveFWD_Anim.uasset" 3824
"E:/Unreal Projects/MyPokemonDemo/Content/MonsterForSurvivalGame/Animation/PBR/Swarm09/Swarm09_MoveBWD_Anim.uasset" 3825
"E:/Unreal Projects/MyPokemonDemo/Content/MonsterForSurvivalGame/Animation/PBR/Swarm09/Swarm09_Idle_Anim.uasset" 3826
"E:/Unreal Projects/MyPokemonDemo/Content/MonsterForSurvivalGame/Animation/PBR/Swarm09/Swarm09_GetHit_Anim.uasset" 3827
"E:/Unreal Projects/MyPokemonDemo/Content/MonsterForSurvivalGame/Animation/PBR/Swarm09/Swarm09_Die_Anim.uasset" 3828
"E:/Unreal Projects/MyPokemonDemo/Content/MonsterForSurvivalGame/Animation/PBR/Swarm09/Swarm09_Attack_Anim.uasset" 3829
"E:/Unreal Projects/MyPokemonDemo/Content/MonsterForSurvivalGame/Animation/PBR/Swarm08/Swarm08_MoveLFT_Anim.uasset" 3830
"E:/Unreal Projects/MyPokemonDemo/Content/MonsterForSurvivalGame/Animation/PBR/Swarm08/Swarm08_MoveFWD_Anim.uasset" 3831
"E:/Unreal Projects/MyPokemonDemo/Content/MonsterForSurvivalGame/Animation/PBR/Swarm08/Swarm08_MoveBWD_Anim.uasset" 3832
"E:/Unreal Projects/MyPokemonDemo/Content/MonsterForSurvivalGame/Animation/PBR/Swarm08/Swarm08_MoveRGT_Anim.uasset" 3833
"E:/Unreal Projects/MyPokemonDemo/Content/MonsterForSurvivalGame/Animation/PBR/Swarm08/Swarm08_Idle_Anim.uasset" 3834
"E:/Unreal Projects/MyPokemonDemo/Content/MonsterForSurvivalGame/Animation/PBR/Swarm08/Swarm08_GetHit_Anim.uasset" 3835
"E:/Unreal Projects/MyPokemonDemo/Content/MonsterForSurvivalGame/Animation/PBR/Swarm08/Swarm08_Die_Anim.uasset" 3836
"E:/Unreal Projects/MyPokemonDemo/Content/MonsterForSurvivalGame/Animation/PBR/Swarm08/Swarm08_Attack_Anim.uasset" 3837
"E:/Unreal Projects/MyPokemonDemo/Content/MonsterForSurvivalGame/Animation/PBR/Slime/Slime_WalkRight_ANIM.uasset" 3838
"E:/Unreal Projects/MyPokemonDemo/Content/MonsterForSurvivalGame/Animation/PBR/Slime/Slime_Walk_ANIM.uasset" 3839
"E:/Unreal Projects/MyPokemonDemo/Content/MonsterForSurvivalGame/Animation/PBR/Slime/Slime_WalkLeft_ANIM.uasset" 3840
"E:/Unreal Projects/MyPokemonDemo/Content/MonsterForSurvivalGame/Animation/PBR/Slime/Slime_Victory_ANIM.uasset" 3841
"E:/Unreal Projects/MyPokemonDemo/Content/MonsterForSurvivalGame/Animation/PBR/Slime/Slime_WalkBack_ANIM.uasset" 3842
"E:/Unreal Projects/MyPokemonDemo/Content/MonsterForSurvivalGame/Animation/PBR/Slime/Slime_SenseSomethingStart_ANIM.uasset" 3843
"E:/Unreal Projects/MyPokemonDemo/Content/MonsterForSurvivalGame/Animation/PBR/Slime/Slime_SenseSomethingRoutine_ANIM.uasset" 3844
"E:/Unreal Projects/MyPokemonDemo/Content/MonsterForSurvivalGame/Animation/PBR/Slime/Slime_Taunt_ANIM.uasset" 3845
"E:/Unreal Projects/MyPokemonDemo/Content/MonsterForSurvivalGame/Animation/PBR/Slime/Slime_Run_ANIM.uasset" 3846
"E:/Unreal Projects/MyPokemonDemo/Content/MonsterForSurvivalGame/Animation/PBR/Slime/Slime_IdleNormal_ANIM.uasset" 3847
"E:/Unreal Projects/MyPokemonDemo/Content/MonsterForSurvivalGame/Animation/PBR/Slime/Slime_IdleBattle_ANIM.uasset" 3848
"E:/Unreal Projects/MyPokemonDemo/Content/MonsterForSurvivalGame/Animation/PBR/Slime/Slime_GetHit_ANIM.uasset" 3849
"E:/Unreal Projects/MyPokemonDemo/Content/MonsterForSurvivalGame/Animation/PBR/Slime/Slime_Dizzy_ANIM.uasset" 3850
"E:/Unreal Projects/MyPokemonDemo/Content/MonsterForSurvivalGame/Animation/PBR/Slime/Slime_Die_ANIM.uasset" 3851
"E:/Unreal Projects/MyPokemonDemo/Content/MonsterForSurvivalGame/Animation/PBR/Slime/Slime_Attack02_ANIM.uasset" 3852
"E:/Unreal Projects/MyPokemonDemo/Content/MonsterForSurvivalGame/Animation/PBR/Slime/Slime_Attack01_ANIM.uasset" 3853
"E:/Unreal Projects/MyPokemonDemo/Content/MonsterForSurvivalGame/Animation/PBR/Mushroom/SmileVersion/Mushroom_walkRGTSmile_ANIM.uasset" 3854
"E:/Unreal Projects/MyPokemonDemo/Content/MonsterForSurvivalGame/Animation/PBR/Mushroom/SmileVersion/Mushroom_walkLFTSmile_ANIM.uasset" 3855
"E:/Unreal Projects/MyPokemonDemo/Content/MonsterForSurvivalGame/Animation/PBR/Mushroom/SmileVersion/Mushroom_walkFWDSmile_ANIM.uasset" 3856
"E:/Unreal Projects/MyPokemonDemo/Content/MonsterForSurvivalGame/Animation/PBR/Mushroom/SmileVersion/Mushroom_walkBWDSmile_ANIM.uasset" 3857
"E:/Unreal Projects/MyPokemonDemo/Content/MonsterForSurvivalGame/Animation/PBR/Mushroom/SmileVersion/Mushroom_VictorySmile_ANIM.uasset" 3858
"E:/Unreal Projects/MyPokemonDemo/Content/MonsterForSurvivalGame/Animation/PBR/Mushroom/SmileVersion/Mushroom_TauntingSmile_ANIM.uasset" 3859
"E:/Unreal Projects/MyPokemonDemo/Content/MonsterForSurvivalGame/Animation/PBR/Mushroom/SmileVersion/Mushroom_SenseSomethingStartSmile_ANIM.uasset" 3860
"E:/Unreal Projects/MyPokemonDemo/Content/MonsterForSurvivalGame/Animation/PBR/Mushroom/SmileVersion/Mushroom_SenseSomethingMaintainSmile_ANIM.uasset" 3861
"E:/Unreal Projects/MyPokemonDemo/Content/MonsterForSurvivalGame/Animation/PBR/Mushroom/SmileVersion/Mushroom_runFWDSmile_ANIM.uasset" 3862
"E:/Unreal Projects/MyPokemonDemo/Content/MonsterForSurvivalGame/Animation/PBR/Mushroom/SmileVersion/Mushroom_IdlePlantToBattleSmile_ANIM.uasset" 3863
"E:/Unreal Projects/MyPokemonDemo/Content/MonsterForSurvivalGame/Animation/PBR/Mushroom/SmileVersion/Mushroom_IdleNormalSmile_ANIM.uasset" 3864
"E:/Unreal Projects/MyPokemonDemo/Content/MonsterForSurvivalGame/Animation/PBR/Mushroom/SmileVersion/Mushroom_IdleBattleSmile_ANIM.uasset" 3865
"E:/Unreal Projects/MyPokemonDemo/Content/MonsterForSurvivalGame/Animation/PBR/Mushroom/SmileVersion/Mushroom_GetHitSmile_ANIM.uasset" 3866
"E:/Unreal Projects/MyPokemonDemo/Content/MonsterForSurvivalGame/Animation/PBR/Mushroom/SmileVersion/Mushroom_DizzySmile_ANIM.uasset" 3867
"E:/Unreal Projects/MyPokemonDemo/Content/MonsterForSurvivalGame/Animation/PBR/Mushroom/SmileVersion/Mushroom_DieSmile_ANIM.uasset" 3868
"E:/Unreal Projects/MyPokemonDemo/Content/MonsterForSurvivalGame/Animation/PBR/Mushroom/SmileVersion/Mushroom_Attack03Smile_ANIM.uasset" 3869
"E:/Unreal Projects/MyPokemonDemo/Content/MonsterForSurvivalGame/Animation/PBR/Mushroom/SmileVersion/Mushroom_Attack02Smile_ANIM.uasset" 3870
"E:/Unreal Projects/MyPokemonDemo/Content/MonsterForSurvivalGame/Animation/PBR/Mushroom/SmileVersion/Mushroom_Attack01Smile_ANIM.uasset" 3871
"E:/Unreal Projects/MyPokemonDemo/Content/MonsterForSurvivalGame/Animation/PBR/Mushroom/AngryVersion/Mushroom_walkRGTAngry_ANIM.uasset" 3872
"E:/Unreal Projects/MyPokemonDemo/Content/MonsterForSurvivalGame/Animation/PBR/Mushroom/AngryVersion/Mushroom_walkLFTAngry_ANIM.uasset" 3873
"E:/Unreal Projects/MyPokemonDemo/Content/MonsterForSurvivalGame/Animation/PBR/Mushroom/AngryVersion/Mushroom_walkFWDAngry_ANIM.uasset" 3874
"E:/Unreal Projects/MyPokemonDemo/Content/MonsterForSurvivalGame/Animation/PBR/Mushroom/AngryVersion/Mushroom_walkBWDAngry_ANIM.uasset" 3875
"E:/Unreal Projects/MyPokemonDemo/Content/MonsterForSurvivalGame/Animation/PBR/Mushroom/AngryVersion/Mushroom_VictoryAngry_ANIM.uasset" 3876
"E:/Unreal Projects/MyPokemonDemo/Content/MonsterForSurvivalGame/Animation/PBR/Mushroom/AngryVersion/Mushroom_TauntingAngry_ANIM.uasset" 3877
"E:/Unreal Projects/MyPokemonDemo/Content/MonsterForSurvivalGame/Animation/PBR/Mushroom/AngryVersion/Mushroom_SenseSomethingStartAngry_ANIM.uasset" 3878
"E:/Unreal Projects/MyPokemonDemo/Content/MonsterForSurvivalGame/Animation/PBR/Mushroom/AngryVersion/Mushroom_SenseSomethingMaintainAngry_ANIM.uasset" 3879
"E:/Unreal Projects/MyPokemonDemo/Content/MonsterForSurvivalGame/Animation/PBR/Mushroom/AngryVersion/Mushroom_runFWDAngry_ANIM.uasset" 3880
"E:/Unreal Projects/MyPokemonDemo/Content/MonsterForSurvivalGame/Animation/PBR/Mushroom/AngryVersion/Mushroom_IdlePlantToBattleAngry_ANIM.uasset" 3881
"E:/Unreal Projects/MyPokemonDemo/Content/MonsterForSurvivalGame/Animation/PBR/Mushroom/AngryVersion/Mushroom_IdleNormalAngry_ANIM.uasset" 3882
"E:/Unreal Projects/MyPokemonDemo/Content/MonsterForSurvivalGame/Animation/PBR/Mushroom/AngryVersion/Mushroom_IdleBattleAngry_ANIM.uasset" 3883
"E:/Unreal Projects/MyPokemonDemo/Content/MonsterForSurvivalGame/Animation/PBR/Mushroom/AngryVersion/Mushroom_GetHitAngry_ANIM.uasset" 3884
"E:/Unreal Projects/MyPokemonDemo/Content/MonsterForSurvivalGame/Animation/PBR/Mushroom/AngryVersion/Mushroom_DizzyAngry_ANIM.uasset" 3885
"E:/Unreal Projects/MyPokemonDemo/Content/MonsterForSurvivalGame/Animation/PBR/Mushroom/AngryVersion/Mushroom_DieAngry_ANIM.uasset" 3886
"E:/Unreal Projects/MyPokemonDemo/Content/MonsterForSurvivalGame/Animation/PBR/Mushroom/AngryVersion/Mushroom_Attack03Angry_ANIM.uasset" 3887
"E:/Unreal Projects/MyPokemonDemo/Content/MonsterForSurvivalGame/Animation/PBR/Mushroom/AngryVersion/Mushroom_Attack02Angry_ANIM.uasset" 3888
"E:/Unreal Projects/MyPokemonDemo/Content/MonsterForSurvivalGame/Animation/PBR/Mushroom/AngryVersion/Mushroom_Attack01Angry_ANIM.uasset" 3889
"E:/Unreal Projects/MyPokemonDemo/Content/MonsterForSurvivalGame/Animation/PBR/Mushroom/Mushroom_IdlePlant_ANIM.uasset" 3890
"E:/Unreal Projects/MyPokemonDemo/Content/MonsterForSurvivalGame/Animation/PBR/ChestMonster/ChestMonster_WalkRight_ANIM.uasset" 3891
"E:/Unreal Projects/MyPokemonDemo/Content/MonsterForSurvivalGame/Animation/PBR/ChestMonster/ChestMonster_WalkLeft_ANIM.uasset" 3892
"E:/Unreal Projects/MyPokemonDemo/Content/MonsterForSurvivalGame/Animation/PBR/ChestMonster/ChestMonster_WalkFWD_ANIM.uasset" 3893
"E:/Unreal Projects/MyPokemonDemo/Content/MonsterForSurvivalGame/Animation/PBR/ChestMonster/ChestMonster_WalkBWD_ANIM.uasset" 3894
"E:/Unreal Projects/MyPokemonDemo/Content/MonsterForSurvivalGame/Animation/PBR/ChestMonster/ChestMonster_Victory_ANIM.uasset" 3895
"E:/Unreal Projects/MyPokemonDemo/Content/MonsterForSurvivalGame/Animation/PBR/ChestMonster/ChestMonster_Taunting_ANIM.uasset" 3896
"E:/Unreal Projects/MyPokemonDemo/Content/MonsterForSurvivalGame/Animation/PBR/ChestMonster/ChestMonster_SenseSomethingST_ANIM.uasset" 3897
"E:/Unreal Projects/MyPokemonDemo/Content/MonsterForSurvivalGame/Animation/PBR/ChestMonster/ChestMonster_SenseSomethingRPT_ANIM.uasset" 3898
"E:/Unreal Projects/MyPokemonDemo/Content/MonsterForSurvivalGame/Animation/PBR/ChestMonster/ChestMonster_Run_ANIM.uasset" 3899
"E:/Unreal Projects/MyPokemonDemo/Content/MonsterForSurvivalGame/Animation/PBR/ChestMonster/ChestMonster_IdleNormal_ANIM.uasset" 3900
"E:/Unreal Projects/MyPokemonDemo/Content/MonsterForSurvivalGame/Animation/PBR/ChestMonster/ChestMonster_IdleChest_ANIM.uasset" 3901
"E:/Unreal Projects/MyPokemonDemo/Content/MonsterForSurvivalGame/Animation/PBR/ChestMonster/ChestMonster_IdleBattle_ANIM.uasset" 3902
"E:/Unreal Projects/MyPokemonDemo/Content/MonsterForSurvivalGame/Animation/PBR/ChestMonster/ChestMonster_GetHit_ANIM.uasset" 3903
"E:/Unreal Projects/MyPokemonDemo/Content/MonsterForSurvivalGame/Animation/PBR/ChestMonster/ChestMonster_Dizzy_ANIM.uasset" 3904
"E:/Unreal Projects/MyPokemonDemo/Content/MonsterForSurvivalGame/Animation/PBR/ChestMonster/ChestMonster_Die_ANIM.uasset" 3905
"E:/Unreal Projects/MyPokemonDemo/Content/MonsterForSurvivalGame/Animation/PBR/ChestMonster/ChestMonster_Attack02_ANIM.uasset" 3906
"E:/Unreal Projects/MyPokemonDemo/Content/MonsterForSurvivalGame/Animation/PBR/ChestMonster/ChestMonster_Attack01_ANIM.uasset" 3907
"E:/Unreal Projects/MyPokemonDemo/Content/MonsterForSurvivalGame/Animation/PBR/Cactus/Cactus_WalkRGT_ANIM.uasset" 3908
"E:/Unreal Projects/MyPokemonDemo/Content/MonsterForSurvivalGame/Animation/PBR/Cactus/Cactus_WalkLFT_ANIM.uasset" 3909
"E:/Unreal Projects/MyPokemonDemo/Content/MonsterForSurvivalGame/Animation/PBR/Cactus/Cactus_WalkFWD_ANIM.uasset" 3910
"E:/Unreal Projects/MyPokemonDemo/Content/MonsterForSurvivalGame/Animation/PBR/Cactus/Cactus_WalkBWD_ANIM.uasset" 3911
"E:/Unreal Projects/MyPokemonDemo/Content/MonsterForSurvivalGame/Animation/PBR/Cactus/Cactus_Victory_ANIM.uasset" 3912
"E:/Unreal Projects/MyPokemonDemo/Content/MonsterForSurvivalGame/Animation/PBR/Cactus/Cactus_Taunting_ANIM.uasset" 3913
"E:/Unreal Projects/MyPokemonDemo/Content/MonsterForSurvivalGame/Animation/PBR/Cactus/Cactus_SenseSomethingStart_ANIM.uasset" 3914
"E:/Unreal Projects/MyPokemonDemo/Content/MonsterForSurvivalGame/Animation/PBR/Cactus/Cactus_SenseSomethingMaint_ANIM.uasset" 3915
"E:/Unreal Projects/MyPokemonDemo/Content/MonsterForSurvivalGame/Animation/PBR/Cactus/Cactus_RunFWD_ANIM.uasset" 3916
"E:/Unreal Projects/MyPokemonDemo/Content/MonsterForSurvivalGame/Animation/PBR/Cactus/Cactus_IdlePlant_ANIM.uasset" 3917
"E:/Unreal Projects/MyPokemonDemo/Content/MonsterForSurvivalGame/Animation/PBR/Cactus/Cactus_IdlePlantToBattle_ANIM.uasset" 3918
"E:/Unreal Projects/MyPokemonDemo/Content/MonsterForSurvivalGame/Animation/PBR/Cactus/Cactus_IdleNormal_ANIM.uasset" 3919
"E:/Unreal Projects/MyPokemonDemo/Content/MonsterForSurvivalGame/Animation/PBR/Cactus/Cactus_IdleBattle_ANIM.uasset" 3920
"E:/Unreal Projects/MyPokemonDemo/Content/MonsterForSurvivalGame/Animation/PBR/Cactus/Cactus_GetHit_ANIM.uasset" 3921
"E:/Unreal Projects/MyPokemonDemo/Content/MonsterForSurvivalGame/Animation/PBR/Cactus/Cactus_Dizzy_ANIM.uasset" 3922
"E:/Unreal Projects/MyPokemonDemo/Content/MonsterForSurvivalGame/Animation/PBR/Cactus/Cactus_Die_ANIM.uasset" 3923
"E:/Unreal Projects/MyPokemonDemo/Content/MonsterForSurvivalGame/Animation/PBR/Cactus/Cactus_Attack02_ANIM.uasset" 3924
"E:/Unreal Projects/MyPokemonDemo/Content/MonsterForSurvivalGame/Animation/PBR/Cactus/Cactus_Attack01_ANIM.uasset" 3925
"E:/Unreal Projects/MyPokemonDemo/Content/MonsterForSurvivalGame/Animation/PBR/Beholder/Beholder_WalkRight_ANIM.uasset" 3926
"E:/Unreal Projects/MyPokemonDemo/Content/MonsterForSurvivalGame/Animation/PBR/Beholder/Beholder_WalkLeft_ANIM.uasset" 3927
"E:/Unreal Projects/MyPokemonDemo/Content/MonsterForSurvivalGame/Animation/PBR/Beholder/Beholder_WalkFWD_ANIM.uasset" 3928
"E:/Unreal Projects/MyPokemonDemo/Content/MonsterForSurvivalGame/Animation/PBR/Beholder/Beholder_WalkBWD_ANIM.uasset" 3929
"E:/Unreal Projects/MyPokemonDemo/Content/MonsterForSurvivalGame/Animation/PBR/Beholder/Beholder_Victory_ANIM.uasset" 3930
"E:/Unreal Projects/MyPokemonDemo/Content/MonsterForSurvivalGame/Animation/PBR/Beholder/Beholder_Taunting_ANIM.uasset" 3931
"E:/Unreal Projects/MyPokemonDemo/Content/MonsterForSurvivalGame/Animation/PBR/Beholder/Beholder_SenseSomethingST_ANIM.uasset" 3932
"E:/Unreal Projects/MyPokemonDemo/Content/MonsterForSurvivalGame/Animation/PBR/Beholder/Beholder_SenseSomethingRPT_ANIM.uasset" 3933
"E:/Unreal Projects/MyPokemonDemo/Content/MonsterForSurvivalGame/Animation/PBR/Beholder/Beholder_Run_ANIM.uasset" 3934
"E:/Unreal Projects/MyPokemonDemo/Content/MonsterForSurvivalGame/Animation/PBR/Beholder/Beholder_IdleNormal_ANIM.uasset" 3935
"E:/Unreal Projects/MyPokemonDemo/Content/MonsterForSurvivalGame/Animation/PBR/Beholder/Beholder_IdleBattle_ANIM.uasset" 3936
"E:/Unreal Projects/MyPokemonDemo/Content/MonsterForSurvivalGame/Animation/PBR/Beholder/Beholder_GetHit_ANIM.uasset" 3937
"E:/Unreal Projects/MyPokemonDemo/Content/MonsterForSurvivalGame/Animation/PBR/Beholder/Beholder_Dizzy_ANIM.uasset" 3938
"E:/Unreal Projects/MyPokemonDemo/Content/MonsterForSurvivalGame/Animation/PBR/Beholder/Beholder_Die_ANIM.uasset" 3939
"E:/Unreal Projects/MyPokemonDemo/Content/MonsterForSurvivalGame/Animation/PBR/Beholder/Beholder_Attack03_ANIM.uasset" 3940
"E:/Unreal Projects/MyPokemonDemo/Content/MonsterForSurvivalGame/Animation/PBR/Beholder/Beholder_Attack02ST_ANIM.uasset" 3941
"E:/Unreal Projects/MyPokemonDemo/Content/MonsterForSurvivalGame/Animation/PBR/Beholder/Beholder_Attack02RPT_ANIM.uasset" 3942
"E:/Unreal Projects/MyPokemonDemo/Content/MonsterForSurvivalGame/Animation/PBR/Beholder/Beholder_Attack01_ANIM.uasset" 3943
"E:/Unreal Projects/MyPokemonDemo/Content/MonsterForSurvivalGame/Demo/Stage_SM.uasset" 3944
"E:/Unreal Projects/MyPokemonDemo/Content/LPCharacters_FREE/Materials/M_Color.uasset" 3945
"E:/Unreal Projects/MyPokemonDemo/Content/LevelPrototyping/Materials/MI_Solid_Blue.uasset" 3946
"E:/Unreal Projects/MyPokemonDemo/Content/DA/DA_move.uasset" 3947
"E:/Unreal Projects/MyPokemonDemo/Content/Characters/Mannequin_UE4/Materials/Layers/ML_ShinyPlastic_Beige_Logo.uasset" 3948
"E:/Unreal Projects/MyPokemonDemo/Content/Characters/Mannequin_UE4/Materials/Layers/ML_Latex_Black.uasset" 3949
"E:/Unreal Projects/MyPokemonDemo/Content/Characters/Mannequin_UE4/Materials/Layers/ML_SoftMetal.uasset" 3950
"E:/Unreal Projects/MyPokemonDemo/Content/Characters/Mannequins/Materials/Functions/CA_Mannequin.uasset" 3951
"E:/Unreal Projects/MyPokemonDemo/Content/ThirdPerson/Input/IMC_Default.uasset" 3952
"../../../Engine/Plugins/Interchange/Runtime/Content/Functions/MX_Surface.uasset" 3953
"../../../Engine/Content/EngineMaterials/PPM_DefaultCalibrationGrayscale.uasset" 3954
"../../../Engine/Content/EngineMaterials/PPM_DefaultCalibrationColor.uasset" 3955
"../../../Engine/Content/MobileResources/HUD/DefaultVirtualJoysticks.uasset" 3956
"E:/Unreal Projects/MyPokemonDemo/Content/SimpleDamageText/UE/FirstPerson/Input/MobileControls.uasset" 3957
"../../../Engine/Content/EngineMaterials/Substrate/Volume/SubstrateSimpleVolumeEnvLUT3D.uasset" 3958
"../../../Engine/Content/EngineMaterials/Substrate/Volume/SubstrateSimpleVolumeLUT3D.uasset" 3959
"../../../Engine/Content/EngineMaterials/Substrate/GLints2/AGlintTex2dArray2.uasset" 3960
"../../../Engine/Content/EngineMaterials/Substrate/GLints/AGlintTex2dArray.uasset" 3961
"../../../Engine/Content/EditorMaterials/PreviewShadowIndicatorMaterial.uasset" 3962
"../../../Engine/Content/EngineSky/M_Sky_Panning_Clouds2.uasset" 3963
"E:/Unreal Projects/MyPokemonDemo/Content/StarterContent/Props/Materials/M_Rock.uasset" 3964
"E:/Unreal Projects/MyPokemonDemo/Content/StarterContent/Materials/M_Water_Ocean.uasset" 3965
"E:/Unreal Projects/MyPokemonDemo/Content/StarterContent/Materials/M_Tech_Hex_Tile.uasset" 3966
"E:/Unreal Projects/MyPokemonDemo/Content/StarterContent/Materials/M_Metal_Rust.uasset" 3967
"../../../Engine/Content/Functions/MaterialLayerFunctions/MatLayerBlend_NormalBlend.uasset" 3968
"E:/Unreal Projects/MyPokemonDemo/Content/StarterContent/Particles/Materials/M_radial_ramp.uasset" 3969
"E:/Unreal Projects/MyPokemonDemo/Content/StarterContent/Particles/Materials/M_Radial_Gradient.uasset" 3970
"E:/Unreal Projects/MyPokemonDemo/Content/StarterContent/Materials/M_Wood_Floor_Walnut_Worn.uasset" 3971
"E:/Unreal Projects/MyPokemonDemo/Content/StarterContent/Materials/M_ColorGrid_LowSpec.uasset" 3972
"E:/Unreal Projects/MyPokemonDemo/Content/StarterContent/Blueprints/Assets/M_LightStage_Skybox_Master.uasset" 3973
"E:/Unreal Projects/MyPokemonDemo/Content/SimpleDamageText/UE/ThirdPerson/Characters/Mannequins/Animations/Manny/MM_Walk_InPlace.uasset" 3974
"E:/Unreal Projects/MyPokemonDemo/Content/SimpleDamageText/UE/FirstPerson/FirstPersonArms/Animations/FP_Walk_Fwd.uasset" 3975
"E:/Unreal Projects/MyPokemonDemo/Content/SimpleDamageText/UE/FirstPerson/FirstPersonArms/Animations/FP_Run_Fwd.uasset" 3976
"E:/Unreal Projects/MyPokemonDemo/Content/SimpleDamageText/UE/FirstPerson/FirstPersonArms/Animations/FP_Land.uasset" 3977
"E:/Unreal Projects/MyPokemonDemo/Content/SimpleDamageText/UE/FirstPerson/FirstPersonArms/Animations/FP_Jump.uasset" 3978
"E:/Unreal Projects/MyPokemonDemo/Content/SimpleDamageText/UE/FirstPerson/FirstPersonArms/Animations/FP_Idle.uasset" 3979
"E:/Unreal Projects/MyPokemonDemo/Content/SimpleDamageText/UE/FirstPerson/FirstPersonArms/Animations/FP_Falling.uasset" 3980
"E:/Unreal Projects/MyPokemonDemo/Content/Characters/Mannequins/Animations/Manny/MM_Walk_InPlace.uasset" 3981
"E:/Unreal Projects/MyPokemonDemo/Content/SimpleDamageText/UE/ThirdPerson/Characters/Mannequin_UE4/Animations/Jog_Fwd.uasset" 3982
"E:/Unreal Projects/MyPokemonDemo/Content/SimpleDamageText/UE/ThirdPerson/Characters/Mannequins/Rigs/Poses/Quinn/Quinn_upperarm_r_anim.uasset" 3983
"E:/Unreal Projects/MyPokemonDemo/Content/SimpleDamageText/UE/ThirdPerson/Characters/Mannequins/Rigs/Poses/Quinn/Quinn_upperarm_l_anim.uasset" 3984
"../../../Engine/Content/Functions/MaterialLayerFunctions/MatLayerBlend_OverrideOpacity.uasset" 3985
"E:/Unreal Projects/MyPokemonDemo/Content/SimpleDamageText/UE/ThirdPerson/Characters/Mannequins/Rigs/Poses/Quinn/Quinn_thigh_r_anim.uasset" 3986
"E:/Unreal Projects/MyPokemonDemo/Content/SimpleDamageText/UE/ThirdPerson/Characters/Mannequins/Rigs/Poses/Quinn/Quinn_thigh_l_anim.uasset" 3987
"E:/Unreal Projects/MyPokemonDemo/Content/SimpleDamageText/UE/ThirdPerson/Characters/Mannequins/Rigs/Poses/Quinn/Quinn_lowerarm_r_anim.uasset" 3988
"E:/Unreal Projects/MyPokemonDemo/Content/SimpleDamageText/UE/ThirdPerson/Characters/Mannequins/Rigs/Poses/Quinn/Quinn_lowerarm_l_anim.uasset" 3989
"E:/Unreal Projects/MyPokemonDemo/Content/SimpleDamageText/UE/ThirdPerson/Characters/Mannequins/Rigs/Poses/Quinn/Quinn_hand_r_anim.uasset" 3990
"../../../Engine/Content/EngineMaterials/Substrate/Volume/SubstrateSimpleVolumeEnvLUT2D.uasset" 3991
"E:/Unreal Projects/MyPokemonDemo/Content/SimpleDamageText/UE/ThirdPerson/Characters/Mannequins/Rigs/Poses/Quinn/Quinn_hand_l_anim.uasset" 3992
"../../../Engine/Content/EngineMaterials/Substrate/Volume/SubstrateSimpleVolumeLUT2D.uasset" 3993
"E:/Unreal Projects/MyPokemonDemo/Content/SimpleDamageText/UE/ThirdPerson/Characters/Mannequins/Rigs/Poses/Quinn/Quinn_foot_r_anim.uasset" 3994
"../../../Engine/Content/EngineMaterials/Substrate/Glints2/dict_0000_0000.uasset" 3995
"../../../Engine/Content/EngineMaterials/Substrate/Glints2/dict_0000_0001.uasset" 3996
"../../../Engine/Content/EngineMaterials/Substrate/Glints2/dict_0000_0002.uasset" 3997
"../../../Engine/Content/EngineMaterials/Substrate/Glints2/dict_0000_0003.uasset" 3998
"../../../Engine/Content/EngineMaterials/Substrate/Glints2/dict_0000_0004.uasset" 3999
"../../../Engine/Content/EngineMaterials/Substrate/Glints2/dict_0000_0005.uasset" 4000
"../../../Engine/Content/EngineMaterials/Substrate/Glints2/dict_0000_0006.uasset" 4001
"../../../Engine/Content/EngineMaterials/Substrate/Glints2/dict_0000_0007.uasset" 4002
"../../../Engine/Content/EngineMaterials/Substrate/Glints2/dict_0000_0008.uasset" 4003
"../../../Engine/Content/EngineMaterials/Substrate/Glints2/dict_0000_0009.uasset" 4004
"../../../Engine/Content/EngineMaterials/Substrate/Glints2/dict_0000_0010.uasset" 4005
"../../../Engine/Content/EngineMaterials/Substrate/Glints2/dict_0000_0011.uasset" 4006
"../../../Engine/Content/EngineMaterials/Substrate/Glints2/dict_0000_0012.uasset" 4007
"../../../Engine/Content/EngineMaterials/Substrate/Glints2/dict_0000_0013.uasset" 4008
"../../../Engine/Content/EngineMaterials/Substrate/Glints2/dict_0000_0014.uasset" 4009
"../../../Engine/Content/EngineMaterials/Substrate/Glints2/dict_0000_0015.uasset" 4010
"../../../Engine/Content/EngineMaterials/Substrate/Glints2/dict_0000_0016.uasset" 4011
"../../../Engine/Content/EngineMaterials/Substrate/Glints2/dict_0000_0017.uasset" 4012
"../../../Engine/Content/EngineMaterials/Substrate/Glints2/dict_0000_0018.uasset" 4013
"../../../Engine/Content/EngineMaterials/Substrate/Glints2/dict_0000_0019.uasset" 4014
"../../../Engine/Content/EngineMaterials/Substrate/Glints2/dict_0000_0020.uasset" 4015
"../../../Engine/Content/EngineMaterials/Substrate/Glints2/dict_0000_0021.uasset" 4016
"../../../Engine/Content/EngineMaterials/Substrate/Glints2/dict_0000_0022.uasset" 4017
"../../../Engine/Content/EngineMaterials/Substrate/Glints2/dict_0000_0023.uasset" 4018
"../../../Engine/Content/EngineMaterials/Substrate/Glints2/dict_0000_0024.uasset" 4019
"../../../Engine/Content/EngineMaterials/Substrate/Glints2/dict_0000_0025.uasset" 4020
"../../../Engine/Content/EngineMaterials/Substrate/Glints2/dict_0000_0026.uasset" 4021
"../../../Engine/Content/EngineMaterials/Substrate/Glints2/dict_0000_0027.uasset" 4022
"../../../Engine/Content/EngineMaterials/Substrate/Glints2/dict_0000_0028.uasset" 4023
"../../../Engine/Content/EngineMaterials/Substrate/Glints2/dict_0000_0029.uasset" 4024
"../../../Engine/Content/EngineMaterials/Substrate/Glints2/dict_0000_0030.uasset" 4025
"../../../Engine/Content/EngineMaterials/Substrate/Glints2/dict_0000_0031.uasset" 4026
"../../../Engine/Content/EngineMaterials/Substrate/Glints2/dict_0000_0032.uasset" 4027
"../../../Engine/Content/EngineMaterials/Substrate/Glints2/dict_0000_0033.uasset" 4028
"../../../Engine/Content/EngineMaterials/Substrate/Glints2/dict_0000_0034.uasset" 4029
"../../../Engine/Content/EngineMaterials/Substrate/Glints2/dict_0000_0035.uasset" 4030
"../../../Engine/Content/EngineMaterials/Substrate/Glints2/dict_0000_0036.uasset" 4031
"../../../Engine/Content/EngineMaterials/Substrate/Glints2/dict_0000_0037.uasset" 4032
"../../../Engine/Content/EngineMaterials/Substrate/Glints2/dict_0000_0038.uasset" 4033
"../../../Engine/Content/EngineMaterials/Substrate/Glints2/dict_0000_0039.uasset" 4034
"../../../Engine/Content/EngineMaterials/Substrate/Glints2/dict_0000_0040.uasset" 4035
"../../../Engine/Content/EngineMaterials/Substrate/Glints2/dict_0000_0041.uasset" 4036
"../../../Engine/Content/EngineMaterials/Substrate/Glints2/dict_0000_0042.uasset" 4037
"../../../Engine/Content/EngineMaterials/Substrate/Glints2/dict_0000_0043.uasset" 4038
"../../../Engine/Content/EngineMaterials/Substrate/Glints2/dict_0000_0044.uasset" 4039
"../../../Engine/Content/EngineMaterials/Substrate/Glints2/dict_0000_0045.uasset" 4040
"../../../Engine/Content/EngineMaterials/Substrate/Glints2/dict_0000_0046.uasset" 4041
"../../../Engine/Content/EngineMaterials/Substrate/Glints2/dict_0000_0047.uasset" 4042
"../../../Engine/Content/EngineMaterials/Substrate/Glints2/dict_0000_0048.uasset" 4043
"../../../Engine/Content/EngineMaterials/Substrate/Glints2/dict_0000_0049.uasset" 4044
"../../../Engine/Content/EngineMaterials/Substrate/Glints2/dict_0000_0050.uasset" 4045
"../../../Engine/Content/EngineMaterials/Substrate/Glints2/dict_0000_0051.uasset" 4046
"../../../Engine/Content/EngineMaterials/Substrate/Glints2/dict_0000_0052.uasset" 4047
"../../../Engine/Content/EngineMaterials/Substrate/Glints2/dict_0000_0053.uasset" 4048
"../../../Engine/Content/EngineMaterials/Substrate/Glints2/dict_0000_0054.uasset" 4049
"../../../Engine/Content/EngineMaterials/Substrate/Glints2/dict_0000_0055.uasset" 4050
"../../../Engine/Content/EngineMaterials/Substrate/Glints2/dict_0000_0056.uasset" 4051
"../../../Engine/Content/EngineMaterials/Substrate/Glints2/dict_0000_0057.uasset" 4052
"../../../Engine/Content/EngineMaterials/Substrate/Glints2/dict_0000_0058.uasset" 4053
"../../../Engine/Content/EngineMaterials/Substrate/Glints2/dict_0000_0059.uasset" 4054
"../../../Engine/Content/EngineMaterials/Substrate/Glints2/dict_0000_0060.uasset" 4055
"../../../Engine/Content/EngineMaterials/Substrate/Glints2/dict_0000_0061.uasset" 4056
"../../../Engine/Content/EngineMaterials/Substrate/Glints2/dict_0000_0062.uasset" 4057
"../../../Engine/Content/EngineMaterials/Substrate/Glints2/dict_0000_0063.uasset" 4058
"../../../Engine/Content/EngineMaterials/Substrate/Glints2/dict_0000_0064.uasset" 4059
"../../../Engine/Content/EngineMaterials/Substrate/Glints2/dict_0000_0065.uasset" 4060
"../../../Engine/Content/EngineMaterials/Substrate/Glints2/dict_0000_0066.uasset" 4061
"../../../Engine/Content/EngineMaterials/Substrate/Glints2/dict_0000_0067.uasset" 4062
"../../../Engine/Content/EngineMaterials/Substrate/Glints2/dict_0000_0068.uasset" 4063
"../../../Engine/Content/EngineMaterials/Substrate/Glints2/dict_0000_0069.uasset" 4064
"../../../Engine/Content/EngineMaterials/Substrate/Glints2/dict_0000_0070.uasset" 4065
"../../../Engine/Content/EngineMaterials/Substrate/Glints2/dict_0000_0071.uasset" 4066
"../../../Engine/Content/EngineMaterials/Substrate/Glints2/dict_0000_0072.uasset" 4067
"../../../Engine/Content/EngineMaterials/Substrate/Glints2/dict_0000_0073.uasset" 4068
"../../../Engine/Content/EngineMaterials/Substrate/Glints2/dict_0000_0074.uasset" 4069
"../../../Engine/Content/EngineMaterials/Substrate/Glints2/dict_0000_0075.uasset" 4070
"../../../Engine/Content/EngineMaterials/Substrate/Glints2/dict_0000_0076.uasset" 4071
"../../../Engine/Content/EngineMaterials/Substrate/Glints2/dict_0000_0077.uasset" 4072
"../../../Engine/Content/EngineMaterials/Substrate/Glints2/dict_0000_0078.uasset" 4073
"../../../Engine/Content/EngineMaterials/Substrate/Glints2/dict_0000_0079.uasset" 4074
"../../../Engine/Content/EngineMaterials/Substrate/Glints2/dict_0000_0080.uasset" 4075
"../../../Engine/Content/EngineMaterials/Substrate/Glints2/dict_0000_0081.uasset" 4076
"../../../Engine/Content/EngineMaterials/Substrate/Glints2/dict_0000_0082.uasset" 4077
"../../../Engine/Content/EngineMaterials/Substrate/Glints2/dict_0000_0083.uasset" 4078
"../../../Engine/Content/EngineMaterials/Substrate/Glints2/dict_0000_0084.uasset" 4079
"../../../Engine/Content/EngineMaterials/Substrate/Glints2/dict_0000_0085.uasset" 4080
"../../../Engine/Content/EngineMaterials/Substrate/Glints2/dict_0000_0086.uasset" 4081
"../../../Engine/Content/EngineMaterials/Substrate/Glints2/dict_0000_0087.uasset" 4082
"../../../Engine/Content/EngineMaterials/Substrate/Glints2/dict_0000_0088.uasset" 4083
"../../../Engine/Content/EngineMaterials/Substrate/Glints2/dict_0000_0089.uasset" 4084
"../../../Engine/Content/EngineMaterials/Substrate/Glints2/dict_0000_0090.uasset" 4085
"../../../Engine/Content/EngineMaterials/Substrate/Glints2/dict_0000_0091.uasset" 4086
"../../../Engine/Content/EngineMaterials/Substrate/Glints2/dict_0000_0092.uasset" 4087
"../../../Engine/Content/EngineMaterials/Substrate/Glints2/dict_0000_0093.uasset" 4088
"../../../Engine/Content/EngineMaterials/Substrate/Glints2/dict_0000_0094.uasset" 4089
"../../../Engine/Content/EngineMaterials/Substrate/Glints2/dict_0000_0095.uasset" 4090
"../../../Engine/Content/EngineMaterials/Substrate/Glints2/dict_0000_0096.uasset" 4091
"../../../Engine/Content/EngineMaterials/Substrate/Glints2/dict_0000_0097.uasset" 4092
"../../../Engine/Content/EngineMaterials/Substrate/Glints2/dict_0000_0098.uasset" 4093
"../../../Engine/Content/EngineMaterials/Substrate/Glints2/dict_0000_0099.uasset" 4094
"../../../Engine/Content/EngineMaterials/Substrate/Glints2/dict_0000_0100.uasset" 4095
"../../../Engine/Content/EngineMaterials/Substrate/Glints2/dict_0000_0101.uasset" 4096
"../../../Engine/Content/EngineMaterials/Substrate/Glints2/dict_0000_0102.uasset" 4097
"../../../Engine/Content/EngineMaterials/Substrate/Glints2/dict_0000_0103.uasset" 4098
"../../../Engine/Content/EngineMaterials/Substrate/Glints2/dict_0000_0104.uasset" 4099
"../../../Engine/Content/EngineMaterials/Substrate/Glints2/dict_0000_0105.uasset" 4100
"../../../Engine/Content/EngineMaterials/Substrate/Glints2/dict_0000_0106.uasset" 4101
"../../../Engine/Content/EngineMaterials/Substrate/Glints2/dict_0000_0107.uasset" 4102
"../../../Engine/Content/EngineMaterials/Substrate/Glints2/dict_0000_0108.uasset" 4103
"../../../Engine/Content/EngineMaterials/Substrate/Glints2/dict_0000_0109.uasset" 4104
"../../../Engine/Content/EngineMaterials/Substrate/Glints2/dict_0000_0110.uasset" 4105
"../../../Engine/Content/EngineMaterials/Substrate/Glints2/dict_0000_0111.uasset" 4106
"../../../Engine/Content/EngineMaterials/Substrate/Glints2/dict_0000_0112.uasset" 4107
"../../../Engine/Content/EngineMaterials/Substrate/Glints2/dict_0000_0113.uasset" 4108
"../../../Engine/Content/EngineMaterials/Substrate/Glints2/dict_0000_0114.uasset" 4109
"../../../Engine/Content/EngineMaterials/Substrate/Glints2/dict_0000_0115.uasset" 4110
"../../../Engine/Content/EngineMaterials/Substrate/Glints2/dict_0000_0116.uasset" 4111
"../../../Engine/Content/EngineMaterials/Substrate/Glints2/dict_0000_0117.uasset" 4112
"../../../Engine/Content/EngineMaterials/Substrate/Glints2/dict_0000_0118.uasset" 4113
"../../../Engine/Content/EngineMaterials/Substrate/Glints2/dict_0000_0119.uasset" 4114
"../../../Engine/Content/EngineMaterials/Substrate/Glints2/dict_0000_0120.uasset" 4115
"../../../Engine/Content/EngineMaterials/Substrate/Glints2/dict_0000_0121.uasset" 4116
"../../../Engine/Content/EngineMaterials/Substrate/Glints2/dict_0000_0122.uasset" 4117
"../../../Engine/Content/EngineMaterials/Substrate/Glints2/dict_0000_0123.uasset" 4118
"../../../Engine/Content/EngineMaterials/Substrate/Glints2/dict_0000_0124.uasset" 4119
"../../../Engine/Content/EngineMaterials/Substrate/Glints2/dict_0000_0125.uasset" 4120
"../../../Engine/Content/EngineMaterials/Substrate/Glints2/dict_0000_0126.uasset" 4121
"../../../Engine/Content/EngineMaterials/Substrate/Glints2/dict_0000_0127.uasset" 4122
"../../../Engine/Content/EngineMaterials/Substrate/Glints2/dict_0000_0128.uasset" 4123
"../../../Engine/Content/EngineMaterials/Substrate/Glints2/dict_0000_0129.uasset" 4124
"../../../Engine/Content/EngineMaterials/Substrate/Glints2/dict_0000_0130.uasset" 4125
"../../../Engine/Content/EngineMaterials/Substrate/Glints2/dict_0000_0131.uasset" 4126
"../../../Engine/Content/EngineMaterials/Substrate/Glints2/dict_0000_0132.uasset" 4127
"../../../Engine/Content/EngineMaterials/Substrate/Glints2/dict_0000_0133.uasset" 4128
"../../../Engine/Content/EngineMaterials/Substrate/Glints2/dict_0000_0134.uasset" 4129
"../../../Engine/Content/EngineMaterials/Substrate/Glints2/dict_0000_0135.uasset" 4130
"../../../Engine/Content/EngineMaterials/Substrate/Glints2/dict_0000_0136.uasset" 4131
"../../../Engine/Content/EngineMaterials/Substrate/Glints2/dict_0000_0137.uasset" 4132
"../../../Engine/Content/EngineMaterials/Substrate/Glints2/dict_0000_0138.uasset" 4133
"../../../Engine/Content/EngineMaterials/Substrate/Glints2/dict_0000_0139.uasset" 4134
"../../../Engine/Content/EngineMaterials/Substrate/Glints2/dict_0000_0140.uasset" 4135
"../../../Engine/Content/EngineMaterials/Substrate/Glints2/dict_0000_0141.uasset" 4136
"../../../Engine/Content/EngineMaterials/Substrate/Glints2/dict_0000_0142.uasset" 4137
"../../../Engine/Content/EngineMaterials/Substrate/Glints2/dict_0000_0143.uasset" 4138
"../../../Engine/Content/EngineMaterials/Substrate/Glints2/dict_0000_0144.uasset" 4139
"../../../Engine/Content/EngineMaterials/Substrate/Glints2/dict_0000_0145.uasset" 4140
"../../../Engine/Content/EngineMaterials/Substrate/Glints2/dict_0000_0146.uasset" 4141
"../../../Engine/Content/EngineMaterials/Substrate/Glints2/dict_0000_0147.uasset" 4142
"../../../Engine/Content/EngineMaterials/Substrate/Glints2/dict_0000_0148.uasset" 4143
"../../../Engine/Content/EngineMaterials/Substrate/Glints2/dict_0000_0149.uasset" 4144
"../../../Engine/Content/EngineMaterials/Substrate/Glints2/dict_0000_0150.uasset" 4145
"../../../Engine/Content/EngineMaterials/Substrate/Glints2/dict_0000_0151.uasset" 4146
"../../../Engine/Content/EngineMaterials/Substrate/Glints2/dict_0000_0152.uasset" 4147
"../../../Engine/Content/EngineMaterials/Substrate/Glints2/dict_0000_0153.uasset" 4148
"../../../Engine/Content/EngineMaterials/Substrate/Glints2/dict_0000_0154.uasset" 4149
"../../../Engine/Content/EngineMaterials/Substrate/Glints2/dict_0000_0155.uasset" 4150
"../../../Engine/Content/EngineMaterials/Substrate/Glints2/dict_0000_0156.uasset" 4151
"../../../Engine/Content/EngineMaterials/Substrate/Glints2/dict_0000_0157.uasset" 4152
"../../../Engine/Content/EngineMaterials/Substrate/Glints2/dict_0000_0158.uasset" 4153
"../../../Engine/Content/EngineMaterials/Substrate/Glints2/dict_0000_0159.uasset" 4154
"../../../Engine/Content/EngineMaterials/Substrate/Glints2/dict_0000_0160.uasset" 4155
"../../../Engine/Content/EngineMaterials/Substrate/Glints2/dict_0000_0161.uasset" 4156
"../../../Engine/Content/EngineMaterials/Substrate/Glints2/dict_0000_0162.uasset" 4157
"../../../Engine/Content/EngineMaterials/Substrate/Glints2/dict_0000_0163.uasset" 4158
"../../../Engine/Content/EngineMaterials/Substrate/Glints2/dict_0000_0164.uasset" 4159
"../../../Engine/Content/EngineMaterials/Substrate/Glints2/dict_0000_0165.uasset" 4160
"../../../Engine/Content/EngineMaterials/Substrate/Glints2/dict_0000_0166.uasset" 4161
"../../../Engine/Content/EngineMaterials/Substrate/Glints2/dict_0000_0167.uasset" 4162
"../../../Engine/Content/EngineMaterials/Substrate/Glints2/dict_0000_0168.uasset" 4163
"../../../Engine/Content/EngineMaterials/Substrate/Glints2/dict_0000_0169.uasset" 4164
"../../../Engine/Content/EngineMaterials/Substrate/Glints2/dict_0000_0170.uasset" 4165
"../../../Engine/Content/EngineMaterials/Substrate/Glints2/dict_0000_0171.uasset" 4166
"../../../Engine/Content/EngineMaterials/Substrate/Glints2/dict_0000_0172.uasset" 4167
"../../../Engine/Content/EngineMaterials/Substrate/Glints2/dict_0000_0173.uasset" 4168
"../../../Engine/Content/EngineMaterials/Substrate/Glints2/dict_0000_0174.uasset" 4169
"../../../Engine/Content/EngineMaterials/Substrate/Glints2/dict_0000_0175.uasset" 4170
"../../../Engine/Content/EngineMaterials/Substrate/Glints2/dict_0000_0176.uasset" 4171
"../../../Engine/Content/EngineMaterials/Substrate/Glints2/dict_0000_0177.uasset" 4172
"../../../Engine/Content/EngineMaterials/Substrate/Glints2/dict_0000_0178.uasset" 4173
"../../../Engine/Content/EngineMaterials/Substrate/Glints2/dict_0000_0179.uasset" 4174
"../../../Engine/Content/EngineMaterials/Substrate/Glints2/dict_0000_0180.uasset" 4175
"../../../Engine/Content/EngineMaterials/Substrate/Glints2/dict_0000_0181.uasset" 4176
"../../../Engine/Content/EngineMaterials/Substrate/Glints2/dict_0000_0182.uasset" 4177
"../../../Engine/Content/EngineMaterials/Substrate/Glints2/dict_0000_0183.uasset" 4178
"../../../Engine/Content/EngineMaterials/Substrate/Glints2/dict_0000_0184.uasset" 4179
"../../../Engine/Content/EngineMaterials/Substrate/Glints2/dict_0000_0185.uasset" 4180
"../../../Engine/Content/EngineMaterials/Substrate/Glints2/dict_0000_0186.uasset" 4181
"../../../Engine/Content/EngineMaterials/Substrate/Glints2/dict_0000_0187.uasset" 4182
"../../../Engine/Content/EngineMaterials/Substrate/Glints2/dict_0000_0188.uasset" 4183
"../../../Engine/Content/EngineMaterials/Substrate/Glints2/dict_0000_0189.uasset" 4184
"../../../Engine/Content/EngineMaterials/Substrate/Glints2/dict_0000_0190.uasset" 4185
"../../../Engine/Content/EngineMaterials/Substrate/Glints2/dict_0000_0191.uasset" 4186
"../../../Engine/Content/EngineMaterials/Substrate/Glints2/dict_0000_0192.uasset" 4187
"../../../Engine/Content/EngineMaterials/Substrate/Glints2/dict_0000_0193.uasset" 4188
"../../../Engine/Content/EngineMaterials/Substrate/Glints2/dict_0000_0194.uasset" 4189
"../../../Engine/Content/EngineMaterials/Substrate/Glints2/dict_0000_0195.uasset" 4190
"../../../Engine/Content/EngineMaterials/Substrate/Glints2/dict_0000_0196.uasset" 4191
"../../../Engine/Content/EngineMaterials/Substrate/Glints2/dict_0000_0197.uasset" 4192
"../../../Engine/Content/EngineMaterials/Substrate/Glints2/dict_0000_0198.uasset" 4193
"../../../Engine/Content/EngineMaterials/Substrate/Glints2/dict_0000_0199.uasset" 4194
"../../../Engine/Content/EngineMaterials/Substrate/Glints2/dict_0000_0200.uasset" 4195
"../../../Engine/Content/EngineMaterials/Substrate/Glints2/dict_0000_0201.uasset" 4196
"../../../Engine/Content/EngineMaterials/Substrate/Glints2/dict_0000_0202.uasset" 4197
"../../../Engine/Content/EngineMaterials/Substrate/Glints2/dict_0000_0203.uasset" 4198
"../../../Engine/Content/EngineMaterials/Substrate/Glints2/dict_0000_0204.uasset" 4199
"../../../Engine/Content/EngineMaterials/Substrate/Glints2/dict_0000_0205.uasset" 4200
"../../../Engine/Content/EngineMaterials/Substrate/Glints2/dict_0000_0206.uasset" 4201
"../../../Engine/Content/EngineMaterials/Substrate/Glints2/dict_0000_0207.uasset" 4202
"../../../Engine/Content/EngineMaterials/Substrate/Glints2/dict_0000_0208.uasset" 4203
"../../../Engine/Content/EngineMaterials/Substrate/Glints2/dict_0000_0209.uasset" 4204
"../../../Engine/Content/EngineMaterials/Substrate/Glints2/dict_0000_0210.uasset" 4205
"../../../Engine/Content/EngineMaterials/Substrate/Glints2/dict_0000_0211.uasset" 4206
"../../../Engine/Content/EngineMaterials/Substrate/Glints2/dict_0000_0212.uasset" 4207
"../../../Engine/Content/EngineMaterials/Substrate/Glints2/dict_0000_0213.uasset" 4208
"../../../Engine/Content/EngineMaterials/Substrate/Glints2/dict_0000_0214.uasset" 4209
"../../../Engine/Content/EngineMaterials/Substrate/Glints2/dict_0000_0215.uasset" 4210
"../../../Engine/Content/EngineMaterials/Substrate/Glints2/dict_0000_0216.uasset" 4211
"../../../Engine/Content/EngineMaterials/Substrate/Glints2/dict_0000_0217.uasset" 4212
"../../../Engine/Content/EngineMaterials/Substrate/Glints2/dict_0000_0218.uasset" 4213
"../../../Engine/Content/EngineMaterials/Substrate/Glints2/dict_0000_0219.uasset" 4214
"../../../Engine/Content/EngineMaterials/Substrate/Glints2/dict_0000_0220.uasset" 4215
"../../../Engine/Content/EngineMaterials/Substrate/Glints2/dict_0000_0221.uasset" 4216
"../../../Engine/Content/EngineMaterials/Substrate/Glints2/dict_0000_0222.uasset" 4217
"../../../Engine/Content/EngineMaterials/Substrate/Glints2/dict_0000_0223.uasset" 4218
"../../../Engine/Content/EngineMaterials/Substrate/Glints2/dict_0000_0224.uasset" 4219
"../../../Engine/Content/EngineMaterials/Substrate/Glints2/dict_0000_0225.uasset" 4220
"../../../Engine/Content/EngineMaterials/Substrate/Glints2/dict_0000_0226.uasset" 4221
"../../../Engine/Content/EngineMaterials/Substrate/Glints2/dict_0000_0227.uasset" 4222
"../../../Engine/Content/EngineMaterials/Substrate/Glints2/dict_0000_0228.uasset" 4223
"../../../Engine/Content/EngineMaterials/Substrate/Glints2/dict_0000_0229.uasset" 4224
"../../../Engine/Content/EngineMaterials/Substrate/Glints2/dict_0000_0230.uasset" 4225
"../../../Engine/Content/EngineMaterials/Substrate/Glints2/dict_0000_0231.uasset" 4226
"../../../Engine/Content/EngineMaterials/Substrate/Glints2/dict_0000_0232.uasset" 4227
"../../../Engine/Content/EngineMaterials/Substrate/Glints2/dict_0000_0233.uasset" 4228
"../../../Engine/Content/EngineMaterials/Substrate/Glints2/dict_0000_0234.uasset" 4229
"../../../Engine/Content/EngineMaterials/Substrate/Glints2/dict_0000_0235.uasset" 4230
"../../../Engine/Content/EngineMaterials/Substrate/Glints2/dict_0000_0236.uasset" 4231
"../../../Engine/Content/EngineMaterials/Substrate/Glints2/dict_0000_0237.uasset" 4232
"../../../Engine/Content/EngineMaterials/Substrate/Glints2/dict_0000_0238.uasset" 4233
"../../../Engine/Content/EngineMaterials/Substrate/Glints2/dict_0000_0239.uasset" 4234
"../../../Engine/Content/EngineMaterials/Substrate/Glints2/dict_0000_0240.uasset" 4235
"../../../Engine/Content/EngineMaterials/Substrate/Glints2/dict_0000_0241.uasset" 4236
"../../../Engine/Content/EngineMaterials/Substrate/Glints2/dict_0000_0242.uasset" 4237
"../../../Engine/Content/EngineMaterials/Substrate/Glints2/dict_0000_0243.uasset" 4238
"../../../Engine/Content/EngineMaterials/Substrate/Glints2/dict_0000_0244.uasset" 4239
"../../../Engine/Content/EngineMaterials/Substrate/Glints2/dict_0000_0245.uasset" 4240
"../../../Engine/Content/EngineMaterials/Substrate/Glints2/dict_0000_0246.uasset" 4241
"../../../Engine/Content/EngineMaterials/Substrate/Glints2/dict_0000_0247.uasset" 4242
"../../../Engine/Content/EngineMaterials/Substrate/Glints2/dict_0000_0248.uasset" 4243
"../../../Engine/Content/EngineMaterials/Substrate/Glints2/dict_0000_0249.uasset" 4244
"../../../Engine/Content/EngineMaterials/Substrate/Glints2/dict_0000_0250.uasset" 4245
"../../../Engine/Content/EngineMaterials/Substrate/Glints2/dict_0000_0251.uasset" 4246
"../../../Engine/Content/EngineMaterials/Substrate/Glints2/dict_0000_0252.uasset" 4247
"../../../Engine/Content/EngineMaterials/Substrate/Glints2/dict_0000_0253.uasset" 4248
"../../../Engine/Content/EngineMaterials/Substrate/Glints2/dict_0000_0254.uasset" 4249
"../../../Engine/Content/EngineMaterials/Substrate/Glints2/dict_0000_0255.uasset" 4250
"../../../Engine/Content/EngineMaterials/Substrate/Glints2/dict_0001_0000.uasset" 4251
"../../../Engine/Content/EngineMaterials/Substrate/Glints2/dict_0001_0001.uasset" 4252
"../../../Engine/Content/EngineMaterials/Substrate/Glints2/dict_0001_0002.uasset" 4253
"../../../Engine/Content/EngineMaterials/Substrate/Glints2/dict_0001_0003.uasset" 4254
"../../../Engine/Content/EngineMaterials/Substrate/Glints2/dict_0001_0004.uasset" 4255
"../../../Engine/Content/EngineMaterials/Substrate/Glints2/dict_0001_0005.uasset" 4256
"../../../Engine/Content/EngineMaterials/Substrate/Glints2/dict_0001_0006.uasset" 4257
"../../../Engine/Content/EngineMaterials/Substrate/Glints2/dict_0001_0007.uasset" 4258
"../../../Engine/Content/EngineMaterials/Substrate/Glints2/dict_0001_0008.uasset" 4259
"../../../Engine/Content/EngineMaterials/Substrate/Glints2/dict_0001_0009.uasset" 4260
"../../../Engine/Content/EngineMaterials/Substrate/Glints2/dict_0001_0010.uasset" 4261
"../../../Engine/Content/EngineMaterials/Substrate/Glints2/dict_0001_0011.uasset" 4262
"../../../Engine/Content/EngineMaterials/Substrate/Glints2/dict_0001_0012.uasset" 4263
"../../../Engine/Content/EngineMaterials/Substrate/Glints2/dict_0001_0013.uasset" 4264
"../../../Engine/Content/EngineMaterials/Substrate/Glints2/dict_0001_0014.uasset" 4265
"../../../Engine/Content/EngineMaterials/Substrate/Glints2/dict_0001_0015.uasset" 4266
"../../../Engine/Content/EngineMaterials/Substrate/Glints2/dict_0001_0016.uasset" 4267
"../../../Engine/Content/EngineMaterials/Substrate/Glints2/dict_0001_0017.uasset" 4268
"../../../Engine/Content/EngineMaterials/Substrate/Glints2/dict_0001_0018.uasset" 4269
"../../../Engine/Content/EngineMaterials/Substrate/Glints2/dict_0001_0019.uasset" 4270
"../../../Engine/Content/EngineMaterials/Substrate/Glints2/dict_0001_0020.uasset" 4271
"../../../Engine/Content/EngineMaterials/Substrate/Glints2/dict_0001_0021.uasset" 4272
"../../../Engine/Content/EngineMaterials/Substrate/Glints2/dict_0001_0022.uasset" 4273
"../../../Engine/Content/EngineMaterials/Substrate/Glints2/dict_0001_0023.uasset" 4274
"../../../Engine/Content/EngineMaterials/Substrate/Glints2/dict_0001_0024.uasset" 4275
"../../../Engine/Content/EngineMaterials/Substrate/Glints2/dict_0001_0025.uasset" 4276
"../../../Engine/Content/EngineMaterials/Substrate/Glints2/dict_0001_0026.uasset" 4277
"../../../Engine/Content/EngineMaterials/Substrate/Glints2/dict_0001_0027.uasset" 4278
"../../../Engine/Content/EngineMaterials/Substrate/Glints2/dict_0001_0028.uasset" 4279
"../../../Engine/Content/EngineMaterials/Substrate/Glints2/dict_0001_0029.uasset" 4280
"../../../Engine/Content/EngineMaterials/Substrate/Glints2/dict_0001_0030.uasset" 4281
"../../../Engine/Content/EngineMaterials/Substrate/Glints2/dict_0001_0031.uasset" 4282
"../../../Engine/Content/EngineMaterials/Substrate/Glints2/dict_0001_0032.uasset" 4283
"../../../Engine/Content/EngineMaterials/Substrate/Glints2/dict_0001_0033.uasset" 4284
"../../../Engine/Content/EngineMaterials/Substrate/Glints2/dict_0001_0034.uasset" 4285
"../../../Engine/Content/EngineMaterials/Substrate/Glints2/dict_0001_0035.uasset" 4286
"../../../Engine/Content/EngineMaterials/Substrate/Glints2/dict_0001_0036.uasset" 4287
"../../../Engine/Content/EngineMaterials/Substrate/Glints2/dict_0001_0037.uasset" 4288
"../../../Engine/Content/EngineMaterials/Substrate/Glints2/dict_0001_0038.uasset" 4289
"../../../Engine/Content/EngineMaterials/Substrate/Glints2/dict_0001_0039.uasset" 4290
"../../../Engine/Content/EngineMaterials/Substrate/Glints2/dict_0001_0040.uasset" 4291
"../../../Engine/Content/EngineMaterials/Substrate/Glints2/dict_0001_0041.uasset" 4292
"../../../Engine/Content/EngineMaterials/Substrate/Glints2/dict_0001_0042.uasset" 4293
"../../../Engine/Content/EngineMaterials/Substrate/Glints2/dict_0001_0043.uasset" 4294
"../../../Engine/Content/EngineMaterials/Substrate/Glints2/dict_0001_0044.uasset" 4295
"../../../Engine/Content/EngineMaterials/Substrate/Glints2/dict_0001_0045.uasset" 4296
"../../../Engine/Content/EngineMaterials/Substrate/Glints2/dict_0001_0046.uasset" 4297
"../../../Engine/Content/EngineMaterials/Substrate/Glints2/dict_0001_0047.uasset" 4298
"../../../Engine/Content/EngineMaterials/Substrate/Glints2/dict_0001_0048.uasset" 4299
"../../../Engine/Content/EngineMaterials/Substrate/Glints2/dict_0001_0049.uasset" 4300
"../../../Engine/Content/EngineMaterials/Substrate/Glints2/dict_0001_0050.uasset" 4301
"../../../Engine/Content/EngineMaterials/Substrate/Glints2/dict_0001_0051.uasset" 4302
"../../../Engine/Content/EngineMaterials/Substrate/Glints2/dict_0001_0052.uasset" 4303
"../../../Engine/Content/EngineMaterials/Substrate/Glints2/dict_0001_0053.uasset" 4304
"../../../Engine/Content/EngineMaterials/Substrate/Glints2/dict_0001_0054.uasset" 4305
"../../../Engine/Content/EngineMaterials/Substrate/Glints2/dict_0001_0055.uasset" 4306
"../../../Engine/Content/EngineMaterials/Substrate/Glints2/dict_0001_0056.uasset" 4307
"../../../Engine/Content/EngineMaterials/Substrate/Glints2/dict_0001_0057.uasset" 4308
"../../../Engine/Content/EngineMaterials/Substrate/Glints2/dict_0001_0058.uasset" 4309
"../../../Engine/Content/EngineMaterials/Substrate/Glints2/dict_0001_0059.uasset" 4310
"../../../Engine/Content/EngineMaterials/Substrate/Glints2/dict_0001_0060.uasset" 4311
"../../../Engine/Content/EngineMaterials/Substrate/Glints2/dict_0001_0061.uasset" 4312
"../../../Engine/Content/EngineMaterials/Substrate/Glints2/dict_0001_0062.uasset" 4313
"../../../Engine/Content/EngineMaterials/Substrate/Glints2/dict_0001_0063.uasset" 4314
"../../../Engine/Content/EngineMaterials/Substrate/Glints2/dict_0001_0064.uasset" 4315
"../../../Engine/Content/EngineMaterials/Substrate/Glints2/dict_0001_0065.uasset" 4316
"../../../Engine/Content/EngineMaterials/Substrate/Glints2/dict_0001_0066.uasset" 4317
"../../../Engine/Content/EngineMaterials/Substrate/Glints2/dict_0001_0067.uasset" 4318
"../../../Engine/Content/EngineMaterials/Substrate/Glints2/dict_0001_0068.uasset" 4319
"../../../Engine/Content/EngineMaterials/Substrate/Glints2/dict_0001_0069.uasset" 4320
"../../../Engine/Content/EngineMaterials/Substrate/Glints2/dict_0001_0070.uasset" 4321
"../../../Engine/Content/EngineMaterials/Substrate/Glints2/dict_0001_0071.uasset" 4322
"../../../Engine/Content/EngineMaterials/Substrate/Glints2/dict_0001_0072.uasset" 4323
"../../../Engine/Content/EngineMaterials/Substrate/Glints2/dict_0001_0073.uasset" 4324
"../../../Engine/Content/EngineMaterials/Substrate/Glints2/dict_0001_0074.uasset" 4325
"../../../Engine/Content/EngineMaterials/Substrate/Glints2/dict_0001_0075.uasset" 4326
"../../../Engine/Content/EngineMaterials/Substrate/Glints2/dict_0001_0076.uasset" 4327
"../../../Engine/Content/EngineMaterials/Substrate/Glints2/dict_0001_0077.uasset" 4328
"../../../Engine/Content/EngineMaterials/Substrate/Glints2/dict_0001_0078.uasset" 4329
"../../../Engine/Content/EngineMaterials/Substrate/Glints2/dict_0001_0079.uasset" 4330
"../../../Engine/Content/EngineMaterials/Substrate/Glints2/dict_0001_0080.uasset" 4331
"../../../Engine/Content/EngineMaterials/Substrate/Glints2/dict_0001_0081.uasset" 4332
"../../../Engine/Content/EngineMaterials/Substrate/Glints2/dict_0001_0082.uasset" 4333
"../../../Engine/Content/EngineMaterials/Substrate/Glints2/dict_0001_0083.uasset" 4334
"../../../Engine/Content/EngineMaterials/Substrate/Glints2/dict_0001_0084.uasset" 4335
"../../../Engine/Content/EngineMaterials/Substrate/Glints2/dict_0001_0085.uasset" 4336
"../../../Engine/Content/EngineMaterials/Substrate/Glints2/dict_0001_0086.uasset" 4337
"../../../Engine/Content/EngineMaterials/Substrate/Glints2/dict_0001_0087.uasset" 4338
"../../../Engine/Content/EngineMaterials/Substrate/Glints2/dict_0001_0088.uasset" 4339
"../../../Engine/Content/EngineMaterials/Substrate/Glints2/dict_0001_0089.uasset" 4340
"../../../Engine/Content/EngineMaterials/Substrate/Glints2/dict_0001_0090.uasset" 4341
"../../../Engine/Content/EngineMaterials/Substrate/Glints2/dict_0001_0091.uasset" 4342
"../../../Engine/Content/EngineMaterials/Substrate/Glints2/dict_0001_0092.uasset" 4343
"../../../Engine/Content/EngineMaterials/Substrate/Glints2/dict_0001_0093.uasset" 4344
"../../../Engine/Content/EngineMaterials/Substrate/Glints2/dict_0001_0094.uasset" 4345
"../../../Engine/Content/EngineMaterials/Substrate/Glints2/dict_0001_0095.uasset" 4346
"../../../Engine/Content/EngineMaterials/Substrate/Glints2/dict_0001_0096.uasset" 4347
"../../../Engine/Content/EngineMaterials/Substrate/Glints2/dict_0001_0097.uasset" 4348
"../../../Engine/Content/EngineMaterials/Substrate/Glints2/dict_0001_0098.uasset" 4349
"../../../Engine/Content/EngineMaterials/Substrate/Glints2/dict_0001_0099.uasset" 4350
"../../../Engine/Content/EngineMaterials/Substrate/Glints2/dict_0001_0100.uasset" 4351
"../../../Engine/Content/EngineMaterials/Substrate/Glints2/dict_0001_0101.uasset" 4352
"../../../Engine/Content/EngineMaterials/Substrate/Glints2/dict_0001_0102.uasset" 4353
"../../../Engine/Content/EngineMaterials/Substrate/Glints2/dict_0001_0103.uasset" 4354
"../../../Engine/Content/EngineMaterials/Substrate/Glints2/dict_0001_0104.uasset" 4355
"../../../Engine/Content/EngineMaterials/Substrate/Glints2/dict_0001_0105.uasset" 4356
"../../../Engine/Content/EngineMaterials/Substrate/Glints2/dict_0001_0106.uasset" 4357
"../../../Engine/Content/EngineMaterials/Substrate/Glints2/dict_0001_0107.uasset" 4358
"../../../Engine/Content/EngineMaterials/Substrate/Glints2/dict_0001_0108.uasset" 4359
"../../../Engine/Content/EngineMaterials/Substrate/Glints2/dict_0001_0109.uasset" 4360
"../../../Engine/Content/EngineMaterials/Substrate/Glints2/dict_0001_0110.uasset" 4361
"../../../Engine/Content/EngineMaterials/Substrate/Glints2/dict_0001_0111.uasset" 4362
"../../../Engine/Content/EngineMaterials/Substrate/Glints2/dict_0001_0112.uasset" 4363
"../../../Engine/Content/EngineMaterials/Substrate/Glints2/dict_0001_0113.uasset" 4364
"../../../Engine/Content/EngineMaterials/Substrate/Glints2/dict_0001_0114.uasset" 4365
"../../../Engine/Content/EngineMaterials/Substrate/Glints2/dict_0001_0115.uasset" 4366
"../../../Engine/Content/EngineMaterials/Substrate/Glints2/dict_0001_0116.uasset" 4367
"../../../Engine/Content/EngineMaterials/Substrate/Glints2/dict_0001_0117.uasset" 4368
"../../../Engine/Content/EngineMaterials/Substrate/Glints2/dict_0001_0118.uasset" 4369
"../../../Engine/Content/EngineMaterials/Substrate/Glints2/dict_0001_0119.uasset" 4370
"../../../Engine/Content/EngineMaterials/Substrate/Glints2/dict_0001_0120.uasset" 4371
"../../../Engine/Content/EngineMaterials/Substrate/Glints2/dict_0001_0121.uasset" 4372
"../../../Engine/Content/EngineMaterials/Substrate/Glints2/dict_0001_0122.uasset" 4373
"../../../Engine/Content/EngineMaterials/Substrate/Glints2/dict_0001_0123.uasset" 4374
"../../../Engine/Content/EngineMaterials/Substrate/Glints2/dict_0001_0124.uasset" 4375
"../../../Engine/Content/EngineMaterials/Substrate/Glints2/dict_0001_0125.uasset" 4376
"../../../Engine/Content/EngineMaterials/Substrate/Glints2/dict_0001_0126.uasset" 4377
"../../../Engine/Content/EngineMaterials/Substrate/Glints2/dict_0001_0127.uasset" 4378
"../../../Engine/Content/EngineMaterials/Substrate/Glints2/dict_0001_0128.uasset" 4379
"../../../Engine/Content/EngineMaterials/Substrate/Glints2/dict_0001_0129.uasset" 4380
"../../../Engine/Content/EngineMaterials/Substrate/Glints2/dict_0001_0130.uasset" 4381
"../../../Engine/Content/EngineMaterials/Substrate/Glints2/dict_0001_0131.uasset" 4382
"../../../Engine/Content/EngineMaterials/Substrate/Glints2/dict_0001_0132.uasset" 4383
"../../../Engine/Content/EngineMaterials/Substrate/Glints2/dict_0001_0133.uasset" 4384
"../../../Engine/Content/EngineMaterials/Substrate/Glints2/dict_0001_0134.uasset" 4385
"../../../Engine/Content/EngineMaterials/Substrate/Glints2/dict_0001_0135.uasset" 4386
"../../../Engine/Content/EngineMaterials/Substrate/Glints2/dict_0001_0136.uasset" 4387
"../../../Engine/Content/EngineMaterials/Substrate/Glints2/dict_0001_0137.uasset" 4388
"../../../Engine/Content/EngineMaterials/Substrate/Glints2/dict_0001_0138.uasset" 4389
"../../../Engine/Content/EngineMaterials/Substrate/Glints2/dict_0001_0139.uasset" 4390
"../../../Engine/Content/EngineMaterials/Substrate/Glints2/dict_0001_0140.uasset" 4391
"../../../Engine/Content/EngineMaterials/Substrate/Glints2/dict_0001_0141.uasset" 4392
"../../../Engine/Content/EngineMaterials/Substrate/Glints2/dict_0001_0142.uasset" 4393
"../../../Engine/Content/EngineMaterials/Substrate/Glints2/dict_0001_0143.uasset" 4394
"../../../Engine/Content/EngineMaterials/Substrate/Glints2/dict_0001_0144.uasset" 4395
"../../../Engine/Content/EngineMaterials/Substrate/Glints2/dict_0001_0145.uasset" 4396
"../../../Engine/Content/EngineMaterials/Substrate/Glints2/dict_0001_0146.uasset" 4397
"../../../Engine/Content/EngineMaterials/Substrate/Glints2/dict_0001_0147.uasset" 4398
"../../../Engine/Content/EngineMaterials/Substrate/Glints2/dict_0001_0148.uasset" 4399
"../../../Engine/Content/EngineMaterials/Substrate/Glints2/dict_0001_0149.uasset" 4400
"../../../Engine/Content/EngineMaterials/Substrate/Glints2/dict_0001_0150.uasset" 4401
"../../../Engine/Content/EngineMaterials/Substrate/Glints2/dict_0001_0151.uasset" 4402
"../../../Engine/Content/EngineMaterials/Substrate/Glints2/dict_0001_0152.uasset" 4403
"../../../Engine/Content/EngineMaterials/Substrate/Glints2/dict_0001_0153.uasset" 4404
"../../../Engine/Content/EngineMaterials/Substrate/Glints2/dict_0001_0154.uasset" 4405
"../../../Engine/Content/EngineMaterials/Substrate/Glints2/dict_0001_0155.uasset" 4406
"../../../Engine/Content/EngineMaterials/Substrate/Glints2/dict_0001_0156.uasset" 4407
"../../../Engine/Content/EngineMaterials/Substrate/Glints2/dict_0001_0157.uasset" 4408
"../../../Engine/Content/EngineMaterials/Substrate/Glints2/dict_0001_0158.uasset" 4409
"../../../Engine/Content/EngineMaterials/Substrate/Glints2/dict_0001_0159.uasset" 4410
"../../../Engine/Content/EngineMaterials/Substrate/Glints2/dict_0001_0160.uasset" 4411
"../../../Engine/Content/EngineMaterials/Substrate/Glints2/dict_0001_0161.uasset" 4412
"../../../Engine/Content/EngineMaterials/Substrate/Glints2/dict_0001_0162.uasset" 4413
"../../../Engine/Content/EngineMaterials/Substrate/Glints2/dict_0001_0163.uasset" 4414
"../../../Engine/Content/EngineMaterials/Substrate/Glints2/dict_0001_0164.uasset" 4415
"../../../Engine/Content/EngineMaterials/Substrate/Glints2/dict_0001_0165.uasset" 4416
"../../../Engine/Content/EngineMaterials/Substrate/Glints2/dict_0001_0166.uasset" 4417
"../../../Engine/Content/EngineMaterials/Substrate/Glints2/dict_0001_0167.uasset" 4418
"../../../Engine/Content/EngineMaterials/Substrate/Glints2/dict_0001_0168.uasset" 4419
"../../../Engine/Content/EngineMaterials/Substrate/Glints2/dict_0001_0169.uasset" 4420
"../../../Engine/Content/EngineMaterials/Substrate/Glints2/dict_0001_0170.uasset" 4421
"../../../Engine/Content/EngineMaterials/Substrate/Glints2/dict_0001_0171.uasset" 4422
"../../../Engine/Content/EngineMaterials/Substrate/Glints2/dict_0001_0172.uasset" 4423
"../../../Engine/Content/EngineMaterials/Substrate/Glints2/dict_0001_0173.uasset" 4424
"../../../Engine/Content/EngineMaterials/Substrate/Glints2/dict_0001_0174.uasset" 4425
"../../../Engine/Content/EngineMaterials/Substrate/Glints2/dict_0001_0175.uasset" 4426
"../../../Engine/Content/EngineMaterials/Substrate/Glints2/dict_0001_0176.uasset" 4427
"../../../Engine/Content/EngineMaterials/Substrate/Glints2/dict_0001_0177.uasset" 4428
"../../../Engine/Content/EngineMaterials/Substrate/Glints2/dict_0001_0178.uasset" 4429
"../../../Engine/Content/EngineMaterials/Substrate/Glints2/dict_0001_0179.uasset" 4430
"../../../Engine/Content/EngineMaterials/Substrate/Glints2/dict_0001_0180.uasset" 4431
"../../../Engine/Content/EngineMaterials/Substrate/Glints2/dict_0001_0181.uasset" 4432
"../../../Engine/Content/EngineMaterials/Substrate/Glints2/dict_0001_0182.uasset" 4433
"../../../Engine/Content/EngineMaterials/Substrate/Glints2/dict_0001_0183.uasset" 4434
"../../../Engine/Content/EngineMaterials/Substrate/Glints2/dict_0001_0184.uasset" 4435
"../../../Engine/Content/EngineMaterials/Substrate/Glints2/dict_0001_0185.uasset" 4436
"../../../Engine/Content/EngineMaterials/Substrate/Glints2/dict_0001_0186.uasset" 4437
"../../../Engine/Content/EngineMaterials/Substrate/Glints2/dict_0001_0187.uasset" 4438
"../../../Engine/Content/EngineMaterials/Substrate/Glints2/dict_0001_0188.uasset" 4439
"../../../Engine/Content/EngineMaterials/Substrate/Glints2/dict_0001_0189.uasset" 4440
"../../../Engine/Content/EngineMaterials/Substrate/Glints2/dict_0001_0190.uasset" 4441
"../../../Engine/Content/EngineMaterials/Substrate/Glints2/dict_0001_0191.uasset" 4442
"../../../Engine/Content/EngineMaterials/Substrate/Glints2/dict_0001_0192.uasset" 4443
"../../../Engine/Content/EngineMaterials/Substrate/Glints2/dict_0001_0193.uasset" 4444
"../../../Engine/Content/EngineMaterials/Substrate/Glints2/dict_0001_0194.uasset" 4445
"../../../Engine/Content/EngineMaterials/Substrate/Glints2/dict_0001_0195.uasset" 4446
"../../../Engine/Content/EngineMaterials/Substrate/Glints2/dict_0001_0196.uasset" 4447
"../../../Engine/Content/EngineMaterials/Substrate/Glints2/dict_0001_0197.uasset" 4448
"../../../Engine/Content/EngineMaterials/Substrate/Glints2/dict_0001_0198.uasset" 4449
"../../../Engine/Content/EngineMaterials/Substrate/Glints2/dict_0001_0199.uasset" 4450
"../../../Engine/Content/EngineMaterials/Substrate/Glints2/dict_0001_0200.uasset" 4451
"../../../Engine/Content/EngineMaterials/Substrate/Glints2/dict_0001_0201.uasset" 4452
"../../../Engine/Content/EngineMaterials/Substrate/Glints2/dict_0001_0202.uasset" 4453
"../../../Engine/Content/EngineMaterials/Substrate/Glints2/dict_0001_0203.uasset" 4454
"../../../Engine/Content/EngineMaterials/Substrate/Glints2/dict_0001_0204.uasset" 4455
"../../../Engine/Content/EngineMaterials/Substrate/Glints2/dict_0001_0205.uasset" 4456
"../../../Engine/Content/EngineMaterials/Substrate/Glints2/dict_0001_0206.uasset" 4457
"../../../Engine/Content/EngineMaterials/Substrate/Glints2/dict_0001_0207.uasset" 4458
"../../../Engine/Content/EngineMaterials/Substrate/Glints2/dict_0001_0208.uasset" 4459
"../../../Engine/Content/EngineMaterials/Substrate/Glints2/dict_0001_0209.uasset" 4460
"../../../Engine/Content/EngineMaterials/Substrate/Glints2/dict_0001_0210.uasset" 4461
"../../../Engine/Content/EngineMaterials/Substrate/Glints2/dict_0001_0211.uasset" 4462
"../../../Engine/Content/EngineMaterials/Substrate/Glints2/dict_0001_0212.uasset" 4463
"../../../Engine/Content/EngineMaterials/Substrate/Glints2/dict_0001_0213.uasset" 4464
"../../../Engine/Content/EngineMaterials/Substrate/Glints2/dict_0001_0214.uasset" 4465
"../../../Engine/Content/EngineMaterials/Substrate/Glints2/dict_0001_0215.uasset" 4466
"../../../Engine/Content/EngineMaterials/Substrate/Glints2/dict_0001_0216.uasset" 4467
"../../../Engine/Content/EngineMaterials/Substrate/Glints2/dict_0001_0217.uasset" 4468
"../../../Engine/Content/EngineMaterials/Substrate/Glints2/dict_0001_0218.uasset" 4469
"../../../Engine/Content/EngineMaterials/Substrate/Glints2/dict_0001_0219.uasset" 4470
"../../../Engine/Content/EngineMaterials/Substrate/Glints2/dict_0001_0220.uasset" 4471
"../../../Engine/Content/EngineMaterials/Substrate/Glints2/dict_0001_0221.uasset" 4472
"../../../Engine/Content/EngineMaterials/Substrate/Glints2/dict_0001_0222.uasset" 4473
"../../../Engine/Content/EngineMaterials/Substrate/Glints2/dict_0001_0223.uasset" 4474
"../../../Engine/Content/EngineMaterials/Substrate/Glints2/dict_0001_0224.uasset" 4475
"../../../Engine/Content/EngineMaterials/Substrate/Glints2/dict_0001_0225.uasset" 4476
"../../../Engine/Content/EngineMaterials/Substrate/Glints2/dict_0001_0226.uasset" 4477
"../../../Engine/Content/EngineMaterials/Substrate/Glints2/dict_0001_0227.uasset" 4478
"../../../Engine/Content/EngineMaterials/Substrate/Glints2/dict_0001_0228.uasset" 4479
"../../../Engine/Content/EngineMaterials/Substrate/Glints2/dict_0001_0229.uasset" 4480
"../../../Engine/Content/EngineMaterials/Substrate/Glints2/dict_0001_0230.uasset" 4481
"../../../Engine/Content/EngineMaterials/Substrate/Glints2/dict_0001_0231.uasset" 4482
"../../../Engine/Content/EngineMaterials/Substrate/Glints2/dict_0001_0232.uasset" 4483
"../../../Engine/Content/EngineMaterials/Substrate/Glints2/dict_0001_0233.uasset" 4484
"../../../Engine/Content/EngineMaterials/Substrate/Glints2/dict_0001_0234.uasset" 4485
"../../../Engine/Content/EngineMaterials/Substrate/Glints2/dict_0001_0235.uasset" 4486
"../../../Engine/Content/EngineMaterials/Substrate/Glints2/dict_0001_0236.uasset" 4487
"../../../Engine/Content/EngineMaterials/Substrate/Glints2/dict_0001_0237.uasset" 4488
"../../../Engine/Content/EngineMaterials/Substrate/Glints2/dict_0001_0238.uasset" 4489
"../../../Engine/Content/EngineMaterials/Substrate/Glints2/dict_0001_0239.uasset" 4490
"../../../Engine/Content/EngineMaterials/Substrate/Glints2/dict_0001_0240.uasset" 4491
"../../../Engine/Content/EngineMaterials/Substrate/Glints2/dict_0001_0241.uasset" 4492
"../../../Engine/Content/EngineMaterials/Substrate/Glints2/dict_0001_0242.uasset" 4493
"../../../Engine/Content/EngineMaterials/Substrate/Glints2/dict_0001_0243.uasset" 4494
"../../../Engine/Content/EngineMaterials/Substrate/Glints2/dict_0001_0244.uasset" 4495
"../../../Engine/Content/EngineMaterials/Substrate/Glints2/dict_0001_0245.uasset" 4496
"../../../Engine/Content/EngineMaterials/Substrate/Glints2/dict_0001_0246.uasset" 4497
"../../../Engine/Content/EngineMaterials/Substrate/Glints2/dict_0001_0247.uasset" 4498
"../../../Engine/Content/EngineMaterials/Substrate/Glints2/dict_0001_0248.uasset" 4499
"../../../Engine/Content/EngineMaterials/Substrate/Glints2/dict_0001_0249.uasset" 4500
"../../../Engine/Content/EngineMaterials/Substrate/Glints2/dict_0001_0250.uasset" 4501
"../../../Engine/Content/EngineMaterials/Substrate/Glints2/dict_0001_0251.uasset" 4502
"../../../Engine/Content/EngineMaterials/Substrate/Glints2/dict_0001_0252.uasset" 4503
"../../../Engine/Content/EngineMaterials/Substrate/Glints2/dict_0001_0253.uasset" 4504
"../../../Engine/Content/EngineMaterials/Substrate/Glints2/dict_0001_0254.uasset" 4505
"../../../Engine/Content/EngineMaterials/Substrate/Glints2/dict_0001_0255.uasset" 4506
"../../../Engine/Content/EngineMaterials/Substrate/Glints2/dict_0002_0000.uasset" 4507
"../../../Engine/Content/EngineMaterials/Substrate/Glints2/dict_0002_0001.uasset" 4508
"../../../Engine/Content/EngineMaterials/Substrate/Glints2/dict_0002_0002.uasset" 4509
"../../../Engine/Content/EngineMaterials/Substrate/Glints2/dict_0002_0003.uasset" 4510
"../../../Engine/Content/EngineMaterials/Substrate/Glints2/dict_0002_0004.uasset" 4511
"../../../Engine/Content/EngineMaterials/Substrate/Glints2/dict_0002_0005.uasset" 4512
"../../../Engine/Content/EngineMaterials/Substrate/Glints2/dict_0002_0006.uasset" 4513
"../../../Engine/Content/EngineMaterials/Substrate/Glints2/dict_0002_0007.uasset" 4514
"../../../Engine/Content/EngineMaterials/Substrate/Glints2/dict_0002_0008.uasset" 4515
"../../../Engine/Content/EngineMaterials/Substrate/Glints2/dict_0002_0009.uasset" 4516
"../../../Engine/Content/EngineMaterials/Substrate/Glints2/dict_0002_0010.uasset" 4517
"../../../Engine/Content/EngineMaterials/Substrate/Glints2/dict_0002_0011.uasset" 4518
"../../../Engine/Content/EngineMaterials/Substrate/Glints2/dict_0002_0012.uasset" 4519
"../../../Engine/Content/EngineMaterials/Substrate/Glints2/dict_0002_0013.uasset" 4520
"../../../Engine/Content/EngineMaterials/Substrate/Glints2/dict_0002_0014.uasset" 4521
"../../../Engine/Content/EngineMaterials/Substrate/Glints2/dict_0002_0015.uasset" 4522
"../../../Engine/Content/EngineMaterials/Substrate/Glints2/dict_0002_0016.uasset" 4523
"../../../Engine/Content/EngineMaterials/Substrate/Glints2/dict_0002_0017.uasset" 4524
"../../../Engine/Content/EngineMaterials/Substrate/Glints2/dict_0002_0018.uasset" 4525
"../../../Engine/Content/EngineMaterials/Substrate/Glints2/dict_0002_0019.uasset" 4526
"../../../Engine/Content/EngineMaterials/Substrate/Glints2/dict_0002_0020.uasset" 4527
"../../../Engine/Content/EngineMaterials/Substrate/Glints2/dict_0002_0021.uasset" 4528
"../../../Engine/Content/EngineMaterials/Substrate/Glints2/dict_0002_0022.uasset" 4529
"../../../Engine/Content/EngineMaterials/Substrate/Glints2/dict_0002_0023.uasset" 4530
"../../../Engine/Content/EngineMaterials/Substrate/Glints2/dict_0002_0024.uasset" 4531
"../../../Engine/Content/EngineMaterials/Substrate/Glints2/dict_0002_0025.uasset" 4532
"../../../Engine/Content/EngineMaterials/Substrate/Glints2/dict_0002_0026.uasset" 4533
"../../../Engine/Content/EngineMaterials/Substrate/Glints2/dict_0002_0027.uasset" 4534
"../../../Engine/Content/EngineMaterials/Substrate/Glints2/dict_0002_0028.uasset" 4535
"../../../Engine/Content/EngineMaterials/Substrate/Glints2/dict_0002_0029.uasset" 4536
"../../../Engine/Content/EngineMaterials/Substrate/Glints2/dict_0002_0030.uasset" 4537
"../../../Engine/Content/EngineMaterials/Substrate/Glints2/dict_0002_0031.uasset" 4538
"../../../Engine/Content/EngineMaterials/Substrate/Glints2/dict_0002_0032.uasset" 4539
"../../../Engine/Content/EngineMaterials/Substrate/Glints2/dict_0002_0033.uasset" 4540
"../../../Engine/Content/EngineMaterials/Substrate/Glints2/dict_0002_0034.uasset" 4541
"../../../Engine/Content/EngineMaterials/Substrate/Glints2/dict_0002_0035.uasset" 4542
"../../../Engine/Content/EngineMaterials/Substrate/Glints2/dict_0002_0036.uasset" 4543
"../../../Engine/Content/EngineMaterials/Substrate/Glints2/dict_0002_0037.uasset" 4544
"../../../Engine/Content/EngineMaterials/Substrate/Glints2/dict_0002_0038.uasset" 4545
"../../../Engine/Content/EngineMaterials/Substrate/Glints2/dict_0002_0039.uasset" 4546
"../../../Engine/Content/EngineMaterials/Substrate/Glints2/dict_0002_0040.uasset" 4547
"../../../Engine/Content/EngineMaterials/Substrate/Glints2/dict_0002_0041.uasset" 4548
"../../../Engine/Content/EngineMaterials/Substrate/Glints2/dict_0002_0042.uasset" 4549
"../../../Engine/Content/EngineMaterials/Substrate/Glints2/dict_0002_0043.uasset" 4550
"../../../Engine/Content/EngineMaterials/Substrate/Glints2/dict_0002_0044.uasset" 4551
"../../../Engine/Content/EngineMaterials/Substrate/Glints2/dict_0002_0045.uasset" 4552
"../../../Engine/Content/EngineMaterials/Substrate/Glints2/dict_0002_0046.uasset" 4553
"../../../Engine/Content/EngineMaterials/Substrate/Glints2/dict_0002_0047.uasset" 4554
"../../../Engine/Content/EngineMaterials/Substrate/Glints2/dict_0002_0048.uasset" 4555
"../../../Engine/Content/EngineMaterials/Substrate/Glints2/dict_0002_0049.uasset" 4556
"../../../Engine/Content/EngineMaterials/Substrate/Glints2/dict_0002_0050.uasset" 4557
"../../../Engine/Content/EngineMaterials/Substrate/Glints2/dict_0002_0051.uasset" 4558
"../../../Engine/Content/EngineMaterials/Substrate/Glints2/dict_0002_0052.uasset" 4559
"../../../Engine/Content/EngineMaterials/Substrate/Glints2/dict_0002_0053.uasset" 4560
"../../../Engine/Content/EngineMaterials/Substrate/Glints2/dict_0002_0054.uasset" 4561
"../../../Engine/Content/EngineMaterials/Substrate/Glints2/dict_0002_0055.uasset" 4562
"../../../Engine/Content/EngineMaterials/Substrate/Glints2/dict_0002_0056.uasset" 4563
"../../../Engine/Content/EngineMaterials/Substrate/Glints2/dict_0002_0057.uasset" 4564
"../../../Engine/Content/EngineMaterials/Substrate/Glints2/dict_0002_0058.uasset" 4565
"../../../Engine/Content/EngineMaterials/Substrate/Glints2/dict_0002_0059.uasset" 4566
"../../../Engine/Content/EngineMaterials/Substrate/Glints2/dict_0002_0060.uasset" 4567
"../../../Engine/Content/EngineMaterials/Substrate/Glints2/dict_0002_0061.uasset" 4568
"../../../Engine/Content/EngineMaterials/Substrate/Glints2/dict_0002_0062.uasset" 4569
"../../../Engine/Content/EngineMaterials/Substrate/Glints2/dict_0002_0063.uasset" 4570
"../../../Engine/Content/EngineMaterials/Substrate/Glints2/dict_0002_0064.uasset" 4571
"../../../Engine/Content/EngineMaterials/Substrate/Glints2/dict_0002_0065.uasset" 4572
"../../../Engine/Content/EngineMaterials/Substrate/Glints2/dict_0002_0066.uasset" 4573
"../../../Engine/Content/EngineMaterials/Substrate/Glints2/dict_0002_0067.uasset" 4574
"../../../Engine/Content/EngineMaterials/Substrate/Glints2/dict_0002_0068.uasset" 4575
"../../../Engine/Content/EngineMaterials/Substrate/Glints2/dict_0002_0069.uasset" 4576
"../../../Engine/Content/EngineMaterials/Substrate/Glints2/dict_0002_0070.uasset" 4577
"../../../Engine/Content/EngineMaterials/Substrate/Glints2/dict_0002_0071.uasset" 4578
"../../../Engine/Content/EngineMaterials/Substrate/Glints2/dict_0002_0072.uasset" 4579
"../../../Engine/Content/EngineMaterials/Substrate/Glints2/dict_0002_0073.uasset" 4580
"../../../Engine/Content/EngineMaterials/Substrate/Glints2/dict_0002_0074.uasset" 4581
"../../../Engine/Content/EngineMaterials/Substrate/Glints2/dict_0002_0075.uasset" 4582
"../../../Engine/Content/EngineMaterials/Substrate/Glints2/dict_0002_0076.uasset" 4583
"../../../Engine/Content/EngineMaterials/Substrate/Glints2/dict_0002_0077.uasset" 4584
"../../../Engine/Content/EngineMaterials/Substrate/Glints2/dict_0002_0078.uasset" 4585
"../../../Engine/Content/EngineMaterials/Substrate/Glints2/dict_0002_0079.uasset" 4586
"../../../Engine/Content/EngineMaterials/Substrate/Glints2/dict_0002_0080.uasset" 4587
"../../../Engine/Content/EngineMaterials/Substrate/Glints2/dict_0002_0081.uasset" 4588
"../../../Engine/Content/EngineMaterials/Substrate/Glints2/dict_0002_0082.uasset" 4589
"../../../Engine/Content/EngineMaterials/Substrate/Glints2/dict_0002_0083.uasset" 4590
"../../../Engine/Content/EngineMaterials/Substrate/Glints2/dict_0002_0084.uasset" 4591
"../../../Engine/Content/EngineMaterials/Substrate/Glints2/dict_0002_0085.uasset" 4592
"../../../Engine/Content/EngineMaterials/Substrate/Glints2/dict_0002_0086.uasset" 4593
"../../../Engine/Content/EngineMaterials/Substrate/Glints2/dict_0002_0087.uasset" 4594
"../../../Engine/Content/EngineMaterials/Substrate/Glints2/dict_0002_0088.uasset" 4595
"../../../Engine/Content/EngineMaterials/Substrate/Glints2/dict_0002_0089.uasset" 4596
"../../../Engine/Content/EngineMaterials/Substrate/Glints2/dict_0002_0090.uasset" 4597
"../../../Engine/Content/EngineMaterials/Substrate/Glints2/dict_0002_0091.uasset" 4598
"../../../Engine/Content/EngineMaterials/Substrate/Glints2/dict_0002_0092.uasset" 4599
"../../../Engine/Content/EngineMaterials/Substrate/Glints2/dict_0002_0093.uasset" 4600
"../../../Engine/Content/EngineMaterials/Substrate/Glints2/dict_0002_0094.uasset" 4601
"../../../Engine/Content/EngineMaterials/Substrate/Glints2/dict_0002_0095.uasset" 4602
"../../../Engine/Content/EngineMaterials/Substrate/Glints2/dict_0002_0096.uasset" 4603
"../../../Engine/Content/EngineMaterials/Substrate/Glints2/dict_0002_0097.uasset" 4604
"../../../Engine/Content/EngineMaterials/Substrate/Glints2/dict_0002_0098.uasset" 4605
"../../../Engine/Content/EngineMaterials/Substrate/Glints2/dict_0002_0099.uasset" 4606
"../../../Engine/Content/EngineMaterials/Substrate/Glints2/dict_0002_0100.uasset" 4607
"../../../Engine/Content/EngineMaterials/Substrate/Glints2/dict_0002_0101.uasset" 4608
"../../../Engine/Content/EngineMaterials/Substrate/Glints2/dict_0002_0102.uasset" 4609
"../../../Engine/Content/EngineMaterials/Substrate/Glints2/dict_0002_0103.uasset" 4610
"../../../Engine/Content/EngineMaterials/Substrate/Glints2/dict_0002_0104.uasset" 4611
"../../../Engine/Content/EngineMaterials/Substrate/Glints2/dict_0002_0105.uasset" 4612
"../../../Engine/Content/EngineMaterials/Substrate/Glints2/dict_0002_0106.uasset" 4613
"../../../Engine/Content/EngineMaterials/Substrate/Glints2/dict_0002_0107.uasset" 4614
"../../../Engine/Content/EngineMaterials/Substrate/Glints2/dict_0002_0108.uasset" 4615
"../../../Engine/Content/EngineMaterials/Substrate/Glints2/dict_0002_0109.uasset" 4616
"../../../Engine/Content/EngineMaterials/Substrate/Glints2/dict_0002_0110.uasset" 4617
"../../../Engine/Content/EngineMaterials/Substrate/Glints2/dict_0002_0111.uasset" 4618
"../../../Engine/Content/EngineMaterials/Substrate/Glints2/dict_0002_0112.uasset" 4619
"../../../Engine/Content/EngineMaterials/Substrate/Glints2/dict_0002_0113.uasset" 4620
"../../../Engine/Content/EngineMaterials/Substrate/Glints2/dict_0002_0114.uasset" 4621
"../../../Engine/Content/EngineMaterials/Substrate/Glints2/dict_0002_0115.uasset" 4622
"../../../Engine/Content/EngineMaterials/Substrate/Glints2/dict_0002_0116.uasset" 4623
"../../../Engine/Content/EngineMaterials/Substrate/Glints2/dict_0002_0117.uasset" 4624
"../../../Engine/Content/EngineMaterials/Substrate/Glints2/dict_0002_0118.uasset" 4625
"../../../Engine/Content/EngineMaterials/Substrate/Glints2/dict_0002_0119.uasset" 4626
"../../../Engine/Content/EngineMaterials/Substrate/Glints2/dict_0002_0120.uasset" 4627
"../../../Engine/Content/EngineMaterials/Substrate/Glints2/dict_0002_0121.uasset" 4628
"../../../Engine/Content/EngineMaterials/Substrate/Glints2/dict_0002_0122.uasset" 4629
"../../../Engine/Content/EngineMaterials/Substrate/Glints2/dict_0002_0123.uasset" 4630
"../../../Engine/Content/EngineMaterials/Substrate/Glints2/dict_0002_0124.uasset" 4631
"../../../Engine/Content/EngineMaterials/Substrate/Glints2/dict_0002_0125.uasset" 4632
"../../../Engine/Content/EngineMaterials/Substrate/Glints2/dict_0002_0126.uasset" 4633
"../../../Engine/Content/EngineMaterials/Substrate/Glints2/dict_0002_0127.uasset" 4634
"../../../Engine/Content/EngineMaterials/Substrate/Glints2/dict_0002_0128.uasset" 4635
"../../../Engine/Content/EngineMaterials/Substrate/Glints2/dict_0002_0129.uasset" 4636
"../../../Engine/Content/EngineMaterials/Substrate/Glints2/dict_0002_0130.uasset" 4637
"../../../Engine/Content/EngineMaterials/Substrate/Glints2/dict_0002_0131.uasset" 4638
"../../../Engine/Content/EngineMaterials/Substrate/Glints2/dict_0002_0132.uasset" 4639
"../../../Engine/Content/EngineMaterials/Substrate/Glints2/dict_0002_0133.uasset" 4640
"../../../Engine/Content/EngineMaterials/Substrate/Glints2/dict_0002_0134.uasset" 4641
"../../../Engine/Content/EngineMaterials/Substrate/Glints2/dict_0002_0135.uasset" 4642
"../../../Engine/Content/EngineMaterials/Substrate/Glints2/dict_0002_0136.uasset" 4643
"../../../Engine/Content/EngineMaterials/Substrate/Glints2/dict_0002_0137.uasset" 4644
"../../../Engine/Content/EngineMaterials/Substrate/Glints2/dict_0002_0138.uasset" 4645
"../../../Engine/Content/EngineMaterials/Substrate/Glints2/dict_0002_0139.uasset" 4646
"../../../Engine/Content/EngineMaterials/Substrate/Glints2/dict_0002_0140.uasset" 4647
"../../../Engine/Content/EngineMaterials/Substrate/Glints2/dict_0002_0141.uasset" 4648
"../../../Engine/Content/EngineMaterials/Substrate/Glints2/dict_0002_0142.uasset" 4649
"../../../Engine/Content/EngineMaterials/Substrate/Glints2/dict_0002_0143.uasset" 4650
"../../../Engine/Content/EngineMaterials/Substrate/Glints2/dict_0002_0144.uasset" 4651
"../../../Engine/Content/EngineMaterials/Substrate/Glints2/dict_0002_0145.uasset" 4652
"../../../Engine/Content/EngineMaterials/Substrate/Glints2/dict_0002_0146.uasset" 4653
"../../../Engine/Content/EngineMaterials/Substrate/Glints2/dict_0002_0147.uasset" 4654
"../../../Engine/Content/EngineMaterials/Substrate/Glints2/dict_0002_0148.uasset" 4655
"../../../Engine/Content/EngineMaterials/Substrate/Glints2/dict_0002_0149.uasset" 4656
"../../../Engine/Content/EngineMaterials/Substrate/Glints2/dict_0002_0150.uasset" 4657
"../../../Engine/Content/EngineMaterials/Substrate/Glints2/dict_0002_0151.uasset" 4658
"../../../Engine/Content/EngineMaterials/Substrate/Glints2/dict_0002_0152.uasset" 4659
"../../../Engine/Content/EngineMaterials/Substrate/Glints2/dict_0002_0153.uasset" 4660
"../../../Engine/Content/EngineMaterials/Substrate/Glints2/dict_0002_0154.uasset" 4661
"../../../Engine/Content/EngineMaterials/Substrate/Glints2/dict_0002_0155.uasset" 4662
"../../../Engine/Content/EngineMaterials/Substrate/Glints2/dict_0002_0156.uasset" 4663
"../../../Engine/Content/EngineMaterials/Substrate/Glints2/dict_0002_0157.uasset" 4664
"../../../Engine/Content/EngineMaterials/Substrate/Glints2/dict_0002_0158.uasset" 4665
"../../../Engine/Content/EngineMaterials/Substrate/Glints2/dict_0002_0159.uasset" 4666
"../../../Engine/Content/EngineMaterials/Substrate/Glints2/dict_0002_0160.uasset" 4667
"../../../Engine/Content/EngineMaterials/Substrate/Glints2/dict_0002_0161.uasset" 4668
"../../../Engine/Content/EngineMaterials/Substrate/Glints2/dict_0002_0162.uasset" 4669
"../../../Engine/Content/EngineMaterials/Substrate/Glints2/dict_0002_0163.uasset" 4670
"../../../Engine/Content/EngineMaterials/Substrate/Glints2/dict_0002_0164.uasset" 4671
"../../../Engine/Content/EngineMaterials/Substrate/Glints2/dict_0002_0165.uasset" 4672
"../../../Engine/Content/EngineMaterials/Substrate/Glints2/dict_0002_0166.uasset" 4673
"../../../Engine/Content/EngineMaterials/Substrate/Glints2/dict_0002_0167.uasset" 4674
"../../../Engine/Content/EngineMaterials/Substrate/Glints2/dict_0002_0168.uasset" 4675
"../../../Engine/Content/EngineMaterials/Substrate/Glints2/dict_0002_0169.uasset" 4676
"../../../Engine/Content/EngineMaterials/Substrate/Glints2/dict_0002_0170.uasset" 4677
"../../../Engine/Content/EngineMaterials/Substrate/Glints2/dict_0002_0171.uasset" 4678
"../../../Engine/Content/EngineMaterials/Substrate/Glints2/dict_0002_0172.uasset" 4679
"../../../Engine/Content/EngineMaterials/Substrate/Glints2/dict_0002_0173.uasset" 4680
"../../../Engine/Content/EngineMaterials/Substrate/Glints2/dict_0002_0174.uasset" 4681
"../../../Engine/Content/EngineMaterials/Substrate/Glints2/dict_0002_0175.uasset" 4682
"../../../Engine/Content/EngineMaterials/Substrate/Glints2/dict_0002_0176.uasset" 4683
"../../../Engine/Content/EngineMaterials/Substrate/Glints2/dict_0002_0177.uasset" 4684
"../../../Engine/Content/EngineMaterials/Substrate/Glints2/dict_0002_0178.uasset" 4685
"../../../Engine/Content/EngineMaterials/Substrate/Glints2/dict_0002_0179.uasset" 4686
"../../../Engine/Content/EngineMaterials/Substrate/Glints2/dict_0002_0180.uasset" 4687
"../../../Engine/Content/EngineMaterials/Substrate/Glints2/dict_0002_0181.uasset" 4688
"../../../Engine/Content/EngineMaterials/Substrate/Glints2/dict_0002_0182.uasset" 4689
"../../../Engine/Content/EngineMaterials/Substrate/Glints2/dict_0002_0183.uasset" 4690
"../../../Engine/Content/EngineMaterials/Substrate/Glints2/dict_0002_0184.uasset" 4691
"../../../Engine/Content/EngineMaterials/Substrate/Glints2/dict_0002_0185.uasset" 4692
"../../../Engine/Content/EngineMaterials/Substrate/Glints2/dict_0002_0186.uasset" 4693
"../../../Engine/Content/EngineMaterials/Substrate/Glints2/dict_0002_0187.uasset" 4694
"../../../Engine/Content/EngineMaterials/Substrate/Glints2/dict_0002_0188.uasset" 4695
"../../../Engine/Content/EngineMaterials/Substrate/Glints2/dict_0002_0189.uasset" 4696
"../../../Engine/Content/EngineMaterials/Substrate/Glints2/dict_0002_0190.uasset" 4697
"../../../Engine/Content/EngineMaterials/Substrate/Glints2/dict_0002_0191.uasset" 4698
"../../../Engine/Content/EngineMaterials/Substrate/Glints2/dict_0002_0192.uasset" 4699
"../../../Engine/Content/EngineMaterials/Substrate/Glints2/dict_0002_0193.uasset" 4700
"../../../Engine/Content/EngineMaterials/Substrate/Glints2/dict_0002_0194.uasset" 4701
"../../../Engine/Content/EngineMaterials/Substrate/Glints2/dict_0002_0195.uasset" 4702
"../../../Engine/Content/EngineMaterials/Substrate/Glints2/dict_0002_0196.uasset" 4703
"../../../Engine/Content/EngineMaterials/Substrate/Glints2/dict_0002_0197.uasset" 4704
"../../../Engine/Content/EngineMaterials/Substrate/Glints2/dict_0002_0198.uasset" 4705
"../../../Engine/Content/EngineMaterials/Substrate/Glints2/dict_0002_0199.uasset" 4706
"../../../Engine/Content/EngineMaterials/Substrate/Glints2/dict_0002_0200.uasset" 4707
"../../../Engine/Content/EngineMaterials/Substrate/Glints2/dict_0002_0201.uasset" 4708
"../../../Engine/Content/EngineMaterials/Substrate/Glints2/dict_0002_0202.uasset" 4709
"../../../Engine/Content/EngineMaterials/Substrate/Glints2/dict_0002_0203.uasset" 4710
"../../../Engine/Content/EngineMaterials/Substrate/Glints2/dict_0002_0204.uasset" 4711
"../../../Engine/Content/EngineMaterials/Substrate/Glints2/dict_0002_0205.uasset" 4712
"../../../Engine/Content/EngineMaterials/Substrate/Glints2/dict_0002_0206.uasset" 4713
"../../../Engine/Content/EngineMaterials/Substrate/Glints2/dict_0002_0207.uasset" 4714
"../../../Engine/Content/EngineMaterials/Substrate/Glints2/dict_0002_0208.uasset" 4715
"../../../Engine/Content/EngineMaterials/Substrate/Glints2/dict_0002_0209.uasset" 4716
"../../../Engine/Content/EngineMaterials/Substrate/Glints2/dict_0002_0210.uasset" 4717
"../../../Engine/Content/EngineMaterials/Substrate/Glints2/dict_0002_0211.uasset" 4718
"../../../Engine/Content/EngineMaterials/Substrate/Glints2/dict_0002_0212.uasset" 4719
"../../../Engine/Content/EngineMaterials/Substrate/Glints2/dict_0002_0213.uasset" 4720
"../../../Engine/Content/EngineMaterials/Substrate/Glints2/dict_0002_0214.uasset" 4721
"../../../Engine/Content/EngineMaterials/Substrate/Glints2/dict_0002_0215.uasset" 4722
"../../../Engine/Content/EngineMaterials/Substrate/Glints2/dict_0002_0216.uasset" 4723
"../../../Engine/Content/EngineMaterials/Substrate/Glints2/dict_0002_0217.uasset" 4724
"../../../Engine/Content/EngineMaterials/Substrate/Glints2/dict_0002_0218.uasset" 4725
"../../../Engine/Content/EngineMaterials/Substrate/Glints2/dict_0002_0219.uasset" 4726
"../../../Engine/Content/EngineMaterials/Substrate/Glints2/dict_0002_0220.uasset" 4727
"../../../Engine/Content/EngineMaterials/Substrate/Glints2/dict_0002_0221.uasset" 4728
"../../../Engine/Content/EngineMaterials/Substrate/Glints2/dict_0002_0222.uasset" 4729
"../../../Engine/Content/EngineMaterials/Substrate/Glints2/dict_0002_0223.uasset" 4730
"../../../Engine/Content/EngineMaterials/Substrate/Glints2/dict_0002_0224.uasset" 4731
"../../../Engine/Content/EngineMaterials/Substrate/Glints2/dict_0002_0225.uasset" 4732
"../../../Engine/Content/EngineMaterials/Substrate/Glints2/dict_0002_0226.uasset" 4733
"../../../Engine/Content/EngineMaterials/Substrate/Glints2/dict_0002_0227.uasset" 4734
"../../../Engine/Content/EngineMaterials/Substrate/Glints2/dict_0002_0228.uasset" 4735
"../../../Engine/Content/EngineMaterials/Substrate/Glints2/dict_0002_0229.uasset" 4736
"../../../Engine/Content/EngineMaterials/Substrate/Glints2/dict_0002_0230.uasset" 4737
"../../../Engine/Content/EngineMaterials/Substrate/Glints2/dict_0002_0231.uasset" 4738
"../../../Engine/Content/EngineMaterials/Substrate/Glints2/dict_0002_0232.uasset" 4739
"../../../Engine/Content/EngineMaterials/Substrate/Glints2/dict_0002_0233.uasset" 4740
"../../../Engine/Content/EngineMaterials/Substrate/Glints2/dict_0002_0234.uasset" 4741
"../../../Engine/Content/EngineMaterials/Substrate/Glints2/dict_0002_0235.uasset" 4742
"../../../Engine/Content/EngineMaterials/Substrate/Glints2/dict_0002_0236.uasset" 4743
"../../../Engine/Content/EngineMaterials/Substrate/Glints2/dict_0002_0237.uasset" 4744
"../../../Engine/Content/EngineMaterials/Substrate/Glints2/dict_0002_0238.uasset" 4745
"../../../Engine/Content/EngineMaterials/Substrate/Glints2/dict_0002_0239.uasset" 4746
"../../../Engine/Content/EngineMaterials/Substrate/Glints2/dict_0002_0240.uasset" 4747
"../../../Engine/Content/EngineMaterials/Substrate/Glints2/dict_0002_0241.uasset" 4748
"../../../Engine/Content/EngineMaterials/Substrate/Glints2/dict_0002_0242.uasset" 4749
"../../../Engine/Content/EngineMaterials/Substrate/Glints2/dict_0002_0243.uasset" 4750
"../../../Engine/Content/EngineMaterials/Substrate/Glints2/dict_0002_0244.uasset" 4751
"../../../Engine/Content/EngineMaterials/Substrate/Glints2/dict_0002_0245.uasset" 4752
"../../../Engine/Content/EngineMaterials/Substrate/Glints2/dict_0002_0246.uasset" 4753
"../../../Engine/Content/EngineMaterials/Substrate/Glints2/dict_0002_0247.uasset" 4754
"../../../Engine/Content/EngineMaterials/Substrate/Glints2/dict_0002_0248.uasset" 4755
"../../../Engine/Content/EngineMaterials/Substrate/Glints2/dict_0002_0249.uasset" 4756
"../../../Engine/Content/EngineMaterials/Substrate/Glints2/dict_0002_0250.uasset" 4757
"../../../Engine/Content/EngineMaterials/Substrate/Glints2/dict_0002_0251.uasset" 4758
"../../../Engine/Content/EngineMaterials/Substrate/Glints2/dict_0002_0252.uasset" 4759
"../../../Engine/Content/EngineMaterials/Substrate/Glints2/dict_0002_0253.uasset" 4760
"../../../Engine/Content/EngineMaterials/Substrate/Glints2/dict_0002_0254.uasset" 4761
"../../../Engine/Content/EngineMaterials/Substrate/Glints2/dict_0002_0255.uasset" 4762
"../../../Engine/Content/EngineMaterials/Substrate/Glints2/dict_0003_0000.uasset" 4763
"../../../Engine/Content/EngineMaterials/Substrate/Glints2/dict_0003_0001.uasset" 4764
"../../../Engine/Content/EngineMaterials/Substrate/Glints2/dict_0003_0002.uasset" 4765
"../../../Engine/Content/EngineMaterials/Substrate/Glints2/dict_0003_0003.uasset" 4766
"../../../Engine/Content/EngineMaterials/Substrate/Glints2/dict_0003_0004.uasset" 4767
"../../../Engine/Content/EngineMaterials/Substrate/Glints2/dict_0003_0005.uasset" 4768
"../../../Engine/Content/EngineMaterials/Substrate/Glints2/dict_0003_0006.uasset" 4769
"../../../Engine/Content/EngineMaterials/Substrate/Glints2/dict_0003_0007.uasset" 4770
"../../../Engine/Content/EngineMaterials/Substrate/Glints2/dict_0003_0008.uasset" 4771
"../../../Engine/Content/EngineMaterials/Substrate/Glints2/dict_0003_0009.uasset" 4772
"../../../Engine/Content/EngineMaterials/Substrate/Glints2/dict_0003_0010.uasset" 4773
"../../../Engine/Content/EngineMaterials/Substrate/Glints2/dict_0003_0011.uasset" 4774
"../../../Engine/Content/EngineMaterials/Substrate/Glints2/dict_0003_0012.uasset" 4775
"../../../Engine/Content/EngineMaterials/Substrate/Glints2/dict_0003_0013.uasset" 4776
"../../../Engine/Content/EngineMaterials/Substrate/Glints2/dict_0003_0014.uasset" 4777
"../../../Engine/Content/EngineMaterials/Substrate/Glints2/dict_0003_0015.uasset" 4778
"../../../Engine/Content/EngineMaterials/Substrate/Glints2/dict_0003_0016.uasset" 4779
"../../../Engine/Content/EngineMaterials/Substrate/Glints2/dict_0003_0017.uasset" 4780
"../../../Engine/Content/EngineMaterials/Substrate/Glints2/dict_0003_0018.uasset" 4781
"../../../Engine/Content/EngineMaterials/Substrate/Glints2/dict_0003_0019.uasset" 4782
"../../../Engine/Content/EngineMaterials/Substrate/Glints2/dict_0003_0020.uasset" 4783
"../../../Engine/Content/EngineMaterials/Substrate/Glints2/dict_0003_0021.uasset" 4784
"../../../Engine/Content/EngineMaterials/Substrate/Glints2/dict_0003_0022.uasset" 4785
"../../../Engine/Content/EngineMaterials/Substrate/Glints2/dict_0003_0023.uasset" 4786
"../../../Engine/Content/EngineMaterials/Substrate/Glints2/dict_0003_0024.uasset" 4787
"../../../Engine/Content/EngineMaterials/Substrate/Glints2/dict_0003_0025.uasset" 4788
"../../../Engine/Content/EngineMaterials/Substrate/Glints2/dict_0003_0026.uasset" 4789
"../../../Engine/Content/EngineMaterials/Substrate/Glints2/dict_0003_0027.uasset" 4790
"../../../Engine/Content/EngineMaterials/Substrate/Glints2/dict_0003_0028.uasset" 4791
"../../../Engine/Content/EngineMaterials/Substrate/Glints2/dict_0003_0029.uasset" 4792
"../../../Engine/Content/EngineMaterials/Substrate/Glints2/dict_0003_0030.uasset" 4793
"../../../Engine/Content/EngineMaterials/Substrate/Glints2/dict_0003_0031.uasset" 4794
"../../../Engine/Content/EngineMaterials/Substrate/Glints2/dict_0003_0032.uasset" 4795
"../../../Engine/Content/EngineMaterials/Substrate/Glints2/dict_0003_0033.uasset" 4796
"../../../Engine/Content/EngineMaterials/Substrate/Glints2/dict_0003_0034.uasset" 4797
"../../../Engine/Content/EngineMaterials/Substrate/Glints2/dict_0003_0035.uasset" 4798
"../../../Engine/Content/EngineMaterials/Substrate/Glints2/dict_0003_0036.uasset" 4799
"../../../Engine/Content/EngineMaterials/Substrate/Glints2/dict_0003_0037.uasset" 4800
"../../../Engine/Content/EngineMaterials/Substrate/Glints2/dict_0003_0038.uasset" 4801
"../../../Engine/Content/EngineMaterials/Substrate/Glints2/dict_0003_0039.uasset" 4802
"../../../Engine/Content/EngineMaterials/Substrate/Glints2/dict_0003_0040.uasset" 4803
"../../../Engine/Content/EngineMaterials/Substrate/Glints2/dict_0003_0041.uasset" 4804
"../../../Engine/Content/EngineMaterials/Substrate/Glints2/dict_0003_0042.uasset" 4805
"../../../Engine/Content/EngineMaterials/Substrate/Glints2/dict_0003_0043.uasset" 4806
"../../../Engine/Content/EngineMaterials/Substrate/Glints2/dict_0003_0044.uasset" 4807
"../../../Engine/Content/EngineMaterials/Substrate/Glints2/dict_0003_0045.uasset" 4808
"../../../Engine/Content/EngineMaterials/Substrate/Glints2/dict_0003_0046.uasset" 4809
"../../../Engine/Content/EngineMaterials/Substrate/Glints2/dict_0003_0047.uasset" 4810
"../../../Engine/Content/EngineMaterials/Substrate/Glints2/dict_0003_0048.uasset" 4811
"../../../Engine/Content/EngineMaterials/Substrate/Glints2/dict_0003_0049.uasset" 4812
"../../../Engine/Content/EngineMaterials/Substrate/Glints2/dict_0003_0050.uasset" 4813
"../../../Engine/Content/EngineMaterials/Substrate/Glints2/dict_0003_0051.uasset" 4814
"../../../Engine/Content/EngineMaterials/Substrate/Glints2/dict_0003_0052.uasset" 4815
"../../../Engine/Content/EngineMaterials/Substrate/Glints2/dict_0003_0053.uasset" 4816
"../../../Engine/Content/EngineMaterials/Substrate/Glints2/dict_0003_0054.uasset" 4817
"../../../Engine/Content/EngineMaterials/Substrate/Glints2/dict_0003_0055.uasset" 4818
"../../../Engine/Content/EngineMaterials/Substrate/Glints2/dict_0003_0056.uasset" 4819
"../../../Engine/Content/EngineMaterials/Substrate/Glints2/dict_0003_0057.uasset" 4820
"../../../Engine/Content/EngineMaterials/Substrate/Glints2/dict_0003_0058.uasset" 4821
"../../../Engine/Content/EngineMaterials/Substrate/Glints2/dict_0003_0059.uasset" 4822
"../../../Engine/Content/EngineMaterials/Substrate/Glints2/dict_0003_0060.uasset" 4823
"../../../Engine/Content/EngineMaterials/Substrate/Glints2/dict_0003_0061.uasset" 4824
"../../../Engine/Content/EngineMaterials/Substrate/Glints2/dict_0003_0062.uasset" 4825
"../../../Engine/Content/EngineMaterials/Substrate/Glints2/dict_0003_0063.uasset" 4826
"../../../Engine/Content/EngineMaterials/Substrate/Glints2/dict_0003_0064.uasset" 4827
"../../../Engine/Content/EngineMaterials/Substrate/Glints2/dict_0003_0065.uasset" 4828
"../../../Engine/Content/EngineMaterials/Substrate/Glints2/dict_0003_0066.uasset" 4829
"../../../Engine/Content/EngineMaterials/Substrate/Glints2/dict_0003_0067.uasset" 4830
"../../../Engine/Content/EngineMaterials/Substrate/Glints2/dict_0003_0068.uasset" 4831
"../../../Engine/Content/EngineMaterials/Substrate/Glints2/dict_0003_0069.uasset" 4832
"../../../Engine/Content/EngineMaterials/Substrate/Glints2/dict_0003_0070.uasset" 4833
"../../../Engine/Content/EngineMaterials/Substrate/Glints2/dict_0003_0071.uasset" 4834
"../../../Engine/Content/EngineMaterials/Substrate/Glints2/dict_0003_0072.uasset" 4835
"../../../Engine/Content/EngineMaterials/Substrate/Glints2/dict_0003_0073.uasset" 4836
"../../../Engine/Content/EngineMaterials/Substrate/Glints2/dict_0003_0074.uasset" 4837
"../../../Engine/Content/EngineMaterials/Substrate/Glints2/dict_0003_0075.uasset" 4838
"../../../Engine/Content/EngineMaterials/Substrate/Glints2/dict_0003_0076.uasset" 4839
"../../../Engine/Content/EngineMaterials/Substrate/Glints2/dict_0003_0077.uasset" 4840
"../../../Engine/Content/EngineMaterials/Substrate/Glints2/dict_0003_0078.uasset" 4841
"../../../Engine/Content/EngineMaterials/Substrate/Glints2/dict_0003_0079.uasset" 4842
"../../../Engine/Content/EngineMaterials/Substrate/Glints2/dict_0003_0080.uasset" 4843
"../../../Engine/Content/EngineMaterials/Substrate/Glints2/dict_0003_0081.uasset" 4844
"../../../Engine/Content/EngineMaterials/Substrate/Glints2/dict_0003_0082.uasset" 4845
"../../../Engine/Content/EngineMaterials/Substrate/Glints2/dict_0003_0083.uasset" 4846
"../../../Engine/Content/EngineMaterials/Substrate/Glints2/dict_0003_0084.uasset" 4847
"../../../Engine/Content/EngineMaterials/Substrate/Glints2/dict_0003_0085.uasset" 4848
"../../../Engine/Content/EngineMaterials/Substrate/Glints2/dict_0003_0086.uasset" 4849
"../../../Engine/Content/EngineMaterials/Substrate/Glints2/dict_0003_0087.uasset" 4850
"../../../Engine/Content/EngineMaterials/Substrate/Glints2/dict_0003_0088.uasset" 4851
"../../../Engine/Content/EngineMaterials/Substrate/Glints2/dict_0003_0089.uasset" 4852
"../../../Engine/Content/EngineMaterials/Substrate/Glints2/dict_0003_0090.uasset" 4853
"../../../Engine/Content/EngineMaterials/Substrate/Glints2/dict_0003_0091.uasset" 4854
"../../../Engine/Content/EngineMaterials/Substrate/Glints2/dict_0003_0092.uasset" 4855
"../../../Engine/Content/EngineMaterials/Substrate/Glints2/dict_0003_0093.uasset" 4856
"../../../Engine/Content/EngineMaterials/Substrate/Glints2/dict_0003_0094.uasset" 4857
"../../../Engine/Content/EngineMaterials/Substrate/Glints2/dict_0003_0095.uasset" 4858
"../../../Engine/Content/EngineMaterials/Substrate/Glints2/dict_0003_0096.uasset" 4859
"../../../Engine/Content/EngineMaterials/Substrate/Glints2/dict_0003_0097.uasset" 4860
"../../../Engine/Content/EngineMaterials/Substrate/Glints2/dict_0003_0098.uasset" 4861
"../../../Engine/Content/EngineMaterials/Substrate/Glints2/dict_0003_0099.uasset" 4862
"../../../Engine/Content/EngineMaterials/Substrate/Glints2/dict_0003_0100.uasset" 4863
"../../../Engine/Content/EngineMaterials/Substrate/Glints2/dict_0003_0101.uasset" 4864
"../../../Engine/Content/EngineMaterials/Substrate/Glints2/dict_0003_0102.uasset" 4865
"../../../Engine/Content/EngineMaterials/Substrate/Glints2/dict_0003_0103.uasset" 4866
"../../../Engine/Content/EngineMaterials/Substrate/Glints2/dict_0003_0104.uasset" 4867
"../../../Engine/Content/EngineMaterials/Substrate/Glints2/dict_0003_0105.uasset" 4868
"../../../Engine/Content/EngineMaterials/Substrate/Glints2/dict_0003_0106.uasset" 4869
"../../../Engine/Content/EngineMaterials/Substrate/Glints2/dict_0003_0107.uasset" 4870
"../../../Engine/Content/EngineMaterials/Substrate/Glints2/dict_0003_0108.uasset" 4871
"../../../Engine/Content/EngineMaterials/Substrate/Glints2/dict_0003_0109.uasset" 4872
"../../../Engine/Content/EngineMaterials/Substrate/Glints2/dict_0003_0110.uasset" 4873
"../../../Engine/Content/EngineMaterials/Substrate/Glints2/dict_0003_0111.uasset" 4874
"../../../Engine/Content/EngineMaterials/Substrate/Glints2/dict_0003_0112.uasset" 4875
"../../../Engine/Content/EngineMaterials/Substrate/Glints2/dict_0003_0113.uasset" 4876
"../../../Engine/Content/EngineMaterials/Substrate/Glints2/dict_0003_0114.uasset" 4877
"../../../Engine/Content/EngineMaterials/Substrate/Glints2/dict_0003_0115.uasset" 4878
"../../../Engine/Content/EngineMaterials/Substrate/Glints2/dict_0003_0116.uasset" 4879
"../../../Engine/Content/EngineMaterials/Substrate/Glints2/dict_0003_0117.uasset" 4880
"../../../Engine/Content/EngineMaterials/Substrate/Glints2/dict_0003_0118.uasset" 4881
"../../../Engine/Content/EngineMaterials/Substrate/Glints2/dict_0003_0119.uasset" 4882
"../../../Engine/Content/EngineMaterials/Substrate/Glints2/dict_0003_0120.uasset" 4883
"../../../Engine/Content/EngineMaterials/Substrate/Glints2/dict_0003_0121.uasset" 4884
"../../../Engine/Content/EngineMaterials/Substrate/Glints2/dict_0003_0122.uasset" 4885
"../../../Engine/Content/EngineMaterials/Substrate/Glints2/dict_0003_0123.uasset" 4886
"../../../Engine/Content/EngineMaterials/Substrate/Glints2/dict_0003_0124.uasset" 4887
"../../../Engine/Content/EngineMaterials/Substrate/Glints2/dict_0003_0125.uasset" 4888
"../../../Engine/Content/EngineMaterials/Substrate/Glints2/dict_0003_0126.uasset" 4889
"../../../Engine/Content/EngineMaterials/Substrate/Glints2/dict_0003_0127.uasset" 4890
"../../../Engine/Content/EngineMaterials/Substrate/Glints2/dict_0003_0128.uasset" 4891
"../../../Engine/Content/EngineMaterials/Substrate/Glints2/dict_0003_0129.uasset" 4892
"../../../Engine/Content/EngineMaterials/Substrate/Glints2/dict_0003_0130.uasset" 4893
"../../../Engine/Content/EngineMaterials/Substrate/Glints2/dict_0003_0131.uasset" 4894
"../../../Engine/Content/EngineMaterials/Substrate/Glints2/dict_0003_0132.uasset" 4895
"../../../Engine/Content/EngineMaterials/Substrate/Glints2/dict_0003_0133.uasset" 4896
"../../../Engine/Content/EngineMaterials/Substrate/Glints2/dict_0003_0134.uasset" 4897
"../../../Engine/Content/EngineMaterials/Substrate/Glints2/dict_0003_0135.uasset" 4898
"../../../Engine/Content/EngineMaterials/Substrate/Glints2/dict_0003_0136.uasset" 4899
"../../../Engine/Content/EngineMaterials/Substrate/Glints2/dict_0003_0137.uasset" 4900
"../../../Engine/Content/EngineMaterials/Substrate/Glints2/dict_0003_0138.uasset" 4901
"../../../Engine/Content/EngineMaterials/Substrate/Glints2/dict_0003_0139.uasset" 4902
"../../../Engine/Content/EngineMaterials/Substrate/Glints2/dict_0003_0140.uasset" 4903
"../../../Engine/Content/EngineMaterials/Substrate/Glints2/dict_0003_0141.uasset" 4904
"../../../Engine/Content/EngineMaterials/Substrate/Glints2/dict_0003_0142.uasset" 4905
"../../../Engine/Content/EngineMaterials/Substrate/Glints2/dict_0003_0143.uasset" 4906
"../../../Engine/Content/EngineMaterials/Substrate/Glints2/dict_0003_0144.uasset" 4907
"../../../Engine/Content/EngineMaterials/Substrate/Glints2/dict_0003_0145.uasset" 4908
"../../../Engine/Content/EngineMaterials/Substrate/Glints2/dict_0003_0146.uasset" 4909
"../../../Engine/Content/EngineMaterials/Substrate/Glints2/dict_0003_0147.uasset" 4910
"../../../Engine/Content/EngineMaterials/Substrate/Glints2/dict_0003_0148.uasset" 4911
"../../../Engine/Content/EngineMaterials/Substrate/Glints2/dict_0003_0149.uasset" 4912
"../../../Engine/Content/EngineMaterials/Substrate/Glints2/dict_0003_0150.uasset" 4913
"../../../Engine/Content/EngineMaterials/Substrate/Glints2/dict_0003_0151.uasset" 4914
"../../../Engine/Content/EngineMaterials/Substrate/Glints2/dict_0003_0152.uasset" 4915
"../../../Engine/Content/EngineMaterials/Substrate/Glints2/dict_0003_0153.uasset" 4916
"../../../Engine/Content/EngineMaterials/Substrate/Glints2/dict_0003_0154.uasset" 4917
"../../../Engine/Content/EngineMaterials/Substrate/Glints2/dict_0003_0155.uasset" 4918
"../../../Engine/Content/EngineMaterials/Substrate/Glints2/dict_0003_0156.uasset" 4919
"../../../Engine/Content/EngineMaterials/Substrate/Glints2/dict_0003_0157.uasset" 4920
"../../../Engine/Content/EngineMaterials/Substrate/Glints2/dict_0003_0158.uasset" 4921
"../../../Engine/Content/EngineMaterials/Substrate/Glints2/dict_0003_0159.uasset" 4922
"../../../Engine/Content/EngineMaterials/Substrate/Glints2/dict_0003_0160.uasset" 4923
"../../../Engine/Content/EngineMaterials/Substrate/Glints2/dict_0003_0161.uasset" 4924
"../../../Engine/Content/EngineMaterials/Substrate/Glints2/dict_0003_0162.uasset" 4925
"../../../Engine/Content/EngineMaterials/Substrate/Glints2/dict_0003_0163.uasset" 4926
"../../../Engine/Content/EngineMaterials/Substrate/Glints2/dict_0003_0164.uasset" 4927
"../../../Engine/Content/EngineMaterials/Substrate/Glints2/dict_0003_0165.uasset" 4928
"../../../Engine/Content/EngineMaterials/Substrate/Glints2/dict_0003_0166.uasset" 4929
"../../../Engine/Content/EngineMaterials/Substrate/Glints2/dict_0003_0167.uasset" 4930
"../../../Engine/Content/EngineMaterials/Substrate/Glints2/dict_0003_0168.uasset" 4931
"../../../Engine/Content/EngineMaterials/Substrate/Glints2/dict_0003_0169.uasset" 4932
"../../../Engine/Content/EngineMaterials/Substrate/Glints2/dict_0003_0170.uasset" 4933
"../../../Engine/Content/EngineMaterials/Substrate/Glints2/dict_0003_0171.uasset" 4934
"../../../Engine/Content/EngineMaterials/Substrate/Glints2/dict_0003_0172.uasset" 4935
"../../../Engine/Content/EngineMaterials/Substrate/Glints2/dict_0003_0173.uasset" 4936
"../../../Engine/Content/EngineMaterials/Substrate/Glints2/dict_0003_0174.uasset" 4937
"../../../Engine/Content/EngineMaterials/Substrate/Glints2/dict_0003_0175.uasset" 4938
"../../../Engine/Content/EngineMaterials/Substrate/Glints2/dict_0003_0176.uasset" 4939
"../../../Engine/Content/EngineMaterials/Substrate/Glints2/dict_0003_0177.uasset" 4940
"../../../Engine/Content/EngineMaterials/Substrate/Glints2/dict_0003_0178.uasset" 4941
"../../../Engine/Content/EngineMaterials/Substrate/Glints2/dict_0003_0179.uasset" 4942
"../../../Engine/Content/EngineMaterials/Substrate/Glints2/dict_0003_0180.uasset" 4943
"../../../Engine/Content/EngineMaterials/Substrate/Glints2/dict_0003_0181.uasset" 4944
"../../../Engine/Content/EngineMaterials/Substrate/Glints2/dict_0003_0182.uasset" 4945
"../../../Engine/Content/EngineMaterials/Substrate/Glints2/dict_0003_0183.uasset" 4946
"../../../Engine/Content/EngineMaterials/Substrate/Glints2/dict_0003_0184.uasset" 4947
"../../../Engine/Content/EngineMaterials/Substrate/Glints2/dict_0003_0185.uasset" 4948
"../../../Engine/Content/EngineMaterials/Substrate/Glints2/dict_0003_0186.uasset" 4949
"../../../Engine/Content/EngineMaterials/Substrate/Glints2/dict_0003_0187.uasset" 4950
"../../../Engine/Content/EngineMaterials/Substrate/Glints2/dict_0003_0188.uasset" 4951
"../../../Engine/Content/EngineMaterials/Substrate/Glints2/dict_0003_0189.uasset" 4952
"../../../Engine/Content/EngineMaterials/Substrate/Glints2/dict_0003_0190.uasset" 4953
"../../../Engine/Content/EngineMaterials/Substrate/Glints2/dict_0003_0191.uasset" 4954
"../../../Engine/Content/EngineMaterials/Substrate/Glints2/dict_0003_0192.uasset" 4955
"../../../Engine/Content/EngineMaterials/Substrate/Glints2/dict_0003_0193.uasset" 4956
"../../../Engine/Content/EngineMaterials/Substrate/Glints2/dict_0003_0194.uasset" 4957
"../../../Engine/Content/EngineMaterials/Substrate/Glints2/dict_0003_0195.uasset" 4958
"../../../Engine/Content/EngineMaterials/Substrate/Glints2/dict_0003_0196.uasset" 4959
"../../../Engine/Content/EngineMaterials/Substrate/Glints2/dict_0003_0197.uasset" 4960
"../../../Engine/Content/EngineMaterials/Substrate/Glints2/dict_0003_0198.uasset" 4961
"../../../Engine/Content/EngineMaterials/Substrate/Glints2/dict_0003_0199.uasset" 4962
"../../../Engine/Content/EngineMaterials/Substrate/Glints2/dict_0003_0200.uasset" 4963
"../../../Engine/Content/EngineMaterials/Substrate/Glints2/dict_0003_0201.uasset" 4964
"../../../Engine/Content/EngineMaterials/Substrate/Glints2/dict_0003_0202.uasset" 4965
"../../../Engine/Content/EngineMaterials/Substrate/Glints2/dict_0003_0203.uasset" 4966
"../../../Engine/Content/EngineMaterials/Substrate/Glints2/dict_0003_0204.uasset" 4967
"../../../Engine/Content/EngineMaterials/Substrate/Glints2/dict_0003_0205.uasset" 4968
"../../../Engine/Content/EngineMaterials/Substrate/Glints2/dict_0003_0206.uasset" 4969
"../../../Engine/Content/EngineMaterials/Substrate/Glints2/dict_0003_0207.uasset" 4970
"../../../Engine/Content/EngineMaterials/Substrate/Glints2/dict_0003_0208.uasset" 4971
"../../../Engine/Content/EngineMaterials/Substrate/Glints2/dict_0003_0209.uasset" 4972
"../../../Engine/Content/EngineMaterials/Substrate/Glints2/dict_0003_0210.uasset" 4973
"../../../Engine/Content/EngineMaterials/Substrate/Glints2/dict_0003_0211.uasset" 4974
"../../../Engine/Content/EngineMaterials/Substrate/Glints2/dict_0003_0212.uasset" 4975
"../../../Engine/Content/EngineMaterials/Substrate/Glints2/dict_0003_0213.uasset" 4976
"../../../Engine/Content/EngineMaterials/Substrate/Glints2/dict_0003_0214.uasset" 4977
"../../../Engine/Content/EngineMaterials/Substrate/Glints2/dict_0003_0215.uasset" 4978
"../../../Engine/Content/EngineMaterials/Substrate/Glints2/dict_0003_0216.uasset" 4979
"../../../Engine/Content/EngineMaterials/Substrate/Glints2/dict_0003_0217.uasset" 4980
"../../../Engine/Content/EngineMaterials/Substrate/Glints2/dict_0003_0218.uasset" 4981
"../../../Engine/Content/EngineMaterials/Substrate/Glints2/dict_0003_0219.uasset" 4982
"../../../Engine/Content/EngineMaterials/Substrate/Glints2/dict_0003_0220.uasset" 4983
"../../../Engine/Content/EngineMaterials/Substrate/Glints2/dict_0003_0221.uasset" 4984
"../../../Engine/Content/EngineMaterials/Substrate/Glints2/dict_0003_0222.uasset" 4985
"../../../Engine/Content/EngineMaterials/Substrate/Glints2/dict_0003_0223.uasset" 4986
"../../../Engine/Content/EngineMaterials/Substrate/Glints2/dict_0003_0224.uasset" 4987
"../../../Engine/Content/EngineMaterials/Substrate/Glints2/dict_0003_0225.uasset" 4988
"../../../Engine/Content/EngineMaterials/Substrate/Glints2/dict_0003_0226.uasset" 4989
"../../../Engine/Content/EngineMaterials/Substrate/Glints2/dict_0003_0227.uasset" 4990
"../../../Engine/Content/EngineMaterials/Substrate/Glints2/dict_0003_0228.uasset" 4991
"../../../Engine/Content/EngineMaterials/Substrate/Glints2/dict_0003_0229.uasset" 4992
"../../../Engine/Content/EngineMaterials/Substrate/Glints2/dict_0003_0230.uasset" 4993
"../../../Engine/Content/EngineMaterials/Substrate/Glints2/dict_0003_0231.uasset" 4994
"../../../Engine/Content/EngineMaterials/Substrate/Glints2/dict_0003_0232.uasset" 4995
"../../../Engine/Content/EngineMaterials/Substrate/Glints2/dict_0003_0233.uasset" 4996
"../../../Engine/Content/EngineMaterials/Substrate/Glints2/dict_0003_0234.uasset" 4997
"../../../Engine/Content/EngineMaterials/Substrate/Glints2/dict_0003_0235.uasset" 4998
"../../../Engine/Content/EngineMaterials/Substrate/Glints2/dict_0003_0236.uasset" 4999
"../../../Engine/Content/EngineMaterials/Substrate/Glints2/dict_0003_0237.uasset" 5000
"../../../Engine/Content/EngineMaterials/Substrate/Glints2/dict_0003_0238.uasset" 5001
"../../../Engine/Content/EngineMaterials/Substrate/Glints2/dict_0003_0239.uasset" 5002
"../../../Engine/Content/EngineMaterials/Substrate/Glints2/dict_0003_0240.uasset" 5003
"../../../Engine/Content/EngineMaterials/Substrate/Glints2/dict_0003_0241.uasset" 5004
"../../../Engine/Content/EngineMaterials/Substrate/Glints2/dict_0003_0242.uasset" 5005
"../../../Engine/Content/EngineMaterials/Substrate/Glints2/dict_0003_0243.uasset" 5006
"../../../Engine/Content/EngineMaterials/Substrate/Glints2/dict_0003_0244.uasset" 5007
"../../../Engine/Content/EngineMaterials/Substrate/Glints2/dict_0003_0245.uasset" 5008
"../../../Engine/Content/EngineMaterials/Substrate/Glints2/dict_0003_0246.uasset" 5009
"../../../Engine/Content/EngineMaterials/Substrate/Glints2/dict_0003_0247.uasset" 5010
"../../../Engine/Content/EngineMaterials/Substrate/Glints2/dict_0003_0248.uasset" 5011
"../../../Engine/Content/EngineMaterials/Substrate/Glints2/dict_0003_0249.uasset" 5012
"../../../Engine/Content/EngineMaterials/Substrate/Glints2/dict_0003_0250.uasset" 5013
"../../../Engine/Content/EngineMaterials/Substrate/Glints2/dict_0003_0251.uasset" 5014
"../../../Engine/Content/EngineMaterials/Substrate/Glints2/dict_0003_0252.uasset" 5015
"../../../Engine/Content/EngineMaterials/Substrate/Glints2/dict_0003_0253.uasset" 5016
"../../../Engine/Content/EngineMaterials/Substrate/Glints2/dict_0003_0254.uasset" 5017
"../../../Engine/Content/EngineMaterials/Substrate/Glints2/dict_0003_0255.uasset" 5018
"../../../Engine/Content/EngineMaterials/Substrate/Glints2/dict_0004_0000.uasset" 5019
"../../../Engine/Content/EngineMaterials/Substrate/Glints2/dict_0004_0001.uasset" 5020
"../../../Engine/Content/EngineMaterials/Substrate/Glints2/dict_0004_0002.uasset" 5021
"../../../Engine/Content/EngineMaterials/Substrate/Glints2/dict_0004_0003.uasset" 5022
"../../../Engine/Content/EngineMaterials/Substrate/Glints2/dict_0004_0004.uasset" 5023
"../../../Engine/Content/EngineMaterials/Substrate/Glints2/dict_0004_0005.uasset" 5024
"../../../Engine/Content/EngineMaterials/Substrate/Glints2/dict_0004_0006.uasset" 5025
"../../../Engine/Content/EngineMaterials/Substrate/Glints2/dict_0004_0007.uasset" 5026
"../../../Engine/Content/EngineMaterials/Substrate/Glints2/dict_0004_0008.uasset" 5027
"../../../Engine/Content/EngineMaterials/Substrate/Glints2/dict_0004_0009.uasset" 5028
"../../../Engine/Content/EngineMaterials/Substrate/Glints2/dict_0004_0010.uasset" 5029
"../../../Engine/Content/EngineMaterials/Substrate/Glints2/dict_0004_0011.uasset" 5030
"../../../Engine/Content/EngineMaterials/Substrate/Glints2/dict_0004_0012.uasset" 5031
"../../../Engine/Content/EngineMaterials/Substrate/Glints2/dict_0004_0013.uasset" 5032
"../../../Engine/Content/EngineMaterials/Substrate/Glints2/dict_0004_0014.uasset" 5033
"../../../Engine/Content/EngineMaterials/Substrate/Glints2/dict_0004_0015.uasset" 5034
"../../../Engine/Content/EngineMaterials/Substrate/Glints2/dict_0004_0016.uasset" 5035
"../../../Engine/Content/EngineMaterials/Substrate/Glints2/dict_0004_0017.uasset" 5036
"../../../Engine/Content/EngineMaterials/Substrate/Glints2/dict_0004_0018.uasset" 5037
"../../../Engine/Content/EngineMaterials/Substrate/Glints2/dict_0004_0019.uasset" 5038
"../../../Engine/Content/EngineMaterials/Substrate/Glints2/dict_0004_0020.uasset" 5039
"../../../Engine/Content/EngineMaterials/Substrate/Glints2/dict_0004_0021.uasset" 5040
"../../../Engine/Content/EngineMaterials/Substrate/Glints2/dict_0004_0022.uasset" 5041
"../../../Engine/Content/EngineMaterials/Substrate/Glints2/dict_0004_0023.uasset" 5042
"../../../Engine/Content/EngineMaterials/Substrate/Glints2/dict_0004_0024.uasset" 5043
"../../../Engine/Content/EngineMaterials/Substrate/Glints2/dict_0004_0025.uasset" 5044
"../../../Engine/Content/EngineMaterials/Substrate/Glints2/dict_0004_0026.uasset" 5045
"../../../Engine/Content/EngineMaterials/Substrate/Glints2/dict_0004_0027.uasset" 5046
"../../../Engine/Content/EngineMaterials/Substrate/Glints2/dict_0004_0028.uasset" 5047
"../../../Engine/Content/EngineMaterials/Substrate/Glints2/dict_0004_0029.uasset" 5048
"../../../Engine/Content/EngineMaterials/Substrate/Glints2/dict_0004_0030.uasset" 5049
"../../../Engine/Content/EngineMaterials/Substrate/Glints2/dict_0004_0031.uasset" 5050
"../../../Engine/Content/EngineMaterials/Substrate/Glints2/dict_0004_0032.uasset" 5051
"../../../Engine/Content/EngineMaterials/Substrate/Glints2/dict_0004_0033.uasset" 5052
"../../../Engine/Content/EngineMaterials/Substrate/Glints2/dict_0004_0034.uasset" 5053
"../../../Engine/Content/EngineMaterials/Substrate/Glints2/dict_0004_0035.uasset" 5054
"../../../Engine/Content/EngineMaterials/Substrate/Glints2/dict_0004_0036.uasset" 5055
"../../../Engine/Content/EngineMaterials/Substrate/Glints2/dict_0004_0037.uasset" 5056
"../../../Engine/Content/EngineMaterials/Substrate/Glints2/dict_0004_0038.uasset" 5057
"../../../Engine/Content/EngineMaterials/Substrate/Glints2/dict_0004_0039.uasset" 5058
"../../../Engine/Content/EngineMaterials/Substrate/Glints2/dict_0004_0040.uasset" 5059
"../../../Engine/Content/EngineMaterials/Substrate/Glints2/dict_0004_0041.uasset" 5060
"../../../Engine/Content/EngineMaterials/Substrate/Glints2/dict_0004_0042.uasset" 5061
"../../../Engine/Content/EngineMaterials/Substrate/Glints2/dict_0004_0043.uasset" 5062
"../../../Engine/Content/EngineMaterials/Substrate/Glints2/dict_0004_0044.uasset" 5063
"../../../Engine/Content/EngineMaterials/Substrate/Glints2/dict_0004_0045.uasset" 5064
"../../../Engine/Content/EngineMaterials/Substrate/Glints2/dict_0004_0046.uasset" 5065
"../../../Engine/Content/EngineMaterials/Substrate/Glints2/dict_0004_0047.uasset" 5066
"../../../Engine/Content/EngineMaterials/Substrate/Glints2/dict_0004_0048.uasset" 5067
"../../../Engine/Content/EngineMaterials/Substrate/Glints2/dict_0004_0049.uasset" 5068
"../../../Engine/Content/EngineMaterials/Substrate/Glints2/dict_0004_0050.uasset" 5069
"../../../Engine/Content/EngineMaterials/Substrate/Glints2/dict_0004_0051.uasset" 5070
"../../../Engine/Content/EngineMaterials/Substrate/Glints2/dict_0004_0052.uasset" 5071
"../../../Engine/Content/EngineMaterials/Substrate/Glints2/dict_0004_0053.uasset" 5072
"../../../Engine/Content/EngineMaterials/Substrate/Glints2/dict_0004_0054.uasset" 5073
"../../../Engine/Content/EngineMaterials/Substrate/Glints2/dict_0004_0055.uasset" 5074
"../../../Engine/Content/EngineMaterials/Substrate/Glints2/dict_0004_0056.uasset" 5075
"../../../Engine/Content/EngineMaterials/Substrate/Glints2/dict_0004_0057.uasset" 5076
"../../../Engine/Content/EngineMaterials/Substrate/Glints2/dict_0004_0058.uasset" 5077
"../../../Engine/Content/EngineMaterials/Substrate/Glints2/dict_0004_0059.uasset" 5078
"../../../Engine/Content/EngineMaterials/Substrate/Glints2/dict_0004_0060.uasset" 5079
"../../../Engine/Content/EngineMaterials/Substrate/Glints2/dict_0004_0061.uasset" 5080
"../../../Engine/Content/EngineMaterials/Substrate/Glints2/dict_0004_0062.uasset" 5081
"../../../Engine/Content/EngineMaterials/Substrate/Glints2/dict_0004_0063.uasset" 5082
"../../../Engine/Content/EngineMaterials/Substrate/Glints2/dict_0004_0064.uasset" 5083
"../../../Engine/Content/EngineMaterials/Substrate/Glints2/dict_0004_0065.uasset" 5084
"../../../Engine/Content/EngineMaterials/Substrate/Glints2/dict_0004_0066.uasset" 5085
"../../../Engine/Content/EngineMaterials/Substrate/Glints2/dict_0004_0067.uasset" 5086
"../../../Engine/Content/EngineMaterials/Substrate/Glints2/dict_0004_0068.uasset" 5087
"../../../Engine/Content/EngineMaterials/Substrate/Glints2/dict_0004_0069.uasset" 5088
"../../../Engine/Content/EngineMaterials/Substrate/Glints2/dict_0004_0070.uasset" 5089
"../../../Engine/Content/EngineMaterials/Substrate/Glints2/dict_0004_0071.uasset" 5090
"../../../Engine/Content/EngineMaterials/Substrate/Glints2/dict_0004_0072.uasset" 5091
"../../../Engine/Content/EngineMaterials/Substrate/Glints2/dict_0004_0073.uasset" 5092
"../../../Engine/Content/EngineMaterials/Substrate/Glints2/dict_0004_0074.uasset" 5093
"../../../Engine/Content/EngineMaterials/Substrate/Glints2/dict_0004_0075.uasset" 5094
"../../../Engine/Content/EngineMaterials/Substrate/Glints2/dict_0004_0076.uasset" 5095
"../../../Engine/Content/EngineMaterials/Substrate/Glints2/dict_0004_0077.uasset" 5096
"../../../Engine/Content/EngineMaterials/Substrate/Glints2/dict_0004_0078.uasset" 5097
"../../../Engine/Content/EngineMaterials/Substrate/Glints2/dict_0004_0079.uasset" 5098
"../../../Engine/Content/EngineMaterials/Substrate/Glints2/dict_0004_0080.uasset" 5099
"../../../Engine/Content/EngineMaterials/Substrate/Glints2/dict_0004_0081.uasset" 5100
"../../../Engine/Content/EngineMaterials/Substrate/Glints2/dict_0004_0082.uasset" 5101
"../../../Engine/Content/EngineMaterials/Substrate/Glints2/dict_0004_0083.uasset" 5102
"../../../Engine/Content/EngineMaterials/Substrate/Glints2/dict_0004_0084.uasset" 5103
"../../../Engine/Content/EngineMaterials/Substrate/Glints2/dict_0004_0085.uasset" 5104
"../../../Engine/Content/EngineMaterials/Substrate/Glints2/dict_0004_0086.uasset" 5105
"../../../Engine/Content/EngineMaterials/Substrate/Glints2/dict_0004_0087.uasset" 5106
"../../../Engine/Content/EngineMaterials/Substrate/Glints2/dict_0004_0088.uasset" 5107
"../../../Engine/Content/EngineMaterials/Substrate/Glints2/dict_0004_0089.uasset" 5108
"../../../Engine/Content/EngineMaterials/Substrate/Glints2/dict_0004_0090.uasset" 5109
"../../../Engine/Content/EngineMaterials/Substrate/Glints2/dict_0004_0091.uasset" 5110
"../../../Engine/Content/EngineMaterials/Substrate/Glints2/dict_0004_0092.uasset" 5111
"../../../Engine/Content/EngineMaterials/Substrate/Glints2/dict_0004_0093.uasset" 5112
"../../../Engine/Content/EngineMaterials/Substrate/Glints2/dict_0004_0094.uasset" 5113
"../../../Engine/Content/EngineMaterials/Substrate/Glints2/dict_0004_0095.uasset" 5114
"../../../Engine/Content/EngineMaterials/Substrate/Glints2/dict_0004_0096.uasset" 5115
"../../../Engine/Content/EngineMaterials/Substrate/Glints2/dict_0004_0097.uasset" 5116
"../../../Engine/Content/EngineMaterials/Substrate/Glints2/dict_0004_0098.uasset" 5117
"../../../Engine/Content/EngineMaterials/Substrate/Glints2/dict_0004_0099.uasset" 5118
"../../../Engine/Content/EngineMaterials/Substrate/Glints2/dict_0004_0100.uasset" 5119
"../../../Engine/Content/EngineMaterials/Substrate/Glints2/dict_0004_0101.uasset" 5120
"../../../Engine/Content/EngineMaterials/Substrate/Glints2/dict_0004_0102.uasset" 5121
"../../../Engine/Content/EngineMaterials/Substrate/Glints2/dict_0004_0103.uasset" 5122
"../../../Engine/Content/EngineMaterials/Substrate/Glints2/dict_0004_0104.uasset" 5123
"../../../Engine/Content/EngineMaterials/Substrate/Glints2/dict_0004_0105.uasset" 5124
"../../../Engine/Content/EngineMaterials/Substrate/Glints2/dict_0004_0106.uasset" 5125
"../../../Engine/Content/EngineMaterials/Substrate/Glints2/dict_0004_0107.uasset" 5126
"../../../Engine/Content/EngineMaterials/Substrate/Glints2/dict_0004_0108.uasset" 5127
"../../../Engine/Content/EngineMaterials/Substrate/Glints2/dict_0004_0109.uasset" 5128
"../../../Engine/Content/EngineMaterials/Substrate/Glints2/dict_0004_0110.uasset" 5129
"../../../Engine/Content/EngineMaterials/Substrate/Glints2/dict_0004_0111.uasset" 5130
"../../../Engine/Content/EngineMaterials/Substrate/Glints2/dict_0004_0112.uasset" 5131
"../../../Engine/Content/EngineMaterials/Substrate/Glints2/dict_0004_0113.uasset" 5132
"../../../Engine/Content/EngineMaterials/Substrate/Glints2/dict_0004_0114.uasset" 5133
"../../../Engine/Content/EngineMaterials/Substrate/Glints2/dict_0004_0115.uasset" 5134
"../../../Engine/Content/EngineMaterials/Substrate/Glints2/dict_0004_0116.uasset" 5135
"../../../Engine/Content/EngineMaterials/Substrate/Glints2/dict_0004_0117.uasset" 5136
"../../../Engine/Content/EngineMaterials/Substrate/Glints2/dict_0004_0118.uasset" 5137
"../../../Engine/Content/EngineMaterials/Substrate/Glints2/dict_0004_0119.uasset" 5138
"../../../Engine/Content/EngineMaterials/Substrate/Glints2/dict_0004_0120.uasset" 5139
"../../../Engine/Content/EngineMaterials/Substrate/Glints2/dict_0004_0121.uasset" 5140
"../../../Engine/Content/EngineMaterials/Substrate/Glints2/dict_0004_0122.uasset" 5141
"../../../Engine/Content/EngineMaterials/Substrate/Glints2/dict_0004_0123.uasset" 5142
"../../../Engine/Content/EngineMaterials/Substrate/Glints2/dict_0004_0124.uasset" 5143
"../../../Engine/Content/EngineMaterials/Substrate/Glints2/dict_0004_0125.uasset" 5144
"../../../Engine/Content/EngineMaterials/Substrate/Glints2/dict_0004_0126.uasset" 5145
"../../../Engine/Content/EngineMaterials/Substrate/Glints2/dict_0004_0127.uasset" 5146
"../../../Engine/Content/EngineMaterials/Substrate/Glints2/dict_0004_0128.uasset" 5147
"../../../Engine/Content/EngineMaterials/Substrate/Glints2/dict_0004_0129.uasset" 5148
"../../../Engine/Content/EngineMaterials/Substrate/Glints2/dict_0004_0130.uasset" 5149
"../../../Engine/Content/EngineMaterials/Substrate/Glints2/dict_0004_0131.uasset" 5150
"../../../Engine/Content/EngineMaterials/Substrate/Glints2/dict_0004_0132.uasset" 5151
"../../../Engine/Content/EngineMaterials/Substrate/Glints2/dict_0004_0133.uasset" 5152
"../../../Engine/Content/EngineMaterials/Substrate/Glints2/dict_0004_0134.uasset" 5153
"../../../Engine/Content/EngineMaterials/Substrate/Glints2/dict_0004_0135.uasset" 5154
"../../../Engine/Content/EngineMaterials/Substrate/Glints2/dict_0004_0136.uasset" 5155
"../../../Engine/Content/EngineMaterials/Substrate/Glints2/dict_0004_0137.uasset" 5156
"../../../Engine/Content/EngineMaterials/Substrate/Glints2/dict_0004_0138.uasset" 5157
"../../../Engine/Content/EngineMaterials/Substrate/Glints2/dict_0004_0139.uasset" 5158
"../../../Engine/Content/EngineMaterials/Substrate/Glints2/dict_0004_0140.uasset" 5159
"../../../Engine/Content/EngineMaterials/Substrate/Glints2/dict_0004_0141.uasset" 5160
"../../../Engine/Content/EngineMaterials/Substrate/Glints2/dict_0004_0142.uasset" 5161
"../../../Engine/Content/EngineMaterials/Substrate/Glints2/dict_0004_0143.uasset" 5162
"../../../Engine/Content/EngineMaterials/Substrate/Glints2/dict_0004_0144.uasset" 5163
"../../../Engine/Content/EngineMaterials/Substrate/Glints2/dict_0004_0145.uasset" 5164
"../../../Engine/Content/EngineMaterials/Substrate/Glints2/dict_0004_0146.uasset" 5165
"../../../Engine/Content/EngineMaterials/Substrate/Glints2/dict_0004_0147.uasset" 5166
"../../../Engine/Content/EngineMaterials/Substrate/Glints2/dict_0004_0148.uasset" 5167
"../../../Engine/Content/EngineMaterials/Substrate/Glints2/dict_0004_0149.uasset" 5168
"../../../Engine/Content/EngineMaterials/Substrate/Glints2/dict_0004_0150.uasset" 5169
"../../../Engine/Content/EngineMaterials/Substrate/Glints2/dict_0004_0151.uasset" 5170
"../../../Engine/Content/EngineMaterials/Substrate/Glints2/dict_0004_0152.uasset" 5171
"../../../Engine/Content/EngineMaterials/Substrate/Glints2/dict_0004_0153.uasset" 5172
"../../../Engine/Content/EngineMaterials/Substrate/Glints2/dict_0004_0154.uasset" 5173
"../../../Engine/Content/EngineMaterials/Substrate/Glints2/dict_0004_0155.uasset" 5174
"../../../Engine/Content/EngineMaterials/Substrate/Glints2/dict_0004_0156.uasset" 5175
"../../../Engine/Content/EngineMaterials/Substrate/Glints2/dict_0004_0157.uasset" 5176
"../../../Engine/Content/EngineMaterials/Substrate/Glints2/dict_0004_0158.uasset" 5177
"../../../Engine/Content/EngineMaterials/Substrate/Glints2/dict_0004_0159.uasset" 5178
"../../../Engine/Content/EngineMaterials/Substrate/Glints2/dict_0004_0160.uasset" 5179
"../../../Engine/Content/EngineMaterials/Substrate/Glints2/dict_0004_0161.uasset" 5180
"../../../Engine/Content/EngineMaterials/Substrate/Glints2/dict_0004_0162.uasset" 5181
"../../../Engine/Content/EngineMaterials/Substrate/Glints2/dict_0004_0163.uasset" 5182
"../../../Engine/Content/EngineMaterials/Substrate/Glints2/dict_0004_0164.uasset" 5183
"../../../Engine/Content/EngineMaterials/Substrate/Glints2/dict_0004_0165.uasset" 5184
"../../../Engine/Content/EngineMaterials/Substrate/Glints2/dict_0004_0166.uasset" 5185
"../../../Engine/Content/EngineMaterials/Substrate/Glints2/dict_0004_0167.uasset" 5186
"../../../Engine/Content/EngineMaterials/Substrate/Glints2/dict_0004_0168.uasset" 5187
"../../../Engine/Content/EngineMaterials/Substrate/Glints2/dict_0004_0169.uasset" 5188
"../../../Engine/Content/EngineMaterials/Substrate/Glints2/dict_0004_0170.uasset" 5189
"../../../Engine/Content/EngineMaterials/Substrate/Glints2/dict_0004_0171.uasset" 5190
"../../../Engine/Content/EngineMaterials/Substrate/Glints2/dict_0004_0172.uasset" 5191
"../../../Engine/Content/EngineMaterials/Substrate/Glints2/dict_0004_0173.uasset" 5192
"../../../Engine/Content/EngineMaterials/Substrate/Glints2/dict_0004_0174.uasset" 5193
"../../../Engine/Content/EngineMaterials/Substrate/Glints2/dict_0004_0175.uasset" 5194
"../../../Engine/Content/EngineMaterials/Substrate/Glints2/dict_0004_0176.uasset" 5195
"../../../Engine/Content/EngineMaterials/Substrate/Glints2/dict_0004_0177.uasset" 5196
"../../../Engine/Content/EngineMaterials/Substrate/Glints2/dict_0004_0178.uasset" 5197
"../../../Engine/Content/EngineMaterials/Substrate/Glints2/dict_0004_0179.uasset" 5198
"../../../Engine/Content/EngineMaterials/Substrate/Glints2/dict_0004_0180.uasset" 5199
"../../../Engine/Content/EngineMaterials/Substrate/Glints2/dict_0004_0181.uasset" 5200
"../../../Engine/Content/EngineMaterials/Substrate/Glints2/dict_0004_0182.uasset" 5201
"../../../Engine/Content/EngineMaterials/Substrate/Glints2/dict_0004_0183.uasset" 5202
"../../../Engine/Content/EngineMaterials/Substrate/Glints2/dict_0004_0184.uasset" 5203
"../../../Engine/Content/EngineMaterials/Substrate/Glints2/dict_0004_0185.uasset" 5204
"../../../Engine/Content/EngineMaterials/Substrate/Glints2/dict_0004_0186.uasset" 5205
"../../../Engine/Content/EngineMaterials/Substrate/Glints2/dict_0004_0187.uasset" 5206
"../../../Engine/Content/EngineMaterials/Substrate/Glints2/dict_0004_0188.uasset" 5207
"../../../Engine/Content/EngineMaterials/Substrate/Glints2/dict_0004_0189.uasset" 5208
"../../../Engine/Content/EngineMaterials/Substrate/Glints2/dict_0004_0190.uasset" 5209
"../../../Engine/Content/EngineMaterials/Substrate/Glints2/dict_0004_0191.uasset" 5210
"../../../Engine/Content/EngineMaterials/Substrate/Glints2/dict_0004_0192.uasset" 5211
"../../../Engine/Content/EngineMaterials/Substrate/Glints2/dict_0004_0193.uasset" 5212
"../../../Engine/Content/EngineMaterials/Substrate/Glints2/dict_0004_0194.uasset" 5213
"../../../Engine/Content/EngineMaterials/Substrate/Glints2/dict_0004_0195.uasset" 5214
"../../../Engine/Content/EngineMaterials/Substrate/Glints2/dict_0004_0196.uasset" 5215
"../../../Engine/Content/EngineMaterials/Substrate/Glints2/dict_0004_0197.uasset" 5216
"../../../Engine/Content/EngineMaterials/Substrate/Glints2/dict_0004_0198.uasset" 5217
"../../../Engine/Content/EngineMaterials/Substrate/Glints2/dict_0004_0199.uasset" 5218
"../../../Engine/Content/EngineMaterials/Substrate/Glints2/dict_0004_0200.uasset" 5219
"../../../Engine/Content/EngineMaterials/Substrate/Glints2/dict_0004_0201.uasset" 5220
"../../../Engine/Content/EngineMaterials/Substrate/Glints2/dict_0004_0202.uasset" 5221
"../../../Engine/Content/EngineMaterials/Substrate/Glints2/dict_0004_0203.uasset" 5222
"../../../Engine/Content/EngineMaterials/Substrate/Glints2/dict_0004_0204.uasset" 5223
"../../../Engine/Content/EngineMaterials/Substrate/Glints2/dict_0004_0205.uasset" 5224
"../../../Engine/Content/EngineMaterials/Substrate/Glints2/dict_0004_0206.uasset" 5225
"../../../Engine/Content/EngineMaterials/Substrate/Glints2/dict_0004_0207.uasset" 5226
"../../../Engine/Content/EngineMaterials/Substrate/Glints2/dict_0004_0208.uasset" 5227
"../../../Engine/Content/EngineMaterials/Substrate/Glints2/dict_0004_0209.uasset" 5228
"../../../Engine/Content/EngineMaterials/Substrate/Glints2/dict_0004_0210.uasset" 5229
"../../../Engine/Content/EngineMaterials/Substrate/Glints2/dict_0004_0211.uasset" 5230
"../../../Engine/Content/EngineMaterials/Substrate/Glints2/dict_0004_0212.uasset" 5231
"../../../Engine/Content/EngineMaterials/Substrate/Glints2/dict_0004_0213.uasset" 5232
"../../../Engine/Content/EngineMaterials/Substrate/Glints2/dict_0004_0214.uasset" 5233
"../../../Engine/Content/EngineMaterials/Substrate/Glints2/dict_0004_0215.uasset" 5234
"../../../Engine/Content/EngineMaterials/Substrate/Glints2/dict_0004_0216.uasset" 5235
"../../../Engine/Content/EngineMaterials/Substrate/Glints2/dict_0004_0217.uasset" 5236
"../../../Engine/Content/EngineMaterials/Substrate/Glints2/dict_0004_0218.uasset" 5237
"../../../Engine/Content/EngineMaterials/Substrate/Glints2/dict_0004_0219.uasset" 5238
"../../../Engine/Content/EngineMaterials/Substrate/Glints2/dict_0004_0220.uasset" 5239
"../../../Engine/Content/EngineMaterials/Substrate/Glints2/dict_0004_0221.uasset" 5240
"../../../Engine/Content/EngineMaterials/Substrate/Glints2/dict_0004_0222.uasset" 5241
"../../../Engine/Content/EngineMaterials/Substrate/Glints2/dict_0004_0223.uasset" 5242
"../../../Engine/Content/EngineMaterials/Substrate/Glints2/dict_0004_0224.uasset" 5243
"../../../Engine/Content/EngineMaterials/Substrate/Glints2/dict_0004_0225.uasset" 5244
"../../../Engine/Content/EngineMaterials/Substrate/Glints2/dict_0004_0226.uasset" 5245
"../../../Engine/Content/EngineMaterials/Substrate/Glints2/dict_0004_0227.uasset" 5246
"../../../Engine/Content/EngineMaterials/Substrate/Glints2/dict_0004_0228.uasset" 5247
"../../../Engine/Content/EngineMaterials/Substrate/Glints2/dict_0004_0229.uasset" 5248
"../../../Engine/Content/EngineMaterials/Substrate/Glints2/dict_0004_0230.uasset" 5249
"../../../Engine/Content/EngineMaterials/Substrate/Glints2/dict_0004_0231.uasset" 5250
"../../../Engine/Content/EngineMaterials/Substrate/Glints2/dict_0004_0232.uasset" 5251
"../../../Engine/Content/EngineMaterials/Substrate/Glints2/dict_0004_0233.uasset" 5252
"../../../Engine/Content/EngineMaterials/Substrate/Glints2/dict_0004_0234.uasset" 5253
"../../../Engine/Content/EngineMaterials/Substrate/Glints2/dict_0004_0235.uasset" 5254
"../../../Engine/Content/EngineMaterials/Substrate/Glints2/dict_0004_0236.uasset" 5255
"../../../Engine/Content/EngineMaterials/Substrate/Glints2/dict_0004_0237.uasset" 5256
"../../../Engine/Content/EngineMaterials/Substrate/Glints2/dict_0004_0238.uasset" 5257
"../../../Engine/Content/EngineMaterials/Substrate/Glints2/dict_0004_0239.uasset" 5258
"../../../Engine/Content/EngineMaterials/Substrate/Glints2/dict_0004_0240.uasset" 5259
"../../../Engine/Content/EngineMaterials/Substrate/Glints2/dict_0004_0241.uasset" 5260
"../../../Engine/Content/EngineMaterials/Substrate/Glints2/dict_0004_0242.uasset" 5261
"../../../Engine/Content/EngineMaterials/Substrate/Glints2/dict_0004_0243.uasset" 5262
"../../../Engine/Content/EngineMaterials/Substrate/Glints2/dict_0004_0244.uasset" 5263
"../../../Engine/Content/EngineMaterials/Substrate/Glints2/dict_0004_0245.uasset" 5264
"../../../Engine/Content/EngineMaterials/Substrate/Glints2/dict_0004_0246.uasset" 5265
"../../../Engine/Content/EngineMaterials/Substrate/Glints2/dict_0004_0247.uasset" 5266
"../../../Engine/Content/EngineMaterials/Substrate/Glints2/dict_0004_0248.uasset" 5267
"../../../Engine/Content/EngineMaterials/Substrate/Glints2/dict_0004_0249.uasset" 5268
"../../../Engine/Content/EngineMaterials/Substrate/Glints2/dict_0004_0250.uasset" 5269
"../../../Engine/Content/EngineMaterials/Substrate/Glints2/dict_0004_0251.uasset" 5270
"../../../Engine/Content/EngineMaterials/Substrate/Glints2/dict_0004_0252.uasset" 5271
"../../../Engine/Content/EngineMaterials/Substrate/Glints2/dict_0004_0253.uasset" 5272
"../../../Engine/Content/EngineMaterials/Substrate/Glints2/dict_0004_0254.uasset" 5273
"../../../Engine/Content/EngineMaterials/Substrate/Glints2/dict_0004_0255.uasset" 5274
"../../../Engine/Content/EngineMaterials/Substrate/Glints2/dict_0005_0000.uasset" 5275
"../../../Engine/Content/EngineMaterials/Substrate/Glints2/dict_0005_0001.uasset" 5276
"../../../Engine/Content/EngineMaterials/Substrate/Glints2/dict_0005_0002.uasset" 5277
"../../../Engine/Content/EngineMaterials/Substrate/Glints2/dict_0005_0003.uasset" 5278
"../../../Engine/Content/EngineMaterials/Substrate/Glints2/dict_0005_0004.uasset" 5279
"../../../Engine/Content/EngineMaterials/Substrate/Glints2/dict_0005_0005.uasset" 5280
"../../../Engine/Content/EngineMaterials/Substrate/Glints2/dict_0005_0006.uasset" 5281
"../../../Engine/Content/EngineMaterials/Substrate/Glints2/dict_0005_0007.uasset" 5282
"../../../Engine/Content/EngineMaterials/Substrate/Glints2/dict_0005_0008.uasset" 5283
"../../../Engine/Content/EngineMaterials/Substrate/Glints2/dict_0005_0009.uasset" 5284
"../../../Engine/Content/EngineMaterials/Substrate/Glints2/dict_0005_0010.uasset" 5285
"../../../Engine/Content/EngineMaterials/Substrate/Glints2/dict_0005_0011.uasset" 5286
"../../../Engine/Content/EngineMaterials/Substrate/Glints2/dict_0005_0012.uasset" 5287
"../../../Engine/Content/EngineMaterials/Substrate/Glints2/dict_0005_0013.uasset" 5288
"../../../Engine/Content/EngineMaterials/Substrate/Glints2/dict_0005_0014.uasset" 5289
"../../../Engine/Content/EngineMaterials/Substrate/Glints2/dict_0005_0015.uasset" 5290
"../../../Engine/Content/EngineMaterials/Substrate/Glints2/dict_0005_0016.uasset" 5291
"../../../Engine/Content/EngineMaterials/Substrate/Glints2/dict_0005_0017.uasset" 5292
"../../../Engine/Content/EngineMaterials/Substrate/Glints2/dict_0005_0018.uasset" 5293
"../../../Engine/Content/EngineMaterials/Substrate/Glints2/dict_0005_0019.uasset" 5294
"../../../Engine/Content/EngineMaterials/Substrate/Glints2/dict_0005_0020.uasset" 5295
"../../../Engine/Content/EngineMaterials/Substrate/Glints2/dict_0005_0021.uasset" 5296
"../../../Engine/Content/EngineMaterials/Substrate/Glints2/dict_0005_0022.uasset" 5297
"../../../Engine/Content/EngineMaterials/Substrate/Glints2/dict_0005_0023.uasset" 5298
"../../../Engine/Content/EngineMaterials/Substrate/Glints2/dict_0005_0024.uasset" 5299
"../../../Engine/Content/EngineMaterials/Substrate/Glints2/dict_0005_0025.uasset" 5300
"../../../Engine/Content/EngineMaterials/Substrate/Glints2/dict_0005_0026.uasset" 5301
"../../../Engine/Content/EngineMaterials/Substrate/Glints2/dict_0005_0027.uasset" 5302
"../../../Engine/Content/EngineMaterials/Substrate/Glints2/dict_0005_0028.uasset" 5303
"../../../Engine/Content/EngineMaterials/Substrate/Glints2/dict_0005_0029.uasset" 5304
"../../../Engine/Content/EngineMaterials/Substrate/Glints2/dict_0005_0030.uasset" 5305
"../../../Engine/Content/EngineMaterials/Substrate/Glints2/dict_0005_0031.uasset" 5306
"../../../Engine/Content/EngineMaterials/Substrate/Glints2/dict_0005_0032.uasset" 5307
"../../../Engine/Content/EngineMaterials/Substrate/Glints2/dict_0005_0033.uasset" 5308
"../../../Engine/Content/EngineMaterials/Substrate/Glints2/dict_0005_0034.uasset" 5309
"../../../Engine/Content/EngineMaterials/Substrate/Glints2/dict_0005_0035.uasset" 5310
"../../../Engine/Content/EngineMaterials/Substrate/Glints2/dict_0005_0036.uasset" 5311
"../../../Engine/Content/EngineMaterials/Substrate/Glints2/dict_0005_0037.uasset" 5312
"../../../Engine/Content/EngineMaterials/Substrate/Glints2/dict_0005_0038.uasset" 5313
"../../../Engine/Content/EngineMaterials/Substrate/Glints2/dict_0005_0039.uasset" 5314
"../../../Engine/Content/EngineMaterials/Substrate/Glints2/dict_0005_0040.uasset" 5315
"../../../Engine/Content/EngineMaterials/Substrate/Glints2/dict_0005_0041.uasset" 5316
"../../../Engine/Content/EngineMaterials/Substrate/Glints2/dict_0005_0042.uasset" 5317
"../../../Engine/Content/EngineMaterials/Substrate/Glints2/dict_0005_0043.uasset" 5318
"../../../Engine/Content/EngineMaterials/Substrate/Glints2/dict_0005_0044.uasset" 5319
"../../../Engine/Content/EngineMaterials/Substrate/Glints2/dict_0005_0045.uasset" 5320
"../../../Engine/Content/EngineMaterials/Substrate/Glints2/dict_0005_0046.uasset" 5321
"../../../Engine/Content/EngineMaterials/Substrate/Glints2/dict_0005_0047.uasset" 5322
"../../../Engine/Content/EngineMaterials/Substrate/Glints2/dict_0005_0048.uasset" 5323
"../../../Engine/Content/EngineMaterials/Substrate/Glints2/dict_0005_0049.uasset" 5324
"../../../Engine/Content/EngineMaterials/Substrate/Glints2/dict_0005_0050.uasset" 5325
"../../../Engine/Content/EngineMaterials/Substrate/Glints2/dict_0005_0051.uasset" 5326
"../../../Engine/Content/EngineMaterials/Substrate/Glints2/dict_0005_0052.uasset" 5327
"../../../Engine/Content/EngineMaterials/Substrate/Glints2/dict_0005_0053.uasset" 5328
"../../../Engine/Content/EngineMaterials/Substrate/Glints2/dict_0005_0054.uasset" 5329
"../../../Engine/Content/EngineMaterials/Substrate/Glints2/dict_0005_0055.uasset" 5330
"../../../Engine/Content/EngineMaterials/Substrate/Glints2/dict_0005_0056.uasset" 5331
"../../../Engine/Content/EngineMaterials/Substrate/Glints2/dict_0005_0057.uasset" 5332
"../../../Engine/Content/EngineMaterials/Substrate/Glints2/dict_0005_0058.uasset" 5333
"../../../Engine/Content/EngineMaterials/Substrate/Glints2/dict_0005_0059.uasset" 5334
"../../../Engine/Content/EngineMaterials/Substrate/Glints2/dict_0005_0060.uasset" 5335
"../../../Engine/Content/EngineMaterials/Substrate/Glints2/dict_0005_0061.uasset" 5336
"../../../Engine/Content/EngineMaterials/Substrate/Glints2/dict_0005_0062.uasset" 5337
"../../../Engine/Content/EngineMaterials/Substrate/Glints2/dict_0005_0063.uasset" 5338
"../../../Engine/Content/EngineMaterials/Substrate/Glints2/dict_0005_0064.uasset" 5339
"../../../Engine/Content/EngineMaterials/Substrate/Glints2/dict_0005_0065.uasset" 5340
"../../../Engine/Content/EngineMaterials/Substrate/Glints2/dict_0005_0066.uasset" 5341
"../../../Engine/Content/EngineMaterials/Substrate/Glints2/dict_0005_0067.uasset" 5342
"../../../Engine/Content/EngineMaterials/Substrate/Glints2/dict_0005_0068.uasset" 5343
"../../../Engine/Content/EngineMaterials/Substrate/Glints2/dict_0005_0069.uasset" 5344
"../../../Engine/Content/EngineMaterials/Substrate/Glints2/dict_0005_0070.uasset" 5345
"../../../Engine/Content/EngineMaterials/Substrate/Glints2/dict_0005_0071.uasset" 5346
"../../../Engine/Content/EngineMaterials/Substrate/Glints2/dict_0005_0072.uasset" 5347
"../../../Engine/Content/EngineMaterials/Substrate/Glints2/dict_0005_0073.uasset" 5348
"../../../Engine/Content/EngineMaterials/Substrate/Glints2/dict_0005_0074.uasset" 5349
"../../../Engine/Content/EngineMaterials/Substrate/Glints2/dict_0005_0075.uasset" 5350
"../../../Engine/Content/EngineMaterials/Substrate/Glints2/dict_0005_0076.uasset" 5351
"../../../Engine/Content/EngineMaterials/Substrate/Glints2/dict_0005_0077.uasset" 5352
"../../../Engine/Content/EngineMaterials/Substrate/Glints2/dict_0005_0078.uasset" 5353
"../../../Engine/Content/EngineMaterials/Substrate/Glints2/dict_0005_0079.uasset" 5354
"../../../Engine/Content/EngineMaterials/Substrate/Glints2/dict_0005_0080.uasset" 5355
"../../../Engine/Content/EngineMaterials/Substrate/Glints2/dict_0005_0081.uasset" 5356
"../../../Engine/Content/EngineMaterials/Substrate/Glints2/dict_0005_0082.uasset" 5357
"../../../Engine/Content/EngineMaterials/Substrate/Glints2/dict_0005_0083.uasset" 5358
"../../../Engine/Content/EngineMaterials/Substrate/Glints2/dict_0005_0084.uasset" 5359
"../../../Engine/Content/EngineMaterials/Substrate/Glints2/dict_0005_0085.uasset" 5360
"../../../Engine/Content/EngineMaterials/Substrate/Glints2/dict_0005_0086.uasset" 5361
"../../../Engine/Content/EngineMaterials/Substrate/Glints2/dict_0005_0087.uasset" 5362
"../../../Engine/Content/EngineMaterials/Substrate/Glints2/dict_0005_0088.uasset" 5363
"../../../Engine/Content/EngineMaterials/Substrate/Glints2/dict_0005_0089.uasset" 5364
"../../../Engine/Content/EngineMaterials/Substrate/Glints2/dict_0005_0090.uasset" 5365
"../../../Engine/Content/EngineMaterials/Substrate/Glints2/dict_0005_0091.uasset" 5366
"../../../Engine/Content/EngineMaterials/Substrate/Glints2/dict_0005_0092.uasset" 5367
"../../../Engine/Content/EngineMaterials/Substrate/Glints2/dict_0005_0093.uasset" 5368
"../../../Engine/Content/EngineMaterials/Substrate/Glints2/dict_0005_0094.uasset" 5369
"../../../Engine/Content/EngineMaterials/Substrate/Glints2/dict_0005_0095.uasset" 5370
"../../../Engine/Content/EngineMaterials/Substrate/Glints2/dict_0005_0096.uasset" 5371
"../../../Engine/Content/EngineMaterials/Substrate/Glints2/dict_0005_0097.uasset" 5372
"../../../Engine/Content/EngineMaterials/Substrate/Glints2/dict_0005_0098.uasset" 5373
"../../../Engine/Content/EngineMaterials/Substrate/Glints2/dict_0005_0099.uasset" 5374
"../../../Engine/Content/EngineMaterials/Substrate/Glints2/dict_0005_0100.uasset" 5375
"../../../Engine/Content/EngineMaterials/Substrate/Glints2/dict_0005_0101.uasset" 5376
"../../../Engine/Content/EngineMaterials/Substrate/Glints2/dict_0005_0102.uasset" 5377
"../../../Engine/Content/EngineMaterials/Substrate/Glints2/dict_0005_0103.uasset" 5378
"../../../Engine/Content/EngineMaterials/Substrate/Glints2/dict_0005_0104.uasset" 5379
"../../../Engine/Content/EngineMaterials/Substrate/Glints2/dict_0005_0105.uasset" 5380
"../../../Engine/Content/EngineMaterials/Substrate/Glints2/dict_0005_0106.uasset" 5381
"../../../Engine/Content/EngineMaterials/Substrate/Glints2/dict_0005_0107.uasset" 5382
"../../../Engine/Content/EngineMaterials/Substrate/Glints2/dict_0005_0108.uasset" 5383
"../../../Engine/Content/EngineMaterials/Substrate/Glints2/dict_0005_0109.uasset" 5384
"../../../Engine/Content/EngineMaterials/Substrate/Glints2/dict_0005_0110.uasset" 5385
"../../../Engine/Content/EngineMaterials/Substrate/Glints2/dict_0005_0111.uasset" 5386
"../../../Engine/Content/EngineMaterials/Substrate/Glints2/dict_0005_0112.uasset" 5387
"../../../Engine/Content/EngineMaterials/Substrate/Glints2/dict_0005_0113.uasset" 5388
"../../../Engine/Content/EngineMaterials/Substrate/Glints2/dict_0005_0114.uasset" 5389
"../../../Engine/Content/EngineMaterials/Substrate/Glints2/dict_0005_0115.uasset" 5390
"../../../Engine/Content/EngineMaterials/Substrate/Glints2/dict_0005_0116.uasset" 5391
"../../../Engine/Content/EngineMaterials/Substrate/Glints2/dict_0005_0117.uasset" 5392
"../../../Engine/Content/EngineMaterials/Substrate/Glints2/dict_0005_0118.uasset" 5393
"../../../Engine/Content/EngineMaterials/Substrate/Glints2/dict_0005_0119.uasset" 5394
"../../../Engine/Content/EngineMaterials/Substrate/Glints2/dict_0005_0120.uasset" 5395
"../../../Engine/Content/EngineMaterials/Substrate/Glints2/dict_0005_0121.uasset" 5396
"../../../Engine/Content/EngineMaterials/Substrate/Glints2/dict_0005_0122.uasset" 5397
"../../../Engine/Content/EngineMaterials/Substrate/Glints2/dict_0005_0123.uasset" 5398
"../../../Engine/Content/EngineMaterials/Substrate/Glints2/dict_0005_0124.uasset" 5399
"../../../Engine/Content/EngineMaterials/Substrate/Glints2/dict_0005_0125.uasset" 5400
"../../../Engine/Content/EngineMaterials/Substrate/Glints2/dict_0005_0126.uasset" 5401
"../../../Engine/Content/EngineMaterials/Substrate/Glints2/dict_0005_0127.uasset" 5402
"../../../Engine/Content/EngineMaterials/Substrate/Glints2/dict_0005_0128.uasset" 5403
"../../../Engine/Content/EngineMaterials/Substrate/Glints2/dict_0005_0129.uasset" 5404
"../../../Engine/Content/EngineMaterials/Substrate/Glints2/dict_0005_0130.uasset" 5405
"../../../Engine/Content/EngineMaterials/Substrate/Glints2/dict_0005_0131.uasset" 5406
"../../../Engine/Content/EngineMaterials/Substrate/Glints2/dict_0005_0132.uasset" 5407
"../../../Engine/Content/EngineMaterials/Substrate/Glints2/dict_0005_0133.uasset" 5408
"../../../Engine/Content/EngineMaterials/Substrate/Glints2/dict_0005_0134.uasset" 5409
"../../../Engine/Content/EngineMaterials/Substrate/Glints2/dict_0005_0135.uasset" 5410
"../../../Engine/Content/EngineMaterials/Substrate/Glints2/dict_0005_0136.uasset" 5411
"../../../Engine/Content/EngineMaterials/Substrate/Glints2/dict_0005_0137.uasset" 5412
"../../../Engine/Content/EngineMaterials/Substrate/Glints2/dict_0005_0138.uasset" 5413
"../../../Engine/Content/EngineMaterials/Substrate/Glints2/dict_0005_0139.uasset" 5414
"../../../Engine/Content/EngineMaterials/Substrate/Glints2/dict_0005_0140.uasset" 5415
"../../../Engine/Content/EngineMaterials/Substrate/Glints2/dict_0005_0141.uasset" 5416
"../../../Engine/Content/EngineMaterials/Substrate/Glints2/dict_0005_0142.uasset" 5417
"../../../Engine/Content/EngineMaterials/Substrate/Glints2/dict_0005_0143.uasset" 5418
"../../../Engine/Content/EngineMaterials/Substrate/Glints2/dict_0005_0144.uasset" 5419
"../../../Engine/Content/EngineMaterials/Substrate/Glints2/dict_0005_0145.uasset" 5420
"../../../Engine/Content/EngineMaterials/Substrate/Glints2/dict_0005_0146.uasset" 5421
"../../../Engine/Content/EngineMaterials/Substrate/Glints2/dict_0005_0147.uasset" 5422
"../../../Engine/Content/EngineMaterials/Substrate/Glints2/dict_0005_0148.uasset" 5423
"../../../Engine/Content/EngineMaterials/Substrate/Glints2/dict_0005_0149.uasset" 5424
"../../../Engine/Content/EngineMaterials/Substrate/Glints2/dict_0005_0150.uasset" 5425
"../../../Engine/Content/EngineMaterials/Substrate/Glints2/dict_0005_0151.uasset" 5426
"../../../Engine/Content/EngineMaterials/Substrate/Glints2/dict_0005_0152.uasset" 5427
"../../../Engine/Content/EngineMaterials/Substrate/Glints2/dict_0005_0153.uasset" 5428
"../../../Engine/Content/EngineMaterials/Substrate/Glints2/dict_0005_0154.uasset" 5429
"../../../Engine/Content/EngineMaterials/Substrate/Glints2/dict_0005_0155.uasset" 5430
"../../../Engine/Content/EngineMaterials/Substrate/Glints2/dict_0005_0156.uasset" 5431
"../../../Engine/Content/EngineMaterials/Substrate/Glints2/dict_0005_0157.uasset" 5432
"../../../Engine/Content/EngineMaterials/Substrate/Glints2/dict_0005_0158.uasset" 5433
"../../../Engine/Content/EngineMaterials/Substrate/Glints2/dict_0005_0159.uasset" 5434
"../../../Engine/Content/EngineMaterials/Substrate/Glints2/dict_0005_0160.uasset" 5435
"../../../Engine/Content/EngineMaterials/Substrate/Glints2/dict_0005_0161.uasset" 5436
"../../../Engine/Content/EngineMaterials/Substrate/Glints2/dict_0005_0162.uasset" 5437
"../../../Engine/Content/EngineMaterials/Substrate/Glints2/dict_0005_0163.uasset" 5438
"../../../Engine/Content/EngineMaterials/Substrate/Glints2/dict_0005_0164.uasset" 5439
"../../../Engine/Content/EngineMaterials/Substrate/Glints2/dict_0005_0165.uasset" 5440
"../../../Engine/Content/EngineMaterials/Substrate/Glints2/dict_0005_0166.uasset" 5441
"../../../Engine/Content/EngineMaterials/Substrate/Glints2/dict_0005_0167.uasset" 5442
"../../../Engine/Content/EngineMaterials/Substrate/Glints2/dict_0005_0168.uasset" 5443
"../../../Engine/Content/EngineMaterials/Substrate/Glints2/dict_0005_0169.uasset" 5444
"../../../Engine/Content/EngineMaterials/Substrate/Glints2/dict_0005_0170.uasset" 5445
"../../../Engine/Content/EngineMaterials/Substrate/Glints2/dict_0005_0171.uasset" 5446
"../../../Engine/Content/EngineMaterials/Substrate/Glints2/dict_0005_0172.uasset" 5447
"../../../Engine/Content/EngineMaterials/Substrate/Glints2/dict_0005_0173.uasset" 5448
"../../../Engine/Content/EngineMaterials/Substrate/Glints2/dict_0005_0174.uasset" 5449
"../../../Engine/Content/EngineMaterials/Substrate/Glints2/dict_0005_0175.uasset" 5450
"../../../Engine/Content/EngineMaterials/Substrate/Glints2/dict_0005_0176.uasset" 5451
"../../../Engine/Content/EngineMaterials/Substrate/Glints2/dict_0005_0177.uasset" 5452
"../../../Engine/Content/EngineMaterials/Substrate/Glints2/dict_0005_0178.uasset" 5453
"../../../Engine/Content/EngineMaterials/Substrate/Glints2/dict_0005_0179.uasset" 5454
"../../../Engine/Content/EngineMaterials/Substrate/Glints2/dict_0005_0180.uasset" 5455
"../../../Engine/Content/EngineMaterials/Substrate/Glints2/dict_0005_0181.uasset" 5456
"../../../Engine/Content/EngineMaterials/Substrate/Glints2/dict_0005_0182.uasset" 5457
"../../../Engine/Content/EngineMaterials/Substrate/Glints2/dict_0005_0183.uasset" 5458
"../../../Engine/Content/EngineMaterials/Substrate/Glints2/dict_0005_0184.uasset" 5459
"../../../Engine/Content/EngineMaterials/Substrate/Glints2/dict_0005_0185.uasset" 5460
"../../../Engine/Content/EngineMaterials/Substrate/Glints2/dict_0005_0186.uasset" 5461
"../../../Engine/Content/EngineMaterials/Substrate/Glints2/dict_0005_0187.uasset" 5462
"../../../Engine/Content/EngineMaterials/Substrate/Glints2/dict_0005_0188.uasset" 5463
"../../../Engine/Content/EngineMaterials/Substrate/Glints2/dict_0005_0189.uasset" 5464
"../../../Engine/Content/EngineMaterials/Substrate/Glints2/dict_0005_0190.uasset" 5465
"../../../Engine/Content/EngineMaterials/Substrate/Glints2/dict_0005_0191.uasset" 5466
"../../../Engine/Content/EngineMaterials/Substrate/Glints2/dict_0005_0192.uasset" 5467
"../../../Engine/Content/EngineMaterials/Substrate/Glints2/dict_0005_0193.uasset" 5468
"../../../Engine/Content/EngineMaterials/Substrate/Glints2/dict_0005_0194.uasset" 5469
"../../../Engine/Content/EngineMaterials/Substrate/Glints2/dict_0005_0195.uasset" 5470
"../../../Engine/Content/EngineMaterials/Substrate/Glints2/dict_0005_0196.uasset" 5471
"../../../Engine/Content/EngineMaterials/Substrate/Glints2/dict_0005_0197.uasset" 5472
"../../../Engine/Content/EngineMaterials/Substrate/Glints2/dict_0005_0198.uasset" 5473
"../../../Engine/Content/EngineMaterials/Substrate/Glints2/dict_0005_0199.uasset" 5474
"../../../Engine/Content/EngineMaterials/Substrate/Glints2/dict_0005_0200.uasset" 5475
"../../../Engine/Content/EngineMaterials/Substrate/Glints2/dict_0005_0201.uasset" 5476
"../../../Engine/Content/EngineMaterials/Substrate/Glints2/dict_0005_0202.uasset" 5477
"../../../Engine/Content/EngineMaterials/Substrate/Glints2/dict_0005_0203.uasset" 5478
"../../../Engine/Content/EngineMaterials/Substrate/Glints2/dict_0005_0204.uasset" 5479
"../../../Engine/Content/EngineMaterials/Substrate/Glints2/dict_0005_0205.uasset" 5480
"../../../Engine/Content/EngineMaterials/Substrate/Glints2/dict_0005_0206.uasset" 5481
"../../../Engine/Content/EngineMaterials/Substrate/Glints2/dict_0005_0207.uasset" 5482
"../../../Engine/Content/EngineMaterials/Substrate/Glints2/dict_0005_0208.uasset" 5483
"../../../Engine/Content/EngineMaterials/Substrate/Glints2/dict_0005_0209.uasset" 5484
"../../../Engine/Content/EngineMaterials/Substrate/Glints2/dict_0005_0210.uasset" 5485
"../../../Engine/Content/EngineMaterials/Substrate/Glints2/dict_0005_0211.uasset" 5486
"../../../Engine/Content/EngineMaterials/Substrate/Glints2/dict_0005_0212.uasset" 5487
"../../../Engine/Content/EngineMaterials/Substrate/Glints2/dict_0005_0213.uasset" 5488
"../../../Engine/Content/EngineMaterials/Substrate/Glints2/dict_0005_0214.uasset" 5489
"../../../Engine/Content/EngineMaterials/Substrate/Glints2/dict_0005_0215.uasset" 5490
"../../../Engine/Content/EngineMaterials/Substrate/Glints2/dict_0005_0216.uasset" 5491
"../../../Engine/Content/EngineMaterials/Substrate/Glints2/dict_0005_0217.uasset" 5492
"../../../Engine/Content/EngineMaterials/Substrate/Glints2/dict_0005_0218.uasset" 5493
"../../../Engine/Content/EngineMaterials/Substrate/Glints2/dict_0005_0219.uasset" 5494
"../../../Engine/Content/EngineMaterials/Substrate/Glints2/dict_0005_0220.uasset" 5495
"../../../Engine/Content/EngineMaterials/Substrate/Glints2/dict_0005_0221.uasset" 5496
"../../../Engine/Content/EngineMaterials/Substrate/Glints2/dict_0005_0222.uasset" 5497
"../../../Engine/Content/EngineMaterials/Substrate/Glints2/dict_0005_0223.uasset" 5498
"../../../Engine/Content/EngineMaterials/Substrate/Glints2/dict_0005_0224.uasset" 5499
"../../../Engine/Content/EngineMaterials/Substrate/Glints2/dict_0005_0225.uasset" 5500
"../../../Engine/Content/EngineMaterials/Substrate/Glints2/dict_0005_0226.uasset" 5501
"../../../Engine/Content/EngineMaterials/Substrate/Glints2/dict_0005_0227.uasset" 5502
"../../../Engine/Content/EngineMaterials/Substrate/Glints2/dict_0005_0228.uasset" 5503
"../../../Engine/Content/EngineMaterials/Substrate/Glints2/dict_0005_0229.uasset" 5504
"../../../Engine/Content/EngineMaterials/Substrate/Glints2/dict_0005_0230.uasset" 5505
"../../../Engine/Content/EngineMaterials/Substrate/Glints2/dict_0005_0231.uasset" 5506
"../../../Engine/Content/EngineMaterials/Substrate/Glints2/dict_0005_0232.uasset" 5507
"../../../Engine/Content/EngineMaterials/Substrate/Glints2/dict_0005_0233.uasset" 5508
"../../../Engine/Content/EngineMaterials/Substrate/Glints2/dict_0005_0234.uasset" 5509
"../../../Engine/Content/EngineMaterials/Substrate/Glints2/dict_0005_0235.uasset" 5510
"../../../Engine/Content/EngineMaterials/Substrate/Glints2/dict_0005_0236.uasset" 5511
"../../../Engine/Content/EngineMaterials/Substrate/Glints2/dict_0005_0237.uasset" 5512
"../../../Engine/Content/EngineMaterials/Substrate/Glints2/dict_0005_0238.uasset" 5513
"../../../Engine/Content/EngineMaterials/Substrate/Glints2/dict_0005_0239.uasset" 5514
"../../../Engine/Content/EngineMaterials/Substrate/Glints2/dict_0005_0240.uasset" 5515
"../../../Engine/Content/EngineMaterials/Substrate/Glints2/dict_0005_0241.uasset" 5516
"../../../Engine/Content/EngineMaterials/Substrate/Glints2/dict_0005_0242.uasset" 5517
"../../../Engine/Content/EngineMaterials/Substrate/Glints2/dict_0005_0243.uasset" 5518
"../../../Engine/Content/EngineMaterials/Substrate/Glints2/dict_0005_0244.uasset" 5519
"../../../Engine/Content/EngineMaterials/Substrate/Glints2/dict_0005_0245.uasset" 5520
"../../../Engine/Content/EngineMaterials/Substrate/Glints2/dict_0005_0246.uasset" 5521
"../../../Engine/Content/EngineMaterials/Substrate/Glints2/dict_0005_0247.uasset" 5522
"../../../Engine/Content/EngineMaterials/Substrate/Glints2/dict_0005_0248.uasset" 5523
"../../../Engine/Content/EngineMaterials/Substrate/Glints2/dict_0005_0249.uasset" 5524
"../../../Engine/Content/EngineMaterials/Substrate/Glints2/dict_0005_0250.uasset" 5525
"../../../Engine/Content/EngineMaterials/Substrate/Glints2/dict_0005_0251.uasset" 5526
"../../../Engine/Content/EngineMaterials/Substrate/Glints2/dict_0005_0252.uasset" 5527
"../../../Engine/Content/EngineMaterials/Substrate/Glints2/dict_0005_0253.uasset" 5528
"../../../Engine/Content/EngineMaterials/Substrate/Glints2/dict_0005_0254.uasset" 5529
"../../../Engine/Content/EngineMaterials/Substrate/Glints2/dict_0005_0255.uasset" 5530
"../../../Engine/Content/EngineMaterials/Substrate/Glints2/dict_0006_0000.uasset" 5531
"../../../Engine/Content/EngineMaterials/Substrate/Glints2/dict_0006_0001.uasset" 5532
"../../../Engine/Content/EngineMaterials/Substrate/Glints2/dict_0006_0002.uasset" 5533
"../../../Engine/Content/EngineMaterials/Substrate/Glints2/dict_0006_0003.uasset" 5534
"../../../Engine/Content/EngineMaterials/Substrate/Glints2/dict_0006_0004.uasset" 5535
"../../../Engine/Content/EngineMaterials/Substrate/Glints2/dict_0006_0005.uasset" 5536
"../../../Engine/Content/EngineMaterials/Substrate/Glints2/dict_0006_0006.uasset" 5537
"../../../Engine/Content/EngineMaterials/Substrate/Glints2/dict_0006_0007.uasset" 5538
"../../../Engine/Content/EngineMaterials/Substrate/Glints2/dict_0006_0008.uasset" 5539
"../../../Engine/Content/EngineMaterials/Substrate/Glints2/dict_0006_0009.uasset" 5540
"../../../Engine/Content/EngineMaterials/Substrate/Glints2/dict_0006_0010.uasset" 5541
"../../../Engine/Content/EngineMaterials/Substrate/Glints2/dict_0006_0011.uasset" 5542
"../../../Engine/Content/EngineMaterials/Substrate/Glints2/dict_0006_0012.uasset" 5543
"../../../Engine/Content/EngineMaterials/Substrate/Glints2/dict_0006_0013.uasset" 5544
"../../../Engine/Content/EngineMaterials/Substrate/Glints2/dict_0006_0014.uasset" 5545
"../../../Engine/Content/EngineMaterials/Substrate/Glints2/dict_0006_0015.uasset" 5546
"../../../Engine/Content/EngineMaterials/Substrate/Glints2/dict_0006_0016.uasset" 5547
"../../../Engine/Content/EngineMaterials/Substrate/Glints2/dict_0006_0017.uasset" 5548
"../../../Engine/Content/EngineMaterials/Substrate/Glints2/dict_0006_0018.uasset" 5549
"../../../Engine/Content/EngineMaterials/Substrate/Glints2/dict_0006_0019.uasset" 5550
"../../../Engine/Content/EngineMaterials/Substrate/Glints2/dict_0006_0020.uasset" 5551
"../../../Engine/Content/EngineMaterials/Substrate/Glints2/dict_0006_0021.uasset" 5552
"../../../Engine/Content/EngineMaterials/Substrate/Glints2/dict_0006_0022.uasset" 5553
"../../../Engine/Content/EngineMaterials/Substrate/Glints2/dict_0006_0023.uasset" 5554
"../../../Engine/Content/EngineMaterials/Substrate/Glints2/dict_0006_0024.uasset" 5555
"../../../Engine/Content/EngineMaterials/Substrate/Glints2/dict_0006_0025.uasset" 5556
"../../../Engine/Content/EngineMaterials/Substrate/Glints2/dict_0006_0026.uasset" 5557
"../../../Engine/Content/EngineMaterials/Substrate/Glints2/dict_0006_0027.uasset" 5558
"../../../Engine/Content/EngineMaterials/Substrate/Glints2/dict_0006_0028.uasset" 5559
"../../../Engine/Content/EngineMaterials/Substrate/Glints2/dict_0006_0029.uasset" 5560
"../../../Engine/Content/EngineMaterials/Substrate/Glints2/dict_0006_0030.uasset" 5561
"../../../Engine/Content/EngineMaterials/Substrate/Glints2/dict_0006_0031.uasset" 5562
"../../../Engine/Content/EngineMaterials/Substrate/Glints2/dict_0006_0032.uasset" 5563
"../../../Engine/Content/EngineMaterials/Substrate/Glints2/dict_0006_0033.uasset" 5564
"../../../Engine/Content/EngineMaterials/Substrate/Glints2/dict_0006_0034.uasset" 5565
"../../../Engine/Content/EngineMaterials/Substrate/Glints2/dict_0006_0035.uasset" 5566
"../../../Engine/Content/EngineMaterials/Substrate/Glints2/dict_0006_0036.uasset" 5567
"../../../Engine/Content/EngineMaterials/Substrate/Glints2/dict_0006_0037.uasset" 5568
"../../../Engine/Content/EngineMaterials/Substrate/Glints2/dict_0006_0038.uasset" 5569
"../../../Engine/Content/EngineMaterials/Substrate/Glints2/dict_0006_0039.uasset" 5570
"../../../Engine/Content/EngineMaterials/Substrate/Glints2/dict_0006_0040.uasset" 5571
"../../../Engine/Content/EngineMaterials/Substrate/Glints2/dict_0006_0041.uasset" 5572
"../../../Engine/Content/EngineMaterials/Substrate/Glints2/dict_0006_0042.uasset" 5573
"../../../Engine/Content/EngineMaterials/Substrate/Glints2/dict_0006_0043.uasset" 5574
"../../../Engine/Content/EngineMaterials/Substrate/Glints2/dict_0006_0044.uasset" 5575
"../../../Engine/Content/EngineMaterials/Substrate/Glints2/dict_0006_0045.uasset" 5576
"../../../Engine/Content/EngineMaterials/Substrate/Glints2/dict_0006_0046.uasset" 5577
"../../../Engine/Content/EngineMaterials/Substrate/Glints2/dict_0006_0047.uasset" 5578
"../../../Engine/Content/EngineMaterials/Substrate/Glints2/dict_0006_0048.uasset" 5579
"../../../Engine/Content/EngineMaterials/Substrate/Glints2/dict_0006_0049.uasset" 5580
"../../../Engine/Content/EngineMaterials/Substrate/Glints2/dict_0006_0050.uasset" 5581
"../../../Engine/Content/EngineMaterials/Substrate/Glints2/dict_0006_0051.uasset" 5582
"../../../Engine/Content/EngineMaterials/Substrate/Glints2/dict_0006_0052.uasset" 5583
"../../../Engine/Content/EngineMaterials/Substrate/Glints2/dict_0006_0053.uasset" 5584
"../../../Engine/Content/EngineMaterials/Substrate/Glints2/dict_0006_0054.uasset" 5585
"../../../Engine/Content/EngineMaterials/Substrate/Glints2/dict_0006_0055.uasset" 5586
"../../../Engine/Content/EngineMaterials/Substrate/Glints2/dict_0006_0056.uasset" 5587
"../../../Engine/Content/EngineMaterials/Substrate/Glints2/dict_0006_0057.uasset" 5588
"../../../Engine/Content/EngineMaterials/Substrate/Glints2/dict_0006_0058.uasset" 5589
"../../../Engine/Content/EngineMaterials/Substrate/Glints2/dict_0006_0059.uasset" 5590
"../../../Engine/Content/EngineMaterials/Substrate/Glints2/dict_0006_0060.uasset" 5591
"../../../Engine/Content/EngineMaterials/Substrate/Glints2/dict_0006_0061.uasset" 5592
"../../../Engine/Content/EngineMaterials/Substrate/Glints2/dict_0006_0062.uasset" 5593
"../../../Engine/Content/EngineMaterials/Substrate/Glints2/dict_0006_0063.uasset" 5594
"../../../Engine/Content/EngineMaterials/Substrate/Glints2/dict_0006_0064.uasset" 5595
"../../../Engine/Content/EngineMaterials/Substrate/Glints2/dict_0006_0065.uasset" 5596
"../../../Engine/Content/EngineMaterials/Substrate/Glints2/dict_0006_0066.uasset" 5597
"../../../Engine/Content/EngineMaterials/Substrate/Glints2/dict_0006_0067.uasset" 5598
"../../../Engine/Content/EngineMaterials/Substrate/Glints2/dict_0006_0068.uasset" 5599
"../../../Engine/Content/EngineMaterials/Substrate/Glints2/dict_0006_0069.uasset" 5600
"../../../Engine/Content/EngineMaterials/Substrate/Glints2/dict_0006_0070.uasset" 5601
"../../../Engine/Content/EngineMaterials/Substrate/Glints2/dict_0006_0071.uasset" 5602
"../../../Engine/Content/EngineMaterials/Substrate/Glints2/dict_0006_0072.uasset" 5603
"../../../Engine/Content/EngineMaterials/Substrate/Glints2/dict_0006_0073.uasset" 5604
"../../../Engine/Content/EngineMaterials/Substrate/Glints2/dict_0006_0074.uasset" 5605
"../../../Engine/Content/EngineMaterials/Substrate/Glints2/dict_0006_0075.uasset" 5606
"../../../Engine/Content/EngineMaterials/Substrate/Glints2/dict_0006_0076.uasset" 5607
"../../../Engine/Content/EngineMaterials/Substrate/Glints2/dict_0006_0077.uasset" 5608
"../../../Engine/Content/EngineMaterials/Substrate/Glints2/dict_0006_0078.uasset" 5609
"../../../Engine/Content/EngineMaterials/Substrate/Glints2/dict_0006_0079.uasset" 5610
"../../../Engine/Content/EngineMaterials/Substrate/Glints2/dict_0006_0080.uasset" 5611
"../../../Engine/Content/EngineMaterials/Substrate/Glints2/dict_0006_0081.uasset" 5612
"../../../Engine/Content/EngineMaterials/Substrate/Glints2/dict_0006_0082.uasset" 5613
"../../../Engine/Content/EngineMaterials/Substrate/Glints2/dict_0006_0083.uasset" 5614
"../../../Engine/Content/EngineMaterials/Substrate/Glints2/dict_0006_0084.uasset" 5615
"../../../Engine/Content/EngineMaterials/Substrate/Glints2/dict_0006_0085.uasset" 5616
"../../../Engine/Content/EngineMaterials/Substrate/Glints2/dict_0006_0086.uasset" 5617
"../../../Engine/Content/EngineMaterials/Substrate/Glints2/dict_0006_0087.uasset" 5618
"../../../Engine/Content/EngineMaterials/Substrate/Glints2/dict_0006_0088.uasset" 5619
"../../../Engine/Content/EngineMaterials/Substrate/Glints2/dict_0006_0089.uasset" 5620
"../../../Engine/Content/EngineMaterials/Substrate/Glints2/dict_0006_0090.uasset" 5621
"../../../Engine/Content/EngineMaterials/Substrate/Glints2/dict_0006_0091.uasset" 5622
"../../../Engine/Content/EngineMaterials/Substrate/Glints2/dict_0006_0092.uasset" 5623
"../../../Engine/Content/EngineMaterials/Substrate/Glints2/dict_0006_0093.uasset" 5624
"../../../Engine/Content/EngineMaterials/Substrate/Glints2/dict_0006_0094.uasset" 5625
"../../../Engine/Content/EngineMaterials/Substrate/Glints2/dict_0006_0095.uasset" 5626
"../../../Engine/Content/EngineMaterials/Substrate/Glints2/dict_0006_0096.uasset" 5627
"../../../Engine/Content/EngineMaterials/Substrate/Glints2/dict_0006_0097.uasset" 5628
"../../../Engine/Content/EngineMaterials/Substrate/Glints2/dict_0006_0098.uasset" 5629
"../../../Engine/Content/EngineMaterials/Substrate/Glints2/dict_0006_0099.uasset" 5630
"../../../Engine/Content/EngineMaterials/Substrate/Glints2/dict_0006_0100.uasset" 5631
"../../../Engine/Content/EngineMaterials/Substrate/Glints2/dict_0006_0101.uasset" 5632
"../../../Engine/Content/EngineMaterials/Substrate/Glints2/dict_0006_0102.uasset" 5633
"../../../Engine/Content/EngineMaterials/Substrate/Glints2/dict_0006_0103.uasset" 5634
"../../../Engine/Content/EngineMaterials/Substrate/Glints2/dict_0006_0104.uasset" 5635
"../../../Engine/Content/EngineMaterials/Substrate/Glints2/dict_0006_0105.uasset" 5636
"../../../Engine/Content/EngineMaterials/Substrate/Glints2/dict_0006_0106.uasset" 5637
"../../../Engine/Content/EngineMaterials/Substrate/Glints2/dict_0006_0107.uasset" 5638
"../../../Engine/Content/EngineMaterials/Substrate/Glints2/dict_0006_0108.uasset" 5639
"../../../Engine/Content/EngineMaterials/Substrate/Glints2/dict_0006_0109.uasset" 5640
"../../../Engine/Content/EngineMaterials/Substrate/Glints2/dict_0006_0110.uasset" 5641
"../../../Engine/Content/EngineMaterials/Substrate/Glints2/dict_0006_0111.uasset" 5642
"../../../Engine/Content/EngineMaterials/Substrate/Glints2/dict_0006_0112.uasset" 5643
"../../../Engine/Content/EngineMaterials/Substrate/Glints2/dict_0006_0113.uasset" 5644
"../../../Engine/Content/EngineMaterials/Substrate/Glints2/dict_0006_0114.uasset" 5645
"../../../Engine/Content/EngineMaterials/Substrate/Glints2/dict_0006_0115.uasset" 5646
"../../../Engine/Content/EngineMaterials/Substrate/Glints2/dict_0006_0116.uasset" 5647
"../../../Engine/Content/EngineMaterials/Substrate/Glints2/dict_0006_0117.uasset" 5648
"../../../Engine/Content/EngineMaterials/Substrate/Glints2/dict_0006_0118.uasset" 5649
"../../../Engine/Content/EngineMaterials/Substrate/Glints2/dict_0006_0119.uasset" 5650
"../../../Engine/Content/EngineMaterials/Substrate/Glints2/dict_0006_0120.uasset" 5651
"../../../Engine/Content/EngineMaterials/Substrate/Glints2/dict_0006_0121.uasset" 5652
"../../../Engine/Content/EngineMaterials/Substrate/Glints2/dict_0006_0122.uasset" 5653
"../../../Engine/Content/EngineMaterials/Substrate/Glints2/dict_0006_0123.uasset" 5654
"../../../Engine/Content/EngineMaterials/Substrate/Glints2/dict_0006_0124.uasset" 5655
"../../../Engine/Content/EngineMaterials/Substrate/Glints2/dict_0006_0125.uasset" 5656
"../../../Engine/Content/EngineMaterials/Substrate/Glints2/dict_0006_0126.uasset" 5657
"../../../Engine/Content/EngineMaterials/Substrate/Glints2/dict_0006_0127.uasset" 5658
"../../../Engine/Content/EngineMaterials/Substrate/Glints2/dict_0006_0128.uasset" 5659
"../../../Engine/Content/EngineMaterials/Substrate/Glints2/dict_0006_0129.uasset" 5660
"../../../Engine/Content/EngineMaterials/Substrate/Glints2/dict_0006_0130.uasset" 5661
"../../../Engine/Content/EngineMaterials/Substrate/Glints2/dict_0006_0131.uasset" 5662
"../../../Engine/Content/EngineMaterials/Substrate/Glints2/dict_0006_0132.uasset" 5663
"../../../Engine/Content/EngineMaterials/Substrate/Glints2/dict_0006_0133.uasset" 5664
"../../../Engine/Content/EngineMaterials/Substrate/Glints2/dict_0006_0134.uasset" 5665
"../../../Engine/Content/EngineMaterials/Substrate/Glints2/dict_0006_0135.uasset" 5666
"../../../Engine/Content/EngineMaterials/Substrate/Glints2/dict_0006_0136.uasset" 5667
"../../../Engine/Content/EngineMaterials/Substrate/Glints2/dict_0006_0137.uasset" 5668
"../../../Engine/Content/EngineMaterials/Substrate/Glints2/dict_0006_0138.uasset" 5669
"../../../Engine/Content/EngineMaterials/Substrate/Glints2/dict_0006_0139.uasset" 5670
"../../../Engine/Content/EngineMaterials/Substrate/Glints2/dict_0006_0140.uasset" 5671
"../../../Engine/Content/EngineMaterials/Substrate/Glints2/dict_0006_0141.uasset" 5672
"../../../Engine/Content/EngineMaterials/Substrate/Glints2/dict_0006_0142.uasset" 5673
"../../../Engine/Content/EngineMaterials/Substrate/Glints2/dict_0006_0143.uasset" 5674
"../../../Engine/Content/EngineMaterials/Substrate/Glints2/dict_0006_0144.uasset" 5675
"../../../Engine/Content/EngineMaterials/Substrate/Glints2/dict_0006_0145.uasset" 5676
"../../../Engine/Content/EngineMaterials/Substrate/Glints2/dict_0006_0146.uasset" 5677
"../../../Engine/Content/EngineMaterials/Substrate/Glints2/dict_0006_0147.uasset" 5678
"../../../Engine/Content/EngineMaterials/Substrate/Glints2/dict_0006_0148.uasset" 5679
"../../../Engine/Content/EngineMaterials/Substrate/Glints2/dict_0006_0149.uasset" 5680
"../../../Engine/Content/EngineMaterials/Substrate/Glints2/dict_0006_0150.uasset" 5681
"../../../Engine/Content/EngineMaterials/Substrate/Glints2/dict_0006_0151.uasset" 5682
"../../../Engine/Content/EngineMaterials/Substrate/Glints2/dict_0006_0152.uasset" 5683
"../../../Engine/Content/EngineMaterials/Substrate/Glints2/dict_0006_0153.uasset" 5684
"../../../Engine/Content/EngineMaterials/Substrate/Glints2/dict_0006_0154.uasset" 5685
"../../../Engine/Content/EngineMaterials/Substrate/Glints2/dict_0006_0155.uasset" 5686
"../../../Engine/Content/EngineMaterials/Substrate/Glints2/dict_0006_0156.uasset" 5687
"../../../Engine/Content/EngineMaterials/Substrate/Glints2/dict_0006_0157.uasset" 5688
"../../../Engine/Content/EngineMaterials/Substrate/Glints2/dict_0006_0158.uasset" 5689
"../../../Engine/Content/EngineMaterials/Substrate/Glints2/dict_0006_0159.uasset" 5690
"../../../Engine/Content/EngineMaterials/Substrate/Glints2/dict_0006_0160.uasset" 5691
"../../../Engine/Content/EngineMaterials/Substrate/Glints2/dict_0006_0161.uasset" 5692
"../../../Engine/Content/EngineMaterials/Substrate/Glints2/dict_0006_0162.uasset" 5693
"../../../Engine/Content/EngineMaterials/Substrate/Glints2/dict_0006_0163.uasset" 5694
"../../../Engine/Content/EngineMaterials/Substrate/Glints2/dict_0006_0164.uasset" 5695
"../../../Engine/Content/EngineMaterials/Substrate/Glints2/dict_0006_0165.uasset" 5696
"../../../Engine/Content/EngineMaterials/Substrate/Glints2/dict_0006_0166.uasset" 5697
"../../../Engine/Content/EngineMaterials/Substrate/Glints2/dict_0006_0167.uasset" 5698
"../../../Engine/Content/EngineMaterials/Substrate/Glints2/dict_0006_0168.uasset" 5699
"../../../Engine/Content/EngineMaterials/Substrate/Glints2/dict_0006_0169.uasset" 5700
"../../../Engine/Content/EngineMaterials/Substrate/Glints2/dict_0006_0170.uasset" 5701
"../../../Engine/Content/EngineMaterials/Substrate/Glints2/dict_0006_0171.uasset" 5702
"../../../Engine/Content/EngineMaterials/Substrate/Glints2/dict_0006_0172.uasset" 5703
"../../../Engine/Content/EngineMaterials/Substrate/Glints2/dict_0006_0173.uasset" 5704
"../../../Engine/Content/EngineMaterials/Substrate/Glints2/dict_0006_0174.uasset" 5705
"../../../Engine/Content/EngineMaterials/Substrate/Glints2/dict_0006_0175.uasset" 5706
"../../../Engine/Content/EngineMaterials/Substrate/Glints2/dict_0006_0176.uasset" 5707
"../../../Engine/Content/EngineMaterials/Substrate/Glints2/dict_0006_0177.uasset" 5708
"../../../Engine/Content/EngineMaterials/Substrate/Glints2/dict_0006_0178.uasset" 5709
"../../../Engine/Content/EngineMaterials/Substrate/Glints2/dict_0006_0179.uasset" 5710
"../../../Engine/Content/EngineMaterials/Substrate/Glints2/dict_0006_0180.uasset" 5711
"../../../Engine/Content/EngineMaterials/Substrate/Glints2/dict_0006_0181.uasset" 5712
"../../../Engine/Content/EngineMaterials/Substrate/Glints2/dict_0006_0182.uasset" 5713
"../../../Engine/Content/EngineMaterials/Substrate/Glints2/dict_0006_0183.uasset" 5714
"../../../Engine/Content/EngineMaterials/Substrate/Glints2/dict_0006_0184.uasset" 5715
"../../../Engine/Content/EngineMaterials/Substrate/Glints2/dict_0006_0185.uasset" 5716
"../../../Engine/Content/EngineMaterials/Substrate/Glints2/dict_0006_0186.uasset" 5717
"../../../Engine/Content/EngineMaterials/Substrate/Glints2/dict_0006_0187.uasset" 5718
"../../../Engine/Content/EngineMaterials/Substrate/Glints2/dict_0006_0188.uasset" 5719
"../../../Engine/Content/EngineMaterials/Substrate/Glints2/dict_0006_0189.uasset" 5720
"../../../Engine/Content/EngineMaterials/Substrate/Glints2/dict_0006_0190.uasset" 5721
"../../../Engine/Content/EngineMaterials/Substrate/Glints2/dict_0006_0191.uasset" 5722
"../../../Engine/Content/EngineMaterials/Substrate/Glints2/dict_0006_0192.uasset" 5723
"../../../Engine/Content/EngineMaterials/Substrate/Glints2/dict_0006_0193.uasset" 5724
"../../../Engine/Content/EngineMaterials/Substrate/Glints2/dict_0006_0194.uasset" 5725
"../../../Engine/Content/EngineMaterials/Substrate/Glints2/dict_0006_0195.uasset" 5726
"../../../Engine/Content/EngineMaterials/Substrate/Glints2/dict_0006_0196.uasset" 5727
"../../../Engine/Content/EngineMaterials/Substrate/Glints2/dict_0006_0197.uasset" 5728
"../../../Engine/Content/EngineMaterials/Substrate/Glints2/dict_0006_0198.uasset" 5729
"../../../Engine/Content/EngineMaterials/Substrate/Glints2/dict_0006_0199.uasset" 5730
"../../../Engine/Content/EngineMaterials/Substrate/Glints2/dict_0006_0200.uasset" 5731
"../../../Engine/Content/EngineMaterials/Substrate/Glints2/dict_0006_0201.uasset" 5732
"../../../Engine/Content/EngineMaterials/Substrate/Glints2/dict_0006_0202.uasset" 5733
"../../../Engine/Content/EngineMaterials/Substrate/Glints2/dict_0006_0203.uasset" 5734
"../../../Engine/Content/EngineMaterials/Substrate/Glints2/dict_0006_0204.uasset" 5735
"../../../Engine/Content/EngineMaterials/Substrate/Glints2/dict_0006_0205.uasset" 5736
"../../../Engine/Content/EngineMaterials/Substrate/Glints2/dict_0006_0206.uasset" 5737
"../../../Engine/Content/EngineMaterials/Substrate/Glints2/dict_0006_0207.uasset" 5738
"../../../Engine/Content/EngineMaterials/Substrate/Glints2/dict_0006_0208.uasset" 5739
"../../../Engine/Content/EngineMaterials/Substrate/Glints2/dict_0006_0209.uasset" 5740
"../../../Engine/Content/EngineMaterials/Substrate/Glints2/dict_0006_0210.uasset" 5741
"../../../Engine/Content/EngineMaterials/Substrate/Glints2/dict_0006_0211.uasset" 5742
"../../../Engine/Content/EngineMaterials/Substrate/Glints2/dict_0006_0212.uasset" 5743
"../../../Engine/Content/EngineMaterials/Substrate/Glints2/dict_0006_0213.uasset" 5744
"../../../Engine/Content/EngineMaterials/Substrate/Glints2/dict_0006_0214.uasset" 5745
"../../../Engine/Content/EngineMaterials/Substrate/Glints2/dict_0006_0215.uasset" 5746
"../../../Engine/Content/EngineMaterials/Substrate/Glints2/dict_0006_0216.uasset" 5747
"../../../Engine/Content/EngineMaterials/Substrate/Glints2/dict_0006_0217.uasset" 5748
"../../../Engine/Content/EngineMaterials/Substrate/Glints2/dict_0006_0218.uasset" 5749
"../../../Engine/Content/EngineMaterials/Substrate/Glints2/dict_0006_0219.uasset" 5750
"../../../Engine/Content/EngineMaterials/Substrate/Glints2/dict_0006_0220.uasset" 5751
"../../../Engine/Content/EngineMaterials/Substrate/Glints2/dict_0006_0221.uasset" 5752
"../../../Engine/Content/EngineMaterials/Substrate/Glints2/dict_0006_0222.uasset" 5753
"../../../Engine/Content/EngineMaterials/Substrate/Glints2/dict_0006_0223.uasset" 5754
"../../../Engine/Content/EngineMaterials/Substrate/Glints2/dict_0006_0224.uasset" 5755
"../../../Engine/Content/EngineMaterials/Substrate/Glints2/dict_0006_0225.uasset" 5756
"../../../Engine/Content/EngineMaterials/Substrate/Glints2/dict_0006_0226.uasset" 5757
"../../../Engine/Content/EngineMaterials/Substrate/Glints2/dict_0006_0227.uasset" 5758
"../../../Engine/Content/EngineMaterials/Substrate/Glints2/dict_0006_0228.uasset" 5759
"../../../Engine/Content/EngineMaterials/Substrate/Glints2/dict_0006_0229.uasset" 5760
"../../../Engine/Content/EngineMaterials/Substrate/Glints2/dict_0006_0230.uasset" 5761
"../../../Engine/Content/EngineMaterials/Substrate/Glints2/dict_0006_0231.uasset" 5762
"../../../Engine/Content/EngineMaterials/Substrate/Glints2/dict_0006_0232.uasset" 5763
"../../../Engine/Content/EngineMaterials/Substrate/Glints2/dict_0006_0233.uasset" 5764
"../../../Engine/Content/EngineMaterials/Substrate/Glints2/dict_0006_0234.uasset" 5765
"../../../Engine/Content/EngineMaterials/Substrate/Glints2/dict_0006_0235.uasset" 5766
"../../../Engine/Content/EngineMaterials/Substrate/Glints2/dict_0006_0236.uasset" 5767
"../../../Engine/Content/EngineMaterials/Substrate/Glints2/dict_0006_0237.uasset" 5768
"../../../Engine/Content/EngineMaterials/Substrate/Glints2/dict_0006_0238.uasset" 5769
"../../../Engine/Content/EngineMaterials/Substrate/Glints2/dict_0006_0239.uasset" 5770
"../../../Engine/Content/EngineMaterials/Substrate/Glints2/dict_0006_0240.uasset" 5771
"../../../Engine/Content/EngineMaterials/Substrate/Glints2/dict_0006_0241.uasset" 5772
"../../../Engine/Content/EngineMaterials/Substrate/Glints2/dict_0006_0242.uasset" 5773
"../../../Engine/Content/EngineMaterials/Substrate/Glints2/dict_0006_0243.uasset" 5774
"../../../Engine/Content/EngineMaterials/Substrate/Glints2/dict_0006_0244.uasset" 5775
"../../../Engine/Content/EngineMaterials/Substrate/Glints2/dict_0006_0245.uasset" 5776
"../../../Engine/Content/EngineMaterials/Substrate/Glints2/dict_0006_0246.uasset" 5777
"../../../Engine/Content/EngineMaterials/Substrate/Glints2/dict_0006_0247.uasset" 5778
"../../../Engine/Content/EngineMaterials/Substrate/Glints2/dict_0006_0248.uasset" 5779
"../../../Engine/Content/EngineMaterials/Substrate/Glints2/dict_0006_0249.uasset" 5780
"../../../Engine/Content/EngineMaterials/Substrate/Glints2/dict_0006_0250.uasset" 5781
"../../../Engine/Content/EngineMaterials/Substrate/Glints2/dict_0006_0251.uasset" 5782
"../../../Engine/Content/EngineMaterials/Substrate/Glints2/dict_0006_0252.uasset" 5783
"../../../Engine/Content/EngineMaterials/Substrate/Glints2/dict_0006_0253.uasset" 5784
"../../../Engine/Content/EngineMaterials/Substrate/Glints2/dict_0006_0254.uasset" 5785
"../../../Engine/Content/EngineMaterials/Substrate/Glints2/dict_0006_0255.uasset" 5786
"../../../Engine/Content/EngineMaterials/Substrate/Glints2/dict_0007_0000.uasset" 5787
"../../../Engine/Content/EngineMaterials/Substrate/Glints2/dict_0007_0001.uasset" 5788
"../../../Engine/Content/EngineMaterials/Substrate/Glints2/dict_0007_0002.uasset" 5789
"../../../Engine/Content/EngineMaterials/Substrate/Glints2/dict_0007_0003.uasset" 5790
"../../../Engine/Content/EngineMaterials/Substrate/Glints2/dict_0007_0004.uasset" 5791
"../../../Engine/Content/EngineMaterials/Substrate/Glints2/dict_0007_0005.uasset" 5792
"../../../Engine/Content/EngineMaterials/Substrate/Glints2/dict_0007_0006.uasset" 5793
"../../../Engine/Content/EngineMaterials/Substrate/Glints2/dict_0007_0007.uasset" 5794
"../../../Engine/Content/EngineMaterials/Substrate/Glints2/dict_0007_0008.uasset" 5795
"../../../Engine/Content/EngineMaterials/Substrate/Glints2/dict_0007_0009.uasset" 5796
"../../../Engine/Content/EngineMaterials/Substrate/Glints2/dict_0007_0010.uasset" 5797
"../../../Engine/Content/EngineMaterials/Substrate/Glints2/dict_0007_0011.uasset" 5798
"../../../Engine/Content/EngineMaterials/Substrate/Glints2/dict_0007_0012.uasset" 5799
"../../../Engine/Content/EngineMaterials/Substrate/Glints2/dict_0007_0013.uasset" 5800
"../../../Engine/Content/EngineMaterials/Substrate/Glints2/dict_0007_0014.uasset" 5801
"../../../Engine/Content/EngineMaterials/Substrate/Glints2/dict_0007_0015.uasset" 5802
"../../../Engine/Content/EngineMaterials/Substrate/Glints2/dict_0007_0016.uasset" 5803
"../../../Engine/Content/EngineMaterials/Substrate/Glints2/dict_0007_0017.uasset" 5804
"../../../Engine/Content/EngineMaterials/Substrate/Glints2/dict_0007_0018.uasset" 5805
"../../../Engine/Content/EngineMaterials/Substrate/Glints2/dict_0007_0019.uasset" 5806
"../../../Engine/Content/EngineMaterials/Substrate/Glints2/dict_0007_0020.uasset" 5807
"../../../Engine/Content/EngineMaterials/Substrate/Glints2/dict_0007_0021.uasset" 5808
"../../../Engine/Content/EngineMaterials/Substrate/Glints2/dict_0007_0022.uasset" 5809
"../../../Engine/Content/EngineMaterials/Substrate/Glints2/dict_0007_0023.uasset" 5810
"../../../Engine/Content/EngineMaterials/Substrate/Glints2/dict_0007_0024.uasset" 5811
"../../../Engine/Content/EngineMaterials/Substrate/Glints2/dict_0007_0025.uasset" 5812
"../../../Engine/Content/EngineMaterials/Substrate/Glints2/dict_0007_0026.uasset" 5813
"../../../Engine/Content/EngineMaterials/Substrate/Glints2/dict_0007_0027.uasset" 5814
"../../../Engine/Content/EngineMaterials/Substrate/Glints2/dict_0007_0028.uasset" 5815
"../../../Engine/Content/EngineMaterials/Substrate/Glints2/dict_0007_0029.uasset" 5816
"../../../Engine/Content/EngineMaterials/Substrate/Glints2/dict_0007_0030.uasset" 5817
"../../../Engine/Content/EngineMaterials/Substrate/Glints2/dict_0007_0031.uasset" 5818
"../../../Engine/Content/EngineMaterials/Substrate/Glints2/dict_0007_0032.uasset" 5819
"../../../Engine/Content/EngineMaterials/Substrate/Glints2/dict_0007_0033.uasset" 5820
"../../../Engine/Content/EngineMaterials/Substrate/Glints2/dict_0007_0034.uasset" 5821
"../../../Engine/Content/EngineMaterials/Substrate/Glints2/dict_0007_0035.uasset" 5822
"../../../Engine/Content/EngineMaterials/Substrate/Glints2/dict_0007_0036.uasset" 5823
"../../../Engine/Content/EngineMaterials/Substrate/Glints2/dict_0007_0037.uasset" 5824
"../../../Engine/Content/EngineMaterials/Substrate/Glints2/dict_0007_0038.uasset" 5825
"../../../Engine/Content/EngineMaterials/Substrate/Glints2/dict_0007_0039.uasset" 5826
"../../../Engine/Content/EngineMaterials/Substrate/Glints2/dict_0007_0040.uasset" 5827
"../../../Engine/Content/EngineMaterials/Substrate/Glints2/dict_0007_0041.uasset" 5828
"../../../Engine/Content/EngineMaterials/Substrate/Glints2/dict_0007_0042.uasset" 5829
"../../../Engine/Content/EngineMaterials/Substrate/Glints2/dict_0007_0043.uasset" 5830
"../../../Engine/Content/EngineMaterials/Substrate/Glints2/dict_0007_0044.uasset" 5831
"../../../Engine/Content/EngineMaterials/Substrate/Glints2/dict_0007_0045.uasset" 5832
"../../../Engine/Content/EngineMaterials/Substrate/Glints2/dict_0007_0046.uasset" 5833
"../../../Engine/Content/EngineMaterials/Substrate/Glints2/dict_0007_0047.uasset" 5834
"../../../Engine/Content/EngineMaterials/Substrate/Glints2/dict_0007_0048.uasset" 5835
"../../../Engine/Content/EngineMaterials/Substrate/Glints2/dict_0007_0049.uasset" 5836
"../../../Engine/Content/EngineMaterials/Substrate/Glints2/dict_0007_0050.uasset" 5837
"../../../Engine/Content/EngineMaterials/Substrate/Glints2/dict_0007_0051.uasset" 5838
"../../../Engine/Content/EngineMaterials/Substrate/Glints2/dict_0007_0052.uasset" 5839
"../../../Engine/Content/EngineMaterials/Substrate/Glints2/dict_0007_0053.uasset" 5840
"../../../Engine/Content/EngineMaterials/Substrate/Glints2/dict_0007_0054.uasset" 5841
"../../../Engine/Content/EngineMaterials/Substrate/Glints2/dict_0007_0055.uasset" 5842
"../../../Engine/Content/EngineMaterials/Substrate/Glints2/dict_0007_0056.uasset" 5843
"../../../Engine/Content/EngineMaterials/Substrate/Glints2/dict_0007_0057.uasset" 5844
"../../../Engine/Content/EngineMaterials/Substrate/Glints2/dict_0007_0058.uasset" 5845
"../../../Engine/Content/EngineMaterials/Substrate/Glints2/dict_0007_0059.uasset" 5846
"../../../Engine/Content/EngineMaterials/Substrate/Glints2/dict_0007_0060.uasset" 5847
"../../../Engine/Content/EngineMaterials/Substrate/Glints2/dict_0007_0061.uasset" 5848
"../../../Engine/Content/EngineMaterials/Substrate/Glints2/dict_0007_0062.uasset" 5849
"../../../Engine/Content/EngineMaterials/Substrate/Glints2/dict_0007_0063.uasset" 5850
"../../../Engine/Content/EngineMaterials/Substrate/Glints2/dict_0007_0064.uasset" 5851
"../../../Engine/Content/EngineMaterials/Substrate/Glints2/dict_0007_0065.uasset" 5852
"../../../Engine/Content/EngineMaterials/Substrate/Glints2/dict_0007_0066.uasset" 5853
"../../../Engine/Content/EngineMaterials/Substrate/Glints2/dict_0007_0067.uasset" 5854
"../../../Engine/Content/EngineMaterials/Substrate/Glints2/dict_0007_0068.uasset" 5855
"../../../Engine/Content/EngineMaterials/Substrate/Glints2/dict_0007_0069.uasset" 5856
"../../../Engine/Content/EngineMaterials/Substrate/Glints2/dict_0007_0070.uasset" 5857
"../../../Engine/Content/EngineMaterials/Substrate/Glints2/dict_0007_0071.uasset" 5858
"../../../Engine/Content/EngineMaterials/Substrate/Glints2/dict_0007_0072.uasset" 5859
"../../../Engine/Content/EngineMaterials/Substrate/Glints2/dict_0007_0073.uasset" 5860
"../../../Engine/Content/EngineMaterials/Substrate/Glints2/dict_0007_0074.uasset" 5861
"../../../Engine/Content/EngineMaterials/Substrate/Glints2/dict_0007_0075.uasset" 5862
"../../../Engine/Content/EngineMaterials/Substrate/Glints2/dict_0007_0076.uasset" 5863
"../../../Engine/Content/EngineMaterials/Substrate/Glints2/dict_0007_0077.uasset" 5864
"../../../Engine/Content/EngineMaterials/Substrate/Glints2/dict_0007_0078.uasset" 5865
"../../../Engine/Content/EngineMaterials/Substrate/Glints2/dict_0007_0079.uasset" 5866
"../../../Engine/Content/EngineMaterials/Substrate/Glints2/dict_0007_0080.uasset" 5867
"../../../Engine/Content/EngineMaterials/Substrate/Glints2/dict_0007_0081.uasset" 5868
"../../../Engine/Content/EngineMaterials/Substrate/Glints2/dict_0007_0082.uasset" 5869
"../../../Engine/Content/EngineMaterials/Substrate/Glints2/dict_0007_0083.uasset" 5870
"../../../Engine/Content/EngineMaterials/Substrate/Glints2/dict_0007_0084.uasset" 5871
"../../../Engine/Content/EngineMaterials/Substrate/Glints2/dict_0007_0085.uasset" 5872
"../../../Engine/Content/EngineMaterials/Substrate/Glints2/dict_0007_0086.uasset" 5873
"../../../Engine/Content/EngineMaterials/Substrate/Glints2/dict_0007_0087.uasset" 5874
"../../../Engine/Content/EngineMaterials/Substrate/Glints2/dict_0007_0088.uasset" 5875
"../../../Engine/Content/EngineMaterials/Substrate/Glints2/dict_0007_0089.uasset" 5876
"../../../Engine/Content/EngineMaterials/Substrate/Glints2/dict_0007_0090.uasset" 5877
"../../../Engine/Content/EngineMaterials/Substrate/Glints2/dict_0007_0091.uasset" 5878
"../../../Engine/Content/EngineMaterials/Substrate/Glints2/dict_0007_0092.uasset" 5879
"../../../Engine/Content/EngineMaterials/Substrate/Glints2/dict_0007_0093.uasset" 5880
"../../../Engine/Content/EngineMaterials/Substrate/Glints2/dict_0007_0094.uasset" 5881
"../../../Engine/Content/EngineMaterials/Substrate/Glints2/dict_0007_0095.uasset" 5882
"../../../Engine/Content/EngineMaterials/Substrate/Glints2/dict_0007_0096.uasset" 5883
"../../../Engine/Content/EngineMaterials/Substrate/Glints2/dict_0007_0097.uasset" 5884
"../../../Engine/Content/EngineMaterials/Substrate/Glints2/dict_0007_0098.uasset" 5885
"../../../Engine/Content/EngineMaterials/Substrate/Glints2/dict_0007_0099.uasset" 5886
"../../../Engine/Content/EngineMaterials/Substrate/Glints2/dict_0007_0100.uasset" 5887
"../../../Engine/Content/EngineMaterials/Substrate/Glints2/dict_0007_0101.uasset" 5888
"../../../Engine/Content/EngineMaterials/Substrate/Glints2/dict_0007_0102.uasset" 5889
"../../../Engine/Content/EngineMaterials/Substrate/Glints2/dict_0007_0103.uasset" 5890
"../../../Engine/Content/EngineMaterials/Substrate/Glints2/dict_0007_0104.uasset" 5891
"../../../Engine/Content/EngineMaterials/Substrate/Glints2/dict_0007_0105.uasset" 5892
"../../../Engine/Content/EngineMaterials/Substrate/Glints2/dict_0007_0106.uasset" 5893
"../../../Engine/Content/EngineMaterials/Substrate/Glints2/dict_0007_0107.uasset" 5894
"../../../Engine/Content/EngineMaterials/Substrate/Glints2/dict_0007_0108.uasset" 5895
"../../../Engine/Content/EngineMaterials/Substrate/Glints2/dict_0007_0109.uasset" 5896
"../../../Engine/Content/EngineMaterials/Substrate/Glints2/dict_0007_0110.uasset" 5897
"../../../Engine/Content/EngineMaterials/Substrate/Glints2/dict_0007_0111.uasset" 5898
"../../../Engine/Content/EngineMaterials/Substrate/Glints2/dict_0007_0112.uasset" 5899
"../../../Engine/Content/EngineMaterials/Substrate/Glints2/dict_0007_0113.uasset" 5900
"../../../Engine/Content/EngineMaterials/Substrate/Glints2/dict_0007_0114.uasset" 5901
"../../../Engine/Content/EngineMaterials/Substrate/Glints2/dict_0007_0115.uasset" 5902
"../../../Engine/Content/EngineMaterials/Substrate/Glints2/dict_0007_0116.uasset" 5903
"../../../Engine/Content/EngineMaterials/Substrate/Glints2/dict_0007_0117.uasset" 5904
"../../../Engine/Content/EngineMaterials/Substrate/Glints2/dict_0007_0118.uasset" 5905
"../../../Engine/Content/EngineMaterials/Substrate/Glints2/dict_0007_0119.uasset" 5906
"../../../Engine/Content/EngineMaterials/Substrate/Glints2/dict_0007_0120.uasset" 5907
"../../../Engine/Content/EngineMaterials/Substrate/Glints2/dict_0007_0121.uasset" 5908
"../../../Engine/Content/EngineMaterials/Substrate/Glints2/dict_0007_0122.uasset" 5909
"../../../Engine/Content/EngineMaterials/Substrate/Glints2/dict_0007_0123.uasset" 5910
"../../../Engine/Content/EngineMaterials/Substrate/Glints2/dict_0007_0124.uasset" 5911
"../../../Engine/Content/EngineMaterials/Substrate/Glints2/dict_0007_0125.uasset" 5912
"../../../Engine/Content/EngineMaterials/Substrate/Glints2/dict_0007_0126.uasset" 5913
"../../../Engine/Content/EngineMaterials/Substrate/Glints2/dict_0007_0127.uasset" 5914
"../../../Engine/Content/EngineMaterials/Substrate/Glints2/dict_0007_0128.uasset" 5915
"../../../Engine/Content/EngineMaterials/Substrate/Glints2/dict_0007_0129.uasset" 5916
"../../../Engine/Content/EngineMaterials/Substrate/Glints2/dict_0007_0130.uasset" 5917
"../../../Engine/Content/EngineMaterials/Substrate/Glints2/dict_0007_0131.uasset" 5918
"../../../Engine/Content/EngineMaterials/Substrate/Glints2/dict_0007_0132.uasset" 5919
"../../../Engine/Content/EngineMaterials/Substrate/Glints2/dict_0007_0133.uasset" 5920
"../../../Engine/Content/EngineMaterials/Substrate/Glints2/dict_0007_0134.uasset" 5921
"../../../Engine/Content/EngineMaterials/Substrate/Glints2/dict_0007_0135.uasset" 5922
"../../../Engine/Content/EngineMaterials/Substrate/Glints2/dict_0007_0136.uasset" 5923
"../../../Engine/Content/EngineMaterials/Substrate/Glints2/dict_0007_0137.uasset" 5924
"../../../Engine/Content/EngineMaterials/Substrate/Glints2/dict_0007_0138.uasset" 5925
"../../../Engine/Content/EngineMaterials/Substrate/Glints2/dict_0007_0139.uasset" 5926
"../../../Engine/Content/EngineMaterials/Substrate/Glints2/dict_0007_0140.uasset" 5927
"../../../Engine/Content/EngineMaterials/Substrate/Glints2/dict_0007_0141.uasset" 5928
"../../../Engine/Content/EngineMaterials/Substrate/Glints2/dict_0007_0142.uasset" 5929
"../../../Engine/Content/EngineMaterials/Substrate/Glints2/dict_0007_0143.uasset" 5930
"../../../Engine/Content/EngineMaterials/Substrate/Glints2/dict_0007_0144.uasset" 5931
"../../../Engine/Content/EngineMaterials/Substrate/Glints2/dict_0007_0145.uasset" 5932
"../../../Engine/Content/EngineMaterials/Substrate/Glints2/dict_0007_0146.uasset" 5933
"../../../Engine/Content/EngineMaterials/Substrate/Glints2/dict_0007_0147.uasset" 5934
"../../../Engine/Content/EngineMaterials/Substrate/Glints2/dict_0007_0148.uasset" 5935
"../../../Engine/Content/EngineMaterials/Substrate/Glints2/dict_0007_0149.uasset" 5936
"../../../Engine/Content/EngineMaterials/Substrate/Glints2/dict_0007_0150.uasset" 5937
"../../../Engine/Content/EngineMaterials/Substrate/Glints2/dict_0007_0151.uasset" 5938
"../../../Engine/Content/EngineMaterials/Substrate/Glints2/dict_0007_0152.uasset" 5939
"../../../Engine/Content/EngineMaterials/Substrate/Glints2/dict_0007_0153.uasset" 5940
"../../../Engine/Content/EngineMaterials/Substrate/Glints2/dict_0007_0154.uasset" 5941
"../../../Engine/Content/EngineMaterials/Substrate/Glints2/dict_0007_0155.uasset" 5942
"../../../Engine/Content/EngineMaterials/Substrate/Glints2/dict_0007_0156.uasset" 5943
"../../../Engine/Content/EngineMaterials/Substrate/Glints2/dict_0007_0157.uasset" 5944
"../../../Engine/Content/EngineMaterials/Substrate/Glints2/dict_0007_0158.uasset" 5945
"../../../Engine/Content/EngineMaterials/Substrate/Glints2/dict_0007_0159.uasset" 5946
"../../../Engine/Content/EngineMaterials/Substrate/Glints2/dict_0007_0160.uasset" 5947
"../../../Engine/Content/EngineMaterials/Substrate/Glints2/dict_0007_0161.uasset" 5948
"../../../Engine/Content/EngineMaterials/Substrate/Glints2/dict_0007_0162.uasset" 5949
"../../../Engine/Content/EngineMaterials/Substrate/Glints2/dict_0007_0163.uasset" 5950
"../../../Engine/Content/EngineMaterials/Substrate/Glints2/dict_0007_0164.uasset" 5951
"../../../Engine/Content/EngineMaterials/Substrate/Glints2/dict_0007_0165.uasset" 5952
"../../../Engine/Content/EngineMaterials/Substrate/Glints2/dict_0007_0166.uasset" 5953
"../../../Engine/Content/EngineMaterials/Substrate/Glints2/dict_0007_0167.uasset" 5954
"../../../Engine/Content/EngineMaterials/Substrate/Glints2/dict_0007_0168.uasset" 5955
"../../../Engine/Content/EngineMaterials/Substrate/Glints2/dict_0007_0169.uasset" 5956
"../../../Engine/Content/EngineMaterials/Substrate/Glints2/dict_0007_0170.uasset" 5957
"../../../Engine/Content/EngineMaterials/Substrate/Glints2/dict_0007_0171.uasset" 5958
"../../../Engine/Content/EngineMaterials/Substrate/Glints2/dict_0007_0172.uasset" 5959
"../../../Engine/Content/EngineMaterials/Substrate/Glints2/dict_0007_0173.uasset" 5960
"../../../Engine/Content/EngineMaterials/Substrate/Glints2/dict_0007_0174.uasset" 5961
"../../../Engine/Content/EngineMaterials/Substrate/Glints2/dict_0007_0175.uasset" 5962
"../../../Engine/Content/EngineMaterials/Substrate/Glints2/dict_0007_0176.uasset" 5963
"../../../Engine/Content/EngineMaterials/Substrate/Glints2/dict_0007_0177.uasset" 5964
"../../../Engine/Content/EngineMaterials/Substrate/Glints2/dict_0007_0178.uasset" 5965
"../../../Engine/Content/EngineMaterials/Substrate/Glints2/dict_0007_0179.uasset" 5966
"../../../Engine/Content/EngineMaterials/Substrate/Glints2/dict_0007_0180.uasset" 5967
"../../../Engine/Content/EngineMaterials/Substrate/Glints2/dict_0007_0181.uasset" 5968
"../../../Engine/Content/EngineMaterials/Substrate/Glints2/dict_0007_0182.uasset" 5969
"../../../Engine/Content/EngineMaterials/Substrate/Glints2/dict_0007_0183.uasset" 5970
"../../../Engine/Content/EngineMaterials/Substrate/Glints2/dict_0007_0184.uasset" 5971
"../../../Engine/Content/EngineMaterials/Substrate/Glints2/dict_0007_0185.uasset" 5972
"../../../Engine/Content/EngineMaterials/Substrate/Glints2/dict_0007_0186.uasset" 5973
"../../../Engine/Content/EngineMaterials/Substrate/Glints2/dict_0007_0187.uasset" 5974
"../../../Engine/Content/EngineMaterials/Substrate/Glints2/dict_0007_0188.uasset" 5975
"../../../Engine/Content/EngineMaterials/Substrate/Glints2/dict_0007_0189.uasset" 5976
"../../../Engine/Content/EngineMaterials/Substrate/Glints2/dict_0007_0190.uasset" 5977
"../../../Engine/Content/EngineMaterials/Substrate/Glints2/dict_0007_0191.uasset" 5978
"../../../Engine/Content/EngineMaterials/Substrate/Glints2/dict_0007_0192.uasset" 5979
"../../../Engine/Content/EngineMaterials/Substrate/Glints2/dict_0007_0193.uasset" 5980
"../../../Engine/Content/EngineMaterials/Substrate/Glints2/dict_0007_0194.uasset" 5981
"../../../Engine/Content/EngineMaterials/Substrate/Glints2/dict_0007_0195.uasset" 5982
"../../../Engine/Content/EngineMaterials/Substrate/Glints2/dict_0007_0196.uasset" 5983
"../../../Engine/Content/EngineMaterials/Substrate/Glints2/dict_0007_0197.uasset" 5984
"../../../Engine/Content/EngineMaterials/Substrate/Glints2/dict_0007_0198.uasset" 5985
"../../../Engine/Content/EngineMaterials/Substrate/Glints2/dict_0007_0199.uasset" 5986
"../../../Engine/Content/EngineMaterials/Substrate/Glints2/dict_0007_0200.uasset" 5987
"../../../Engine/Content/EngineMaterials/Substrate/Glints2/dict_0007_0201.uasset" 5988
"../../../Engine/Content/EngineMaterials/Substrate/Glints2/dict_0007_0202.uasset" 5989
"../../../Engine/Content/EngineMaterials/Substrate/Glints2/dict_0007_0203.uasset" 5990
"../../../Engine/Content/EngineMaterials/Substrate/Glints2/dict_0007_0204.uasset" 5991
"../../../Engine/Content/EngineMaterials/Substrate/Glints2/dict_0007_0205.uasset" 5992
"../../../Engine/Content/EngineMaterials/Substrate/Glints2/dict_0007_0206.uasset" 5993
"../../../Engine/Content/EngineMaterials/Substrate/Glints2/dict_0007_0207.uasset" 5994
"../../../Engine/Content/EngineMaterials/Substrate/Glints2/dict_0007_0208.uasset" 5995
"../../../Engine/Content/EngineMaterials/Substrate/Glints2/dict_0007_0209.uasset" 5996
"../../../Engine/Content/EngineMaterials/Substrate/Glints2/dict_0007_0210.uasset" 5997
"../../../Engine/Content/EngineMaterials/Substrate/Glints2/dict_0007_0211.uasset" 5998
"../../../Engine/Content/EngineMaterials/Substrate/Glints2/dict_0007_0212.uasset" 5999
"../../../Engine/Content/EngineMaterials/Substrate/Glints2/dict_0007_0213.uasset" 6000
"../../../Engine/Content/EngineMaterials/Substrate/Glints2/dict_0007_0214.uasset" 6001
"../../../Engine/Content/EngineMaterials/Substrate/Glints2/dict_0007_0215.uasset" 6002
"../../../Engine/Content/EngineMaterials/Substrate/Glints2/dict_0007_0216.uasset" 6003
"../../../Engine/Content/EngineMaterials/Substrate/Glints2/dict_0007_0217.uasset" 6004
"../../../Engine/Content/EngineMaterials/Substrate/Glints2/dict_0007_0218.uasset" 6005
"../../../Engine/Content/EngineMaterials/Substrate/Glints2/dict_0007_0219.uasset" 6006
"../../../Engine/Content/EngineMaterials/Substrate/Glints2/dict_0007_0220.uasset" 6007
"../../../Engine/Content/EngineMaterials/Substrate/Glints2/dict_0007_0221.uasset" 6008
"../../../Engine/Content/EngineMaterials/Substrate/Glints2/dict_0007_0222.uasset" 6009
"../../../Engine/Content/EngineMaterials/Substrate/Glints2/dict_0007_0223.uasset" 6010
"../../../Engine/Content/EngineMaterials/Substrate/Glints2/dict_0007_0224.uasset" 6011
"../../../Engine/Content/EngineMaterials/Substrate/Glints2/dict_0007_0225.uasset" 6012
"../../../Engine/Content/EngineMaterials/Substrate/Glints2/dict_0007_0226.uasset" 6013
"../../../Engine/Content/EngineMaterials/Substrate/Glints2/dict_0007_0227.uasset" 6014
"../../../Engine/Content/EngineMaterials/Substrate/Glints2/dict_0007_0228.uasset" 6015
"../../../Engine/Content/EngineMaterials/Substrate/Glints2/dict_0007_0229.uasset" 6016
"../../../Engine/Content/EngineMaterials/Substrate/Glints2/dict_0007_0230.uasset" 6017
"../../../Engine/Content/EngineMaterials/Substrate/Glints2/dict_0007_0231.uasset" 6018
"../../../Engine/Content/EngineMaterials/Substrate/Glints2/dict_0007_0232.uasset" 6019
"../../../Engine/Content/EngineMaterials/Substrate/Glints2/dict_0007_0233.uasset" 6020
"../../../Engine/Content/EngineMaterials/Substrate/Glints2/dict_0007_0234.uasset" 6021
"../../../Engine/Content/EngineMaterials/Substrate/Glints2/dict_0007_0235.uasset" 6022
"../../../Engine/Content/EngineMaterials/Substrate/Glints2/dict_0007_0236.uasset" 6023
"../../../Engine/Content/EngineMaterials/Substrate/Glints2/dict_0007_0237.uasset" 6024
"../../../Engine/Content/EngineMaterials/Substrate/Glints2/dict_0007_0238.uasset" 6025
"../../../Engine/Content/EngineMaterials/Substrate/Glints2/dict_0007_0239.uasset" 6026
"../../../Engine/Content/EngineMaterials/Substrate/Glints2/dict_0007_0240.uasset" 6027
"../../../Engine/Content/EngineMaterials/Substrate/Glints2/dict_0007_0241.uasset" 6028
"../../../Engine/Content/EngineMaterials/Substrate/Glints2/dict_0007_0242.uasset" 6029
"../../../Engine/Content/EngineMaterials/Substrate/Glints2/dict_0007_0243.uasset" 6030
"../../../Engine/Content/EngineMaterials/Substrate/Glints2/dict_0007_0244.uasset" 6031
"../../../Engine/Content/EngineMaterials/Substrate/Glints2/dict_0007_0245.uasset" 6032
"../../../Engine/Content/EngineMaterials/Substrate/Glints2/dict_0007_0246.uasset" 6033
"../../../Engine/Content/EngineMaterials/Substrate/Glints2/dict_0007_0247.uasset" 6034
"../../../Engine/Content/EngineMaterials/Substrate/Glints2/dict_0007_0248.uasset" 6035
"../../../Engine/Content/EngineMaterials/Substrate/Glints2/dict_0007_0249.uasset" 6036
"../../../Engine/Content/EngineMaterials/Substrate/Glints2/dict_0007_0250.uasset" 6037
"../../../Engine/Content/EngineMaterials/Substrate/Glints2/dict_0007_0251.uasset" 6038
"../../../Engine/Content/EngineMaterials/Substrate/Glints2/dict_0007_0252.uasset" 6039
"../../../Engine/Content/EngineMaterials/Substrate/Glints2/dict_0007_0253.uasset" 6040
"../../../Engine/Content/EngineMaterials/Substrate/Glints2/dict_0007_0254.uasset" 6041
"../../../Engine/Content/EngineMaterials/Substrate/Glints2/dict_0007_0255.uasset" 6042
"E:/Unreal Projects/MyPokemonDemo/Content/SimpleDamageText/UE/ThirdPerson/Characters/Mannequins/Rigs/Poses/Quinn/Quinn_foot_l_anim.uasset" 6043
"../../../Engine/Content/EngineMaterials/Substrate/GLints/dict_16_192_64_0p5_0p02_0000_0000.uasset" 6044
"../../../Engine/Content/EngineMaterials/Substrate/GLints/dict_16_192_64_0p5_0p02_0000_0001.uasset" 6045
"../../../Engine/Content/EngineMaterials/Substrate/GLints/dict_16_192_64_0p5_0p02_0000_0002.uasset" 6046
"../../../Engine/Content/EngineMaterials/Substrate/GLints/dict_16_192_64_0p5_0p02_0000_0003.uasset" 6047
"../../../Engine/Content/EngineMaterials/Substrate/GLints/dict_16_192_64_0p5_0p02_0000_0004.uasset" 6048
"../../../Engine/Content/EngineMaterials/Substrate/GLints/dict_16_192_64_0p5_0p02_0000_0005.uasset" 6049
"../../../Engine/Content/EngineMaterials/Substrate/GLints/dict_16_192_64_0p5_0p02_0000_0006.uasset" 6050
"../../../Engine/Content/EngineMaterials/Substrate/GLints/dict_16_192_64_0p5_0p02_0000_0007.uasset" 6051
"../../../Engine/Content/EngineMaterials/Substrate/GLints/dict_16_192_64_0p5_0p02_0000_0008.uasset" 6052
"../../../Engine/Content/EngineMaterials/Substrate/GLints/dict_16_192_64_0p5_0p02_0000_0009.uasset" 6053
"../../../Engine/Content/EngineMaterials/Substrate/GLints/dict_16_192_64_0p5_0p02_0000_0010.uasset" 6054
"../../../Engine/Content/EngineMaterials/Substrate/GLints/dict_16_192_64_0p5_0p02_0000_0011.uasset" 6055
"../../../Engine/Content/EngineMaterials/Substrate/GLints/dict_16_192_64_0p5_0p02_0000_0012.uasset" 6056
"../../../Engine/Content/EngineMaterials/Substrate/GLints/dict_16_192_64_0p5_0p02_0000_0013.uasset" 6057
"../../../Engine/Content/EngineMaterials/Substrate/GLints/dict_16_192_64_0p5_0p02_0000_0014.uasset" 6058
"../../../Engine/Content/EngineMaterials/Substrate/GLints/dict_16_192_64_0p5_0p02_0000_0015.uasset" 6059
"../../../Engine/Content/EngineMaterials/Substrate/GLints/dict_16_192_64_0p5_0p02_0001_0000.uasset" 6060
"../../../Engine/Content/EngineMaterials/Substrate/GLints/dict_16_192_64_0p5_0p02_0001_0001.uasset" 6061
"../../../Engine/Content/EngineMaterials/Substrate/GLints/dict_16_192_64_0p5_0p02_0001_0002.uasset" 6062
"../../../Engine/Content/EngineMaterials/Substrate/GLints/dict_16_192_64_0p5_0p02_0001_0003.uasset" 6063
"../../../Engine/Content/EngineMaterials/Substrate/GLints/dict_16_192_64_0p5_0p02_0001_0004.uasset" 6064
"../../../Engine/Content/EngineMaterials/Substrate/GLints/dict_16_192_64_0p5_0p02_0001_0005.uasset" 6065
"../../../Engine/Content/EngineMaterials/Substrate/GLints/dict_16_192_64_0p5_0p02_0001_0006.uasset" 6066
"../../../Engine/Content/EngineMaterials/Substrate/GLints/dict_16_192_64_0p5_0p02_0001_0007.uasset" 6067
"../../../Engine/Content/EngineMaterials/Substrate/GLints/dict_16_192_64_0p5_0p02_0001_0008.uasset" 6068
"../../../Engine/Content/EngineMaterials/Substrate/GLints/dict_16_192_64_0p5_0p02_0001_0009.uasset" 6069
"../../../Engine/Content/EngineMaterials/Substrate/GLints/dict_16_192_64_0p5_0p02_0001_0010.uasset" 6070
"../../../Engine/Content/EngineMaterials/Substrate/GLints/dict_16_192_64_0p5_0p02_0001_0011.uasset" 6071
"../../../Engine/Content/EngineMaterials/Substrate/GLints/dict_16_192_64_0p5_0p02_0001_0012.uasset" 6072
"../../../Engine/Content/EngineMaterials/Substrate/GLints/dict_16_192_64_0p5_0p02_0001_0013.uasset" 6073
"../../../Engine/Content/EngineMaterials/Substrate/GLints/dict_16_192_64_0p5_0p02_0001_0014.uasset" 6074
"../../../Engine/Content/EngineMaterials/Substrate/GLints/dict_16_192_64_0p5_0p02_0001_0015.uasset" 6075
"../../../Engine/Content/EngineMaterials/Substrate/GLints/dict_16_192_64_0p5_0p02_0002_0000.uasset" 6076
"../../../Engine/Content/EngineMaterials/Substrate/GLints/dict_16_192_64_0p5_0p02_0002_0001.uasset" 6077
"../../../Engine/Content/EngineMaterials/Substrate/GLints/dict_16_192_64_0p5_0p02_0002_0002.uasset" 6078
"../../../Engine/Content/EngineMaterials/Substrate/GLints/dict_16_192_64_0p5_0p02_0002_0003.uasset" 6079
"../../../Engine/Content/EngineMaterials/Substrate/GLints/dict_16_192_64_0p5_0p02_0002_0004.uasset" 6080
"../../../Engine/Content/EngineMaterials/Substrate/GLints/dict_16_192_64_0p5_0p02_0002_0005.uasset" 6081
"../../../Engine/Content/EngineMaterials/Substrate/GLints/dict_16_192_64_0p5_0p02_0002_0006.uasset" 6082
"../../../Engine/Content/EngineMaterials/Substrate/GLints/dict_16_192_64_0p5_0p02_0002_0007.uasset" 6083
"../../../Engine/Content/EngineMaterials/Substrate/GLints/dict_16_192_64_0p5_0p02_0002_0008.uasset" 6084
"../../../Engine/Content/EngineMaterials/Substrate/GLints/dict_16_192_64_0p5_0p02_0002_0009.uasset" 6085
"../../../Engine/Content/EngineMaterials/Substrate/GLints/dict_16_192_64_0p5_0p02_0002_0010.uasset" 6086
"../../../Engine/Content/EngineMaterials/Substrate/GLints/dict_16_192_64_0p5_0p02_0002_0011.uasset" 6087
"../../../Engine/Content/EngineMaterials/Substrate/GLints/dict_16_192_64_0p5_0p02_0002_0012.uasset" 6088
"../../../Engine/Content/EngineMaterials/Substrate/GLints/dict_16_192_64_0p5_0p02_0002_0013.uasset" 6089
"../../../Engine/Content/EngineMaterials/Substrate/GLints/dict_16_192_64_0p5_0p02_0002_0014.uasset" 6090
"../../../Engine/Content/EngineMaterials/Substrate/GLints/dict_16_192_64_0p5_0p02_0002_0015.uasset" 6091
"../../../Engine/Content/EngineMaterials/Substrate/GLints/dict_16_192_64_0p5_0p02_0003_0000.uasset" 6092
"../../../Engine/Content/EngineMaterials/Substrate/GLints/dict_16_192_64_0p5_0p02_0003_0001.uasset" 6093
"../../../Engine/Content/EngineMaterials/Substrate/GLints/dict_16_192_64_0p5_0p02_0003_0002.uasset" 6094
"../../../Engine/Content/EngineMaterials/Substrate/GLints/dict_16_192_64_0p5_0p02_0003_0003.uasset" 6095
"../../../Engine/Content/EngineMaterials/Substrate/GLints/dict_16_192_64_0p5_0p02_0003_0004.uasset" 6096
"../../../Engine/Content/EngineMaterials/Substrate/GLints/dict_16_192_64_0p5_0p02_0003_0005.uasset" 6097
"../../../Engine/Content/EngineMaterials/Substrate/GLints/dict_16_192_64_0p5_0p02_0003_0006.uasset" 6098
"../../../Engine/Content/EngineMaterials/Substrate/GLints/dict_16_192_64_0p5_0p02_0003_0007.uasset" 6099
"../../../Engine/Content/EngineMaterials/Substrate/GLints/dict_16_192_64_0p5_0p02_0003_0008.uasset" 6100
"../../../Engine/Content/EngineMaterials/Substrate/GLints/dict_16_192_64_0p5_0p02_0003_0009.uasset" 6101
"../../../Engine/Content/EngineMaterials/Substrate/GLints/dict_16_192_64_0p5_0p02_0003_0010.uasset" 6102
"../../../Engine/Content/EngineMaterials/Substrate/GLints/dict_16_192_64_0p5_0p02_0003_0011.uasset" 6103
"../../../Engine/Content/EngineMaterials/Substrate/GLints/dict_16_192_64_0p5_0p02_0003_0012.uasset" 6104
"../../../Engine/Content/EngineMaterials/Substrate/GLints/dict_16_192_64_0p5_0p02_0003_0013.uasset" 6105
"../../../Engine/Content/EngineMaterials/Substrate/GLints/dict_16_192_64_0p5_0p02_0003_0014.uasset" 6106
"../../../Engine/Content/EngineMaterials/Substrate/GLints/dict_16_192_64_0p5_0p02_0003_0015.uasset" 6107
"../../../Engine/Content/EngineMaterials/Substrate/GLints/dict_16_192_64_0p5_0p02_0004_0000.uasset" 6108
"../../../Engine/Content/EngineMaterials/Substrate/GLints/dict_16_192_64_0p5_0p02_0004_0001.uasset" 6109
"../../../Engine/Content/EngineMaterials/Substrate/GLints/dict_16_192_64_0p5_0p02_0004_0002.uasset" 6110
"../../../Engine/Content/EngineMaterials/Substrate/GLints/dict_16_192_64_0p5_0p02_0004_0003.uasset" 6111
"../../../Engine/Content/EngineMaterials/Substrate/GLints/dict_16_192_64_0p5_0p02_0004_0004.uasset" 6112
"../../../Engine/Content/EngineMaterials/Substrate/GLints/dict_16_192_64_0p5_0p02_0004_0005.uasset" 6113
"../../../Engine/Content/EngineMaterials/Substrate/GLints/dict_16_192_64_0p5_0p02_0004_0006.uasset" 6114
"../../../Engine/Content/EngineMaterials/Substrate/GLints/dict_16_192_64_0p5_0p02_0004_0007.uasset" 6115
"../../../Engine/Content/EngineMaterials/Substrate/GLints/dict_16_192_64_0p5_0p02_0004_0008.uasset" 6116
"../../../Engine/Content/EngineMaterials/Substrate/GLints/dict_16_192_64_0p5_0p02_0004_0009.uasset" 6117
"../../../Engine/Content/EngineMaterials/Substrate/GLints/dict_16_192_64_0p5_0p02_0004_0010.uasset" 6118
"../../../Engine/Content/EngineMaterials/Substrate/GLints/dict_16_192_64_0p5_0p02_0004_0011.uasset" 6119
"../../../Engine/Content/EngineMaterials/Substrate/GLints/dict_16_192_64_0p5_0p02_0004_0012.uasset" 6120
"../../../Engine/Content/EngineMaterials/Substrate/GLints/dict_16_192_64_0p5_0p02_0004_0013.uasset" 6121
"../../../Engine/Content/EngineMaterials/Substrate/GLints/dict_16_192_64_0p5_0p02_0004_0014.uasset" 6122
"../../../Engine/Content/EngineMaterials/Substrate/GLints/dict_16_192_64_0p5_0p02_0004_0015.uasset" 6123
"../../../Engine/Content/EngineMaterials/Substrate/GLints/dict_16_192_64_0p5_0p02_0005_0000.uasset" 6124
"../../../Engine/Content/EngineMaterials/Substrate/GLints/dict_16_192_64_0p5_0p02_0005_0001.uasset" 6125
"../../../Engine/Content/EngineMaterials/Substrate/GLints/dict_16_192_64_0p5_0p02_0005_0002.uasset" 6126
"../../../Engine/Content/EngineMaterials/Substrate/GLints/dict_16_192_64_0p5_0p02_0005_0003.uasset" 6127
"../../../Engine/Content/EngineMaterials/Substrate/GLints/dict_16_192_64_0p5_0p02_0005_0004.uasset" 6128
"../../../Engine/Content/EngineMaterials/Substrate/GLints/dict_16_192_64_0p5_0p02_0005_0005.uasset" 6129
"../../../Engine/Content/EngineMaterials/Substrate/GLints/dict_16_192_64_0p5_0p02_0005_0006.uasset" 6130
"../../../Engine/Content/EngineMaterials/Substrate/GLints/dict_16_192_64_0p5_0p02_0005_0007.uasset" 6131
"../../../Engine/Content/EngineMaterials/Substrate/GLints/dict_16_192_64_0p5_0p02_0005_0008.uasset" 6132
"../../../Engine/Content/EngineMaterials/Substrate/GLints/dict_16_192_64_0p5_0p02_0005_0009.uasset" 6133
"../../../Engine/Content/EngineMaterials/Substrate/GLints/dict_16_192_64_0p5_0p02_0005_0010.uasset" 6134
"../../../Engine/Content/EngineMaterials/Substrate/GLints/dict_16_192_64_0p5_0p02_0005_0011.uasset" 6135
"../../../Engine/Content/EngineMaterials/Substrate/GLints/dict_16_192_64_0p5_0p02_0005_0012.uasset" 6136
"../../../Engine/Content/EngineMaterials/Substrate/GLints/dict_16_192_64_0p5_0p02_0005_0013.uasset" 6137
"../../../Engine/Content/EngineMaterials/Substrate/GLints/dict_16_192_64_0p5_0p02_0005_0014.uasset" 6138
"../../../Engine/Content/EngineMaterials/Substrate/GLints/dict_16_192_64_0p5_0p02_0005_0015.uasset" 6139
"../../../Engine/Content/EngineMaterials/Substrate/GLints/dict_16_192_64_0p5_0p02_0006_0000.uasset" 6140
"../../../Engine/Content/EngineMaterials/Substrate/GLints/dict_16_192_64_0p5_0p02_0006_0001.uasset" 6141
"../../../Engine/Content/EngineMaterials/Substrate/GLints/dict_16_192_64_0p5_0p02_0006_0002.uasset" 6142
"../../../Engine/Content/EngineMaterials/Substrate/GLints/dict_16_192_64_0p5_0p02_0006_0003.uasset" 6143
"../../../Engine/Content/EngineMaterials/Substrate/GLints/dict_16_192_64_0p5_0p02_0006_0004.uasset" 6144
"../../../Engine/Content/EngineMaterials/Substrate/GLints/dict_16_192_64_0p5_0p02_0006_0005.uasset" 6145
"../../../Engine/Content/EngineMaterials/Substrate/GLints/dict_16_192_64_0p5_0p02_0006_0006.uasset" 6146
"../../../Engine/Content/EngineMaterials/Substrate/GLints/dict_16_192_64_0p5_0p02_0006_0007.uasset" 6147
"../../../Engine/Content/EngineMaterials/Substrate/GLints/dict_16_192_64_0p5_0p02_0006_0008.uasset" 6148
"../../../Engine/Content/EngineMaterials/Substrate/GLints/dict_16_192_64_0p5_0p02_0006_0009.uasset" 6149
"../../../Engine/Content/EngineMaterials/Substrate/GLints/dict_16_192_64_0p5_0p02_0006_0010.uasset" 6150
"../../../Engine/Content/EngineMaterials/Substrate/GLints/dict_16_192_64_0p5_0p02_0006_0011.uasset" 6151
"../../../Engine/Content/EngineMaterials/Substrate/GLints/dict_16_192_64_0p5_0p02_0006_0012.uasset" 6152
"../../../Engine/Content/EngineMaterials/Substrate/GLints/dict_16_192_64_0p5_0p02_0006_0013.uasset" 6153
"../../../Engine/Content/EngineMaterials/Substrate/GLints/dict_16_192_64_0p5_0p02_0006_0014.uasset" 6154
"../../../Engine/Content/EngineMaterials/Substrate/GLints/dict_16_192_64_0p5_0p02_0006_0015.uasset" 6155
"../../../Engine/Content/EngineMaterials/Substrate/GLints/dict_16_192_64_0p5_0p02_0007_0000.uasset" 6156
"../../../Engine/Content/EngineMaterials/Substrate/GLints/dict_16_192_64_0p5_0p02_0007_0001.uasset" 6157
"../../../Engine/Content/EngineMaterials/Substrate/GLints/dict_16_192_64_0p5_0p02_0007_0002.uasset" 6158
"../../../Engine/Content/EngineMaterials/Substrate/GLints/dict_16_192_64_0p5_0p02_0007_0003.uasset" 6159
"../../../Engine/Content/EngineMaterials/Substrate/GLints/dict_16_192_64_0p5_0p02_0007_0004.uasset" 6160
"../../../Engine/Content/EngineMaterials/Substrate/GLints/dict_16_192_64_0p5_0p02_0007_0005.uasset" 6161
"../../../Engine/Content/EngineMaterials/Substrate/GLints/dict_16_192_64_0p5_0p02_0007_0006.uasset" 6162
"../../../Engine/Content/EngineMaterials/Substrate/GLints/dict_16_192_64_0p5_0p02_0007_0007.uasset" 6163
"../../../Engine/Content/EngineMaterials/Substrate/GLints/dict_16_192_64_0p5_0p02_0007_0008.uasset" 6164
"../../../Engine/Content/EngineMaterials/Substrate/GLints/dict_16_192_64_0p5_0p02_0007_0009.uasset" 6165
"../../../Engine/Content/EngineMaterials/Substrate/GLints/dict_16_192_64_0p5_0p02_0007_0010.uasset" 6166
"../../../Engine/Content/EngineMaterials/Substrate/GLints/dict_16_192_64_0p5_0p02_0007_0011.uasset" 6167
"../../../Engine/Content/EngineMaterials/Substrate/GLints/dict_16_192_64_0p5_0p02_0007_0012.uasset" 6168
"../../../Engine/Content/EngineMaterials/Substrate/GLints/dict_16_192_64_0p5_0p02_0007_0013.uasset" 6169
"../../../Engine/Content/EngineMaterials/Substrate/GLints/dict_16_192_64_0p5_0p02_0007_0014.uasset" 6170
"../../../Engine/Content/EngineMaterials/Substrate/GLints/dict_16_192_64_0p5_0p02_0007_0015.uasset" 6171
"../../../Engine/Content/EngineMaterials/Substrate/GLints/dict_16_192_64_0p5_0p02_0008_0000.uasset" 6172
"../../../Engine/Content/EngineMaterials/Substrate/GLints/dict_16_192_64_0p5_0p02_0008_0001.uasset" 6173
"../../../Engine/Content/EngineMaterials/Substrate/GLints/dict_16_192_64_0p5_0p02_0008_0002.uasset" 6174
"../../../Engine/Content/EngineMaterials/Substrate/GLints/dict_16_192_64_0p5_0p02_0008_0003.uasset" 6175
"../../../Engine/Content/EngineMaterials/Substrate/GLints/dict_16_192_64_0p5_0p02_0008_0004.uasset" 6176
"../../../Engine/Content/EngineMaterials/Substrate/GLints/dict_16_192_64_0p5_0p02_0008_0005.uasset" 6177
"../../../Engine/Content/EngineMaterials/Substrate/GLints/dict_16_192_64_0p5_0p02_0008_0006.uasset" 6178
"../../../Engine/Content/EngineMaterials/Substrate/GLints/dict_16_192_64_0p5_0p02_0008_0007.uasset" 6179
"../../../Engine/Content/EngineMaterials/Substrate/GLints/dict_16_192_64_0p5_0p02_0008_0008.uasset" 6180
"../../../Engine/Content/EngineMaterials/Substrate/GLints/dict_16_192_64_0p5_0p02_0008_0009.uasset" 6181
"../../../Engine/Content/EngineMaterials/Substrate/GLints/dict_16_192_64_0p5_0p02_0008_0010.uasset" 6182
"../../../Engine/Content/EngineMaterials/Substrate/GLints/dict_16_192_64_0p5_0p02_0008_0011.uasset" 6183
"../../../Engine/Content/EngineMaterials/Substrate/GLints/dict_16_192_64_0p5_0p02_0008_0012.uasset" 6184
"../../../Engine/Content/EngineMaterials/Substrate/GLints/dict_16_192_64_0p5_0p02_0008_0013.uasset" 6185
"../../../Engine/Content/EngineMaterials/Substrate/GLints/dict_16_192_64_0p5_0p02_0008_0014.uasset" 6186
"../../../Engine/Content/EngineMaterials/Substrate/GLints/dict_16_192_64_0p5_0p02_0008_0015.uasset" 6187
"../../../Engine/Content/EngineMaterials/Substrate/GLints/dict_16_192_64_0p5_0p02_0009_0000.uasset" 6188
"../../../Engine/Content/EngineMaterials/Substrate/GLints/dict_16_192_64_0p5_0p02_0009_0001.uasset" 6189
"../../../Engine/Content/EngineMaterials/Substrate/GLints/dict_16_192_64_0p5_0p02_0009_0002.uasset" 6190
"../../../Engine/Content/EngineMaterials/Substrate/GLints/dict_16_192_64_0p5_0p02_0009_0003.uasset" 6191
"../../../Engine/Content/EngineMaterials/Substrate/GLints/dict_16_192_64_0p5_0p02_0009_0004.uasset" 6192
"../../../Engine/Content/EngineMaterials/Substrate/GLints/dict_16_192_64_0p5_0p02_0009_0005.uasset" 6193
"../../../Engine/Content/EngineMaterials/Substrate/GLints/dict_16_192_64_0p5_0p02_0009_0006.uasset" 6194
"../../../Engine/Content/EngineMaterials/Substrate/GLints/dict_16_192_64_0p5_0p02_0009_0007.uasset" 6195
"../../../Engine/Content/EngineMaterials/Substrate/GLints/dict_16_192_64_0p5_0p02_0009_0008.uasset" 6196
"../../../Engine/Content/EngineMaterials/Substrate/GLints/dict_16_192_64_0p5_0p02_0009_0009.uasset" 6197
"../../../Engine/Content/EngineMaterials/Substrate/GLints/dict_16_192_64_0p5_0p02_0009_0010.uasset" 6198
"../../../Engine/Content/EngineMaterials/Substrate/GLints/dict_16_192_64_0p5_0p02_0009_0011.uasset" 6199
"../../../Engine/Content/EngineMaterials/Substrate/GLints/dict_16_192_64_0p5_0p02_0009_0012.uasset" 6200
"../../../Engine/Content/EngineMaterials/Substrate/GLints/dict_16_192_64_0p5_0p02_0009_0013.uasset" 6201
"../../../Engine/Content/EngineMaterials/Substrate/GLints/dict_16_192_64_0p5_0p02_0009_0014.uasset" 6202
"../../../Engine/Content/EngineMaterials/Substrate/GLints/dict_16_192_64_0p5_0p02_0009_0015.uasset" 6203
"../../../Engine/Content/EngineMaterials/Substrate/GLints/dict_16_192_64_0p5_0p02_0010_0000.uasset" 6204
"../../../Engine/Content/EngineMaterials/Substrate/GLints/dict_16_192_64_0p5_0p02_0010_0001.uasset" 6205
"../../../Engine/Content/EngineMaterials/Substrate/GLints/dict_16_192_64_0p5_0p02_0010_0002.uasset" 6206
"../../../Engine/Content/EngineMaterials/Substrate/GLints/dict_16_192_64_0p5_0p02_0010_0003.uasset" 6207
"../../../Engine/Content/EngineMaterials/Substrate/GLints/dict_16_192_64_0p5_0p02_0010_0004.uasset" 6208
"../../../Engine/Content/EngineMaterials/Substrate/GLints/dict_16_192_64_0p5_0p02_0010_0005.uasset" 6209
"../../../Engine/Content/EngineMaterials/Substrate/GLints/dict_16_192_64_0p5_0p02_0010_0006.uasset" 6210
"../../../Engine/Content/EngineMaterials/Substrate/GLints/dict_16_192_64_0p5_0p02_0010_0007.uasset" 6211
"../../../Engine/Content/EngineMaterials/Substrate/GLints/dict_16_192_64_0p5_0p02_0010_0008.uasset" 6212
"../../../Engine/Content/EngineMaterials/Substrate/GLints/dict_16_192_64_0p5_0p02_0010_0009.uasset" 6213
"../../../Engine/Content/EngineMaterials/Substrate/GLints/dict_16_192_64_0p5_0p02_0010_0010.uasset" 6214
"../../../Engine/Content/EngineMaterials/Substrate/GLints/dict_16_192_64_0p5_0p02_0010_0011.uasset" 6215
"../../../Engine/Content/EngineMaterials/Substrate/GLints/dict_16_192_64_0p5_0p02_0010_0012.uasset" 6216
"../../../Engine/Content/EngineMaterials/Substrate/GLints/dict_16_192_64_0p5_0p02_0010_0013.uasset" 6217
"../../../Engine/Content/EngineMaterials/Substrate/GLints/dict_16_192_64_0p5_0p02_0010_0014.uasset" 6218
"../../../Engine/Content/EngineMaterials/Substrate/GLints/dict_16_192_64_0p5_0p02_0010_0015.uasset" 6219
"../../../Engine/Content/EngineMaterials/Substrate/GLints/dict_16_192_64_0p5_0p02_0011_0000.uasset" 6220
"../../../Engine/Content/EngineMaterials/Substrate/GLints/dict_16_192_64_0p5_0p02_0011_0001.uasset" 6221
"../../../Engine/Content/EngineMaterials/Substrate/GLints/dict_16_192_64_0p5_0p02_0011_0002.uasset" 6222
"../../../Engine/Content/EngineMaterials/Substrate/GLints/dict_16_192_64_0p5_0p02_0011_0003.uasset" 6223
"../../../Engine/Content/EngineMaterials/Substrate/GLints/dict_16_192_64_0p5_0p02_0011_0004.uasset" 6224
"../../../Engine/Content/EngineMaterials/Substrate/GLints/dict_16_192_64_0p5_0p02_0011_0005.uasset" 6225
"../../../Engine/Content/EngineMaterials/Substrate/GLints/dict_16_192_64_0p5_0p02_0011_0006.uasset" 6226
"../../../Engine/Content/EngineMaterials/Substrate/GLints/dict_16_192_64_0p5_0p02_0011_0007.uasset" 6227
"../../../Engine/Content/EngineMaterials/Substrate/GLints/dict_16_192_64_0p5_0p02_0011_0008.uasset" 6228
"../../../Engine/Content/EngineMaterials/Substrate/GLints/dict_16_192_64_0p5_0p02_0011_0009.uasset" 6229
"../../../Engine/Content/EngineMaterials/Substrate/GLints/dict_16_192_64_0p5_0p02_0011_0010.uasset" 6230
"../../../Engine/Content/EngineMaterials/Substrate/GLints/dict_16_192_64_0p5_0p02_0011_0011.uasset" 6231
"../../../Engine/Content/EngineMaterials/Substrate/GLints/dict_16_192_64_0p5_0p02_0011_0012.uasset" 6232
"../../../Engine/Content/EngineMaterials/Substrate/GLints/dict_16_192_64_0p5_0p02_0011_0013.uasset" 6233
"../../../Engine/Content/EngineMaterials/Substrate/GLints/dict_16_192_64_0p5_0p02_0011_0014.uasset" 6234
"../../../Engine/Content/EngineMaterials/Substrate/GLints/dict_16_192_64_0p5_0p02_0011_0015.uasset" 6235
"../../../Engine/Content/EngineMaterials/Substrate/GLints/dict_16_192_64_0p5_0p02_0012_0000.uasset" 6236
"../../../Engine/Content/EngineMaterials/Substrate/GLints/dict_16_192_64_0p5_0p02_0012_0001.uasset" 6237
"../../../Engine/Content/EngineMaterials/Substrate/GLints/dict_16_192_64_0p5_0p02_0012_0002.uasset" 6238
"../../../Engine/Content/EngineMaterials/Substrate/GLints/dict_16_192_64_0p5_0p02_0012_0003.uasset" 6239
"../../../Engine/Content/EngineMaterials/Substrate/GLints/dict_16_192_64_0p5_0p02_0012_0004.uasset" 6240
"../../../Engine/Content/EngineMaterials/Substrate/GLints/dict_16_192_64_0p5_0p02_0012_0005.uasset" 6241
"../../../Engine/Content/EngineMaterials/Substrate/GLints/dict_16_192_64_0p5_0p02_0012_0006.uasset" 6242
"../../../Engine/Content/EngineMaterials/Substrate/GLints/dict_16_192_64_0p5_0p02_0012_0007.uasset" 6243
"../../../Engine/Content/EngineMaterials/Substrate/GLints/dict_16_192_64_0p5_0p02_0012_0008.uasset" 6244
"../../../Engine/Content/EngineMaterials/Substrate/GLints/dict_16_192_64_0p5_0p02_0012_0009.uasset" 6245
"../../../Engine/Content/EngineMaterials/Substrate/GLints/dict_16_192_64_0p5_0p02_0012_0010.uasset" 6246
"../../../Engine/Content/EngineMaterials/Substrate/GLints/dict_16_192_64_0p5_0p02_0012_0011.uasset" 6247
"../../../Engine/Content/EngineMaterials/Substrate/GLints/dict_16_192_64_0p5_0p02_0012_0012.uasset" 6248
"../../../Engine/Content/EngineMaterials/Substrate/GLints/dict_16_192_64_0p5_0p02_0012_0013.uasset" 6249
"../../../Engine/Content/EngineMaterials/Substrate/GLints/dict_16_192_64_0p5_0p02_0012_0014.uasset" 6250
"../../../Engine/Content/EngineMaterials/Substrate/GLints/dict_16_192_64_0p5_0p02_0012_0015.uasset" 6251
"../../../Engine/Content/EngineMaterials/Substrate/GLints/dict_16_192_64_0p5_0p02_0013_0000.uasset" 6252
"../../../Engine/Content/EngineMaterials/Substrate/GLints/dict_16_192_64_0p5_0p02_0013_0001.uasset" 6253
"../../../Engine/Content/EngineMaterials/Substrate/GLints/dict_16_192_64_0p5_0p02_0013_0002.uasset" 6254
"../../../Engine/Content/EngineMaterials/Substrate/GLints/dict_16_192_64_0p5_0p02_0013_0003.uasset" 6255
"../../../Engine/Content/EngineMaterials/Substrate/GLints/dict_16_192_64_0p5_0p02_0013_0004.uasset" 6256
"../../../Engine/Content/EngineMaterials/Substrate/GLints/dict_16_192_64_0p5_0p02_0013_0005.uasset" 6257
"../../../Engine/Content/EngineMaterials/Substrate/GLints/dict_16_192_64_0p5_0p02_0013_0006.uasset" 6258
"../../../Engine/Content/EngineMaterials/Substrate/GLints/dict_16_192_64_0p5_0p02_0013_0007.uasset" 6259
"../../../Engine/Content/EngineMaterials/Substrate/GLints/dict_16_192_64_0p5_0p02_0013_0008.uasset" 6260
"../../../Engine/Content/EngineMaterials/Substrate/GLints/dict_16_192_64_0p5_0p02_0013_0009.uasset" 6261
"../../../Engine/Content/EngineMaterials/Substrate/GLints/dict_16_192_64_0p5_0p02_0013_0010.uasset" 6262
"../../../Engine/Content/EngineMaterials/Substrate/GLints/dict_16_192_64_0p5_0p02_0013_0011.uasset" 6263
"../../../Engine/Content/EngineMaterials/Substrate/GLints/dict_16_192_64_0p5_0p02_0013_0012.uasset" 6264
"../../../Engine/Content/EngineMaterials/Substrate/GLints/dict_16_192_64_0p5_0p02_0013_0013.uasset" 6265
"../../../Engine/Content/EngineMaterials/Substrate/GLints/dict_16_192_64_0p5_0p02_0013_0014.uasset" 6266
"../../../Engine/Content/EngineMaterials/Substrate/GLints/dict_16_192_64_0p5_0p02_0013_0015.uasset" 6267
"../../../Engine/Content/EngineMaterials/Substrate/GLints/dict_16_192_64_0p5_0p02_0014_0000.uasset" 6268
"../../../Engine/Content/EngineMaterials/Substrate/GLints/dict_16_192_64_0p5_0p02_0014_0001.uasset" 6269
"../../../Engine/Content/EngineMaterials/Substrate/GLints/dict_16_192_64_0p5_0p02_0014_0002.uasset" 6270
"../../../Engine/Content/EngineMaterials/Substrate/GLints/dict_16_192_64_0p5_0p02_0014_0003.uasset" 6271
"../../../Engine/Content/EngineMaterials/Substrate/GLints/dict_16_192_64_0p5_0p02_0014_0004.uasset" 6272
"../../../Engine/Content/EngineMaterials/Substrate/GLints/dict_16_192_64_0p5_0p02_0014_0005.uasset" 6273
"../../../Engine/Content/EngineMaterials/Substrate/GLints/dict_16_192_64_0p5_0p02_0014_0006.uasset" 6274
"../../../Engine/Content/EngineMaterials/Substrate/GLints/dict_16_192_64_0p5_0p02_0014_0007.uasset" 6275
"../../../Engine/Content/EngineMaterials/Substrate/GLints/dict_16_192_64_0p5_0p02_0014_0008.uasset" 6276
"../../../Engine/Content/EngineMaterials/Substrate/GLints/dict_16_192_64_0p5_0p02_0014_0009.uasset" 6277
"../../../Engine/Content/EngineMaterials/Substrate/GLints/dict_16_192_64_0p5_0p02_0014_0010.uasset" 6278
"../../../Engine/Content/EngineMaterials/Substrate/GLints/dict_16_192_64_0p5_0p02_0014_0011.uasset" 6279
"../../../Engine/Content/EngineMaterials/Substrate/GLints/dict_16_192_64_0p5_0p02_0014_0012.uasset" 6280
"../../../Engine/Content/EngineMaterials/Substrate/GLints/dict_16_192_64_0p5_0p02_0014_0013.uasset" 6281
"../../../Engine/Content/EngineMaterials/Substrate/GLints/dict_16_192_64_0p5_0p02_0014_0014.uasset" 6282
"../../../Engine/Content/EngineMaterials/Substrate/GLints/dict_16_192_64_0p5_0p02_0014_0015.uasset" 6283
"../../../Engine/Content/EngineMaterials/Substrate/GLints/dict_16_192_64_0p5_0p02_0015_0000.uasset" 6284
"../../../Engine/Content/EngineMaterials/Substrate/GLints/dict_16_192_64_0p5_0p02_0015_0001.uasset" 6285
"../../../Engine/Content/EngineMaterials/Substrate/GLints/dict_16_192_64_0p5_0p02_0015_0002.uasset" 6286
"../../../Engine/Content/EngineMaterials/Substrate/GLints/dict_16_192_64_0p5_0p02_0015_0003.uasset" 6287
"../../../Engine/Content/EngineMaterials/Substrate/GLints/dict_16_192_64_0p5_0p02_0015_0004.uasset" 6288
"../../../Engine/Content/EngineMaterials/Substrate/GLints/dict_16_192_64_0p5_0p02_0015_0005.uasset" 6289
"../../../Engine/Content/EngineMaterials/Substrate/GLints/dict_16_192_64_0p5_0p02_0015_0006.uasset" 6290
"../../../Engine/Content/EngineMaterials/Substrate/GLints/dict_16_192_64_0p5_0p02_0015_0007.uasset" 6291
"../../../Engine/Content/EngineMaterials/Substrate/GLints/dict_16_192_64_0p5_0p02_0015_0008.uasset" 6292
"../../../Engine/Content/EngineMaterials/Substrate/GLints/dict_16_192_64_0p5_0p02_0015_0009.uasset" 6293
"../../../Engine/Content/EngineMaterials/Substrate/GLints/dict_16_192_64_0p5_0p02_0015_0010.uasset" 6294
"../../../Engine/Content/EngineMaterials/Substrate/GLints/dict_16_192_64_0p5_0p02_0015_0011.uasset" 6295
"../../../Engine/Content/EngineMaterials/Substrate/GLints/dict_16_192_64_0p5_0p02_0015_0012.uasset" 6296
"../../../Engine/Content/EngineMaterials/Substrate/GLints/dict_16_192_64_0p5_0p02_0015_0013.uasset" 6297
"../../../Engine/Content/EngineMaterials/Substrate/GLints/dict_16_192_64_0p5_0p02_0015_0014.uasset" 6298
"../../../Engine/Content/EngineMaterials/Substrate/GLints/dict_16_192_64_0p5_0p02_0015_0015.uasset" 6299
"../../../Engine/Content/EngineMaterials/Substrate/GLints/dict_16_192_64_0p5_0p02_0016_0000.uasset" 6300
"../../../Engine/Content/EngineMaterials/Substrate/GLints/dict_16_192_64_0p5_0p02_0016_0001.uasset" 6301
"../../../Engine/Content/EngineMaterials/Substrate/GLints/dict_16_192_64_0p5_0p02_0016_0002.uasset" 6302
"../../../Engine/Content/EngineMaterials/Substrate/GLints/dict_16_192_64_0p5_0p02_0016_0003.uasset" 6303
"../../../Engine/Content/EngineMaterials/Substrate/GLints/dict_16_192_64_0p5_0p02_0016_0004.uasset" 6304
"../../../Engine/Content/EngineMaterials/Substrate/GLints/dict_16_192_64_0p5_0p02_0016_0005.uasset" 6305
"../../../Engine/Content/EngineMaterials/Substrate/GLints/dict_16_192_64_0p5_0p02_0016_0006.uasset" 6306
"../../../Engine/Content/EngineMaterials/Substrate/GLints/dict_16_192_64_0p5_0p02_0016_0007.uasset" 6307
"../../../Engine/Content/EngineMaterials/Substrate/GLints/dict_16_192_64_0p5_0p02_0016_0008.uasset" 6308
"../../../Engine/Content/EngineMaterials/Substrate/GLints/dict_16_192_64_0p5_0p02_0016_0009.uasset" 6309
"../../../Engine/Content/EngineMaterials/Substrate/GLints/dict_16_192_64_0p5_0p02_0016_0010.uasset" 6310
"../../../Engine/Content/EngineMaterials/Substrate/GLints/dict_16_192_64_0p5_0p02_0016_0011.uasset" 6311
"../../../Engine/Content/EngineMaterials/Substrate/GLints/dict_16_192_64_0p5_0p02_0016_0012.uasset" 6312
"../../../Engine/Content/EngineMaterials/Substrate/GLints/dict_16_192_64_0p5_0p02_0016_0013.uasset" 6313
"../../../Engine/Content/EngineMaterials/Substrate/GLints/dict_16_192_64_0p5_0p02_0016_0014.uasset" 6314
"../../../Engine/Content/EngineMaterials/Substrate/GLints/dict_16_192_64_0p5_0p02_0016_0015.uasset" 6315
"../../../Engine/Content/EngineMaterials/Substrate/GLints/dict_16_192_64_0p5_0p02_0017_0000.uasset" 6316
"../../../Engine/Content/EngineMaterials/Substrate/GLints/dict_16_192_64_0p5_0p02_0017_0001.uasset" 6317
"../../../Engine/Content/EngineMaterials/Substrate/GLints/dict_16_192_64_0p5_0p02_0017_0002.uasset" 6318
"../../../Engine/Content/EngineMaterials/Substrate/GLints/dict_16_192_64_0p5_0p02_0017_0003.uasset" 6319
"../../../Engine/Content/EngineMaterials/Substrate/GLints/dict_16_192_64_0p5_0p02_0017_0004.uasset" 6320
"../../../Engine/Content/EngineMaterials/Substrate/GLints/dict_16_192_64_0p5_0p02_0017_0005.uasset" 6321
"../../../Engine/Content/EngineMaterials/Substrate/GLints/dict_16_192_64_0p5_0p02_0017_0006.uasset" 6322
"../../../Engine/Content/EngineMaterials/Substrate/GLints/dict_16_192_64_0p5_0p02_0017_0007.uasset" 6323
"../../../Engine/Content/EngineMaterials/Substrate/GLints/dict_16_192_64_0p5_0p02_0017_0008.uasset" 6324
"../../../Engine/Content/EngineMaterials/Substrate/GLints/dict_16_192_64_0p5_0p02_0017_0009.uasset" 6325
"../../../Engine/Content/EngineMaterials/Substrate/GLints/dict_16_192_64_0p5_0p02_0017_0010.uasset" 6326
"../../../Engine/Content/EngineMaterials/Substrate/GLints/dict_16_192_64_0p5_0p02_0017_0011.uasset" 6327
"../../../Engine/Content/EngineMaterials/Substrate/GLints/dict_16_192_64_0p5_0p02_0017_0012.uasset" 6328
"../../../Engine/Content/EngineMaterials/Substrate/GLints/dict_16_192_64_0p5_0p02_0017_0013.uasset" 6329
"../../../Engine/Content/EngineMaterials/Substrate/GLints/dict_16_192_64_0p5_0p02_0017_0014.uasset" 6330
"../../../Engine/Content/EngineMaterials/Substrate/GLints/dict_16_192_64_0p5_0p02_0017_0015.uasset" 6331
"../../../Engine/Content/EngineMaterials/Substrate/GLints/dict_16_192_64_0p5_0p02_0018_0000.uasset" 6332
"../../../Engine/Content/EngineMaterials/Substrate/GLints/dict_16_192_64_0p5_0p02_0018_0001.uasset" 6333
"../../../Engine/Content/EngineMaterials/Substrate/GLints/dict_16_192_64_0p5_0p02_0018_0002.uasset" 6334
"../../../Engine/Content/EngineMaterials/Substrate/GLints/dict_16_192_64_0p5_0p02_0018_0003.uasset" 6335
"../../../Engine/Content/EngineMaterials/Substrate/GLints/dict_16_192_64_0p5_0p02_0018_0004.uasset" 6336
"../../../Engine/Content/EngineMaterials/Substrate/GLints/dict_16_192_64_0p5_0p02_0018_0005.uasset" 6337
"../../../Engine/Content/EngineMaterials/Substrate/GLints/dict_16_192_64_0p5_0p02_0018_0006.uasset" 6338
"../../../Engine/Content/EngineMaterials/Substrate/GLints/dict_16_192_64_0p5_0p02_0018_0007.uasset" 6339
"../../../Engine/Content/EngineMaterials/Substrate/GLints/dict_16_192_64_0p5_0p02_0018_0008.uasset" 6340
"../../../Engine/Content/EngineMaterials/Substrate/GLints/dict_16_192_64_0p5_0p02_0018_0009.uasset" 6341
"../../../Engine/Content/EngineMaterials/Substrate/GLints/dict_16_192_64_0p5_0p02_0018_0010.uasset" 6342
"../../../Engine/Content/EngineMaterials/Substrate/GLints/dict_16_192_64_0p5_0p02_0018_0011.uasset" 6343
"../../../Engine/Content/EngineMaterials/Substrate/GLints/dict_16_192_64_0p5_0p02_0018_0012.uasset" 6344
"../../../Engine/Content/EngineMaterials/Substrate/GLints/dict_16_192_64_0p5_0p02_0018_0013.uasset" 6345
"../../../Engine/Content/EngineMaterials/Substrate/GLints/dict_16_192_64_0p5_0p02_0018_0014.uasset" 6346
"../../../Engine/Content/EngineMaterials/Substrate/GLints/dict_16_192_64_0p5_0p02_0018_0015.uasset" 6347
"../../../Engine/Content/EngineMaterials/Substrate/GLints/dict_16_192_64_0p5_0p02_0019_0000.uasset" 6348
"../../../Engine/Content/EngineMaterials/Substrate/GLints/dict_16_192_64_0p5_0p02_0019_0001.uasset" 6349
"../../../Engine/Content/EngineMaterials/Substrate/GLints/dict_16_192_64_0p5_0p02_0019_0002.uasset" 6350
"../../../Engine/Content/EngineMaterials/Substrate/GLints/dict_16_192_64_0p5_0p02_0019_0003.uasset" 6351
"../../../Engine/Content/EngineMaterials/Substrate/GLints/dict_16_192_64_0p5_0p02_0019_0004.uasset" 6352
"../../../Engine/Content/EngineMaterials/Substrate/GLints/dict_16_192_64_0p5_0p02_0019_0005.uasset" 6353
"../../../Engine/Content/EngineMaterials/Substrate/GLints/dict_16_192_64_0p5_0p02_0019_0006.uasset" 6354
"../../../Engine/Content/EngineMaterials/Substrate/GLints/dict_16_192_64_0p5_0p02_0019_0007.uasset" 6355
"../../../Engine/Content/EngineMaterials/Substrate/GLints/dict_16_192_64_0p5_0p02_0019_0008.uasset" 6356
"../../../Engine/Content/EngineMaterials/Substrate/GLints/dict_16_192_64_0p5_0p02_0019_0009.uasset" 6357
"../../../Engine/Content/EngineMaterials/Substrate/GLints/dict_16_192_64_0p5_0p02_0019_0010.uasset" 6358
"../../../Engine/Content/EngineMaterials/Substrate/GLints/dict_16_192_64_0p5_0p02_0019_0011.uasset" 6359
"../../../Engine/Content/EngineMaterials/Substrate/GLints/dict_16_192_64_0p5_0p02_0019_0012.uasset" 6360
"../../../Engine/Content/EngineMaterials/Substrate/GLints/dict_16_192_64_0p5_0p02_0019_0013.uasset" 6361
"../../../Engine/Content/EngineMaterials/Substrate/GLints/dict_16_192_64_0p5_0p02_0019_0014.uasset" 6362
"../../../Engine/Content/EngineMaterials/Substrate/GLints/dict_16_192_64_0p5_0p02_0019_0015.uasset" 6363
"../../../Engine/Content/EngineMaterials/Substrate/GLints/dict_16_192_64_0p5_0p02_0020_0000.uasset" 6364
"../../../Engine/Content/EngineMaterials/Substrate/GLints/dict_16_192_64_0p5_0p02_0020_0001.uasset" 6365
"../../../Engine/Content/EngineMaterials/Substrate/GLints/dict_16_192_64_0p5_0p02_0020_0002.uasset" 6366
"../../../Engine/Content/EngineMaterials/Substrate/GLints/dict_16_192_64_0p5_0p02_0020_0003.uasset" 6367
"../../../Engine/Content/EngineMaterials/Substrate/GLints/dict_16_192_64_0p5_0p02_0020_0004.uasset" 6368
"../../../Engine/Content/EngineMaterials/Substrate/GLints/dict_16_192_64_0p5_0p02_0020_0005.uasset" 6369
"../../../Engine/Content/EngineMaterials/Substrate/GLints/dict_16_192_64_0p5_0p02_0020_0006.uasset" 6370
"../../../Engine/Content/EngineMaterials/Substrate/GLints/dict_16_192_64_0p5_0p02_0020_0007.uasset" 6371
"../../../Engine/Content/EngineMaterials/Substrate/GLints/dict_16_192_64_0p5_0p02_0020_0008.uasset" 6372
"../../../Engine/Content/EngineMaterials/Substrate/GLints/dict_16_192_64_0p5_0p02_0020_0009.uasset" 6373
"../../../Engine/Content/EngineMaterials/Substrate/GLints/dict_16_192_64_0p5_0p02_0020_0010.uasset" 6374
"../../../Engine/Content/EngineMaterials/Substrate/GLints/dict_16_192_64_0p5_0p02_0020_0011.uasset" 6375
"../../../Engine/Content/EngineMaterials/Substrate/GLints/dict_16_192_64_0p5_0p02_0020_0012.uasset" 6376
"../../../Engine/Content/EngineMaterials/Substrate/GLints/dict_16_192_64_0p5_0p02_0020_0013.uasset" 6377
"../../../Engine/Content/EngineMaterials/Substrate/GLints/dict_16_192_64_0p5_0p02_0020_0014.uasset" 6378
"../../../Engine/Content/EngineMaterials/Substrate/GLints/dict_16_192_64_0p5_0p02_0020_0015.uasset" 6379
"../../../Engine/Content/EngineMaterials/Substrate/GLints/dict_16_192_64_0p5_0p02_0021_0000.uasset" 6380
"../../../Engine/Content/EngineMaterials/Substrate/GLints/dict_16_192_64_0p5_0p02_0021_0001.uasset" 6381
"../../../Engine/Content/EngineMaterials/Substrate/GLints/dict_16_192_64_0p5_0p02_0021_0002.uasset" 6382
"../../../Engine/Content/EngineMaterials/Substrate/GLints/dict_16_192_64_0p5_0p02_0021_0003.uasset" 6383
"../../../Engine/Content/EngineMaterials/Substrate/GLints/dict_16_192_64_0p5_0p02_0021_0004.uasset" 6384
"../../../Engine/Content/EngineMaterials/Substrate/GLints/dict_16_192_64_0p5_0p02_0021_0005.uasset" 6385
"../../../Engine/Content/EngineMaterials/Substrate/GLints/dict_16_192_64_0p5_0p02_0021_0006.uasset" 6386
"../../../Engine/Content/EngineMaterials/Substrate/GLints/dict_16_192_64_0p5_0p02_0021_0007.uasset" 6387
"../../../Engine/Content/EngineMaterials/Substrate/GLints/dict_16_192_64_0p5_0p02_0021_0008.uasset" 6388
"../../../Engine/Content/EngineMaterials/Substrate/GLints/dict_16_192_64_0p5_0p02_0021_0009.uasset" 6389
"../../../Engine/Content/EngineMaterials/Substrate/GLints/dict_16_192_64_0p5_0p02_0021_0010.uasset" 6390
"../../../Engine/Content/EngineMaterials/Substrate/GLints/dict_16_192_64_0p5_0p02_0021_0011.uasset" 6391
"../../../Engine/Content/EngineMaterials/Substrate/GLints/dict_16_192_64_0p5_0p02_0021_0012.uasset" 6392
"../../../Engine/Content/EngineMaterials/Substrate/GLints/dict_16_192_64_0p5_0p02_0021_0013.uasset" 6393
"../../../Engine/Content/EngineMaterials/Substrate/GLints/dict_16_192_64_0p5_0p02_0021_0014.uasset" 6394
"../../../Engine/Content/EngineMaterials/Substrate/GLints/dict_16_192_64_0p5_0p02_0021_0015.uasset" 6395
"../../../Engine/Content/EngineMaterials/Substrate/GLints/dict_16_192_64_0p5_0p02_0022_0000.uasset" 6396
"../../../Engine/Content/EngineMaterials/Substrate/GLints/dict_16_192_64_0p5_0p02_0022_0001.uasset" 6397
"../../../Engine/Content/EngineMaterials/Substrate/GLints/dict_16_192_64_0p5_0p02_0022_0002.uasset" 6398
"../../../Engine/Content/EngineMaterials/Substrate/GLints/dict_16_192_64_0p5_0p02_0022_0003.uasset" 6399
"../../../Engine/Content/EngineMaterials/Substrate/GLints/dict_16_192_64_0p5_0p02_0022_0004.uasset" 6400
"../../../Engine/Content/EngineMaterials/Substrate/GLints/dict_16_192_64_0p5_0p02_0022_0005.uasset" 6401
"../../../Engine/Content/EngineMaterials/Substrate/GLints/dict_16_192_64_0p5_0p02_0022_0006.uasset" 6402
"../../../Engine/Content/EngineMaterials/Substrate/GLints/dict_16_192_64_0p5_0p02_0022_0007.uasset" 6403
"../../../Engine/Content/EngineMaterials/Substrate/GLints/dict_16_192_64_0p5_0p02_0022_0008.uasset" 6404
"../../../Engine/Content/EngineMaterials/Substrate/GLints/dict_16_192_64_0p5_0p02_0022_0009.uasset" 6405
"../../../Engine/Content/EngineMaterials/Substrate/GLints/dict_16_192_64_0p5_0p02_0022_0010.uasset" 6406
"../../../Engine/Content/EngineMaterials/Substrate/GLints/dict_16_192_64_0p5_0p02_0022_0011.uasset" 6407
"../../../Engine/Content/EngineMaterials/Substrate/GLints/dict_16_192_64_0p5_0p02_0022_0012.uasset" 6408
"../../../Engine/Content/EngineMaterials/Substrate/GLints/dict_16_192_64_0p5_0p02_0022_0013.uasset" 6409
"../../../Engine/Content/EngineMaterials/Substrate/GLints/dict_16_192_64_0p5_0p02_0022_0014.uasset" 6410
"../../../Engine/Content/EngineMaterials/Substrate/GLints/dict_16_192_64_0p5_0p02_0022_0015.uasset" 6411
"../../../Engine/Content/EngineMaterials/Substrate/GLints/dict_16_192_64_0p5_0p02_0023_0000.uasset" 6412
"../../../Engine/Content/EngineMaterials/Substrate/GLints/dict_16_192_64_0p5_0p02_0023_0001.uasset" 6413
"../../../Engine/Content/EngineMaterials/Substrate/GLints/dict_16_192_64_0p5_0p02_0023_0002.uasset" 6414
"../../../Engine/Content/EngineMaterials/Substrate/GLints/dict_16_192_64_0p5_0p02_0023_0003.uasset" 6415
"../../../Engine/Content/EngineMaterials/Substrate/GLints/dict_16_192_64_0p5_0p02_0023_0004.uasset" 6416
"../../../Engine/Content/EngineMaterials/Substrate/GLints/dict_16_192_64_0p5_0p02_0023_0005.uasset" 6417
"../../../Engine/Content/EngineMaterials/Substrate/GLints/dict_16_192_64_0p5_0p02_0023_0006.uasset" 6418
"../../../Engine/Content/EngineMaterials/Substrate/GLints/dict_16_192_64_0p5_0p02_0023_0007.uasset" 6419
"../../../Engine/Content/EngineMaterials/Substrate/GLints/dict_16_192_64_0p5_0p02_0023_0008.uasset" 6420
"../../../Engine/Content/EngineMaterials/Substrate/GLints/dict_16_192_64_0p5_0p02_0023_0009.uasset" 6421
"../../../Engine/Content/EngineMaterials/Substrate/GLints/dict_16_192_64_0p5_0p02_0023_0010.uasset" 6422
"../../../Engine/Content/EngineMaterials/Substrate/GLints/dict_16_192_64_0p5_0p02_0023_0011.uasset" 6423
"../../../Engine/Content/EngineMaterials/Substrate/GLints/dict_16_192_64_0p5_0p02_0023_0012.uasset" 6424
"../../../Engine/Content/EngineMaterials/Substrate/GLints/dict_16_192_64_0p5_0p02_0023_0013.uasset" 6425
"../../../Engine/Content/EngineMaterials/Substrate/GLints/dict_16_192_64_0p5_0p02_0023_0014.uasset" 6426
"../../../Engine/Content/EngineMaterials/Substrate/GLints/dict_16_192_64_0p5_0p02_0023_0015.uasset" 6427
"../../../Engine/Content/EngineMaterials/Substrate/GLints/dict_16_192_64_0p5_0p02_0024_0000.uasset" 6428
"../../../Engine/Content/EngineMaterials/Substrate/GLints/dict_16_192_64_0p5_0p02_0024_0001.uasset" 6429
"../../../Engine/Content/EngineMaterials/Substrate/GLints/dict_16_192_64_0p5_0p02_0024_0002.uasset" 6430
"../../../Engine/Content/EngineMaterials/Substrate/GLints/dict_16_192_64_0p5_0p02_0024_0003.uasset" 6431
"../../../Engine/Content/EngineMaterials/Substrate/GLints/dict_16_192_64_0p5_0p02_0024_0004.uasset" 6432
"../../../Engine/Content/EngineMaterials/Substrate/GLints/dict_16_192_64_0p5_0p02_0024_0005.uasset" 6433
"../../../Engine/Content/EngineMaterials/Substrate/GLints/dict_16_192_64_0p5_0p02_0024_0006.uasset" 6434
"../../../Engine/Content/EngineMaterials/Substrate/GLints/dict_16_192_64_0p5_0p02_0024_0007.uasset" 6435
"../../../Engine/Content/EngineMaterials/Substrate/GLints/dict_16_192_64_0p5_0p02_0024_0008.uasset" 6436
"../../../Engine/Content/EngineMaterials/Substrate/GLints/dict_16_192_64_0p5_0p02_0024_0009.uasset" 6437
"../../../Engine/Content/EngineMaterials/Substrate/GLints/dict_16_192_64_0p5_0p02_0024_0010.uasset" 6438
"../../../Engine/Content/EngineMaterials/Substrate/GLints/dict_16_192_64_0p5_0p02_0024_0011.uasset" 6439
"../../../Engine/Content/EngineMaterials/Substrate/GLints/dict_16_192_64_0p5_0p02_0024_0012.uasset" 6440
"../../../Engine/Content/EngineMaterials/Substrate/GLints/dict_16_192_64_0p5_0p02_0024_0013.uasset" 6441
"../../../Engine/Content/EngineMaterials/Substrate/GLints/dict_16_192_64_0p5_0p02_0024_0014.uasset" 6442
"../../../Engine/Content/EngineMaterials/Substrate/GLints/dict_16_192_64_0p5_0p02_0024_0015.uasset" 6443
"../../../Engine/Content/EngineMaterials/Substrate/GLints/dict_16_192_64_0p5_0p02_0025_0000.uasset" 6444
"../../../Engine/Content/EngineMaterials/Substrate/GLints/dict_16_192_64_0p5_0p02_0025_0001.uasset" 6445
"../../../Engine/Content/EngineMaterials/Substrate/GLints/dict_16_192_64_0p5_0p02_0025_0002.uasset" 6446
"../../../Engine/Content/EngineMaterials/Substrate/GLints/dict_16_192_64_0p5_0p02_0025_0003.uasset" 6447
"../../../Engine/Content/EngineMaterials/Substrate/GLints/dict_16_192_64_0p5_0p02_0025_0004.uasset" 6448
"../../../Engine/Content/EngineMaterials/Substrate/GLints/dict_16_192_64_0p5_0p02_0025_0005.uasset" 6449
"../../../Engine/Content/EngineMaterials/Substrate/GLints/dict_16_192_64_0p5_0p02_0025_0006.uasset" 6450
"../../../Engine/Content/EngineMaterials/Substrate/GLints/dict_16_192_64_0p5_0p02_0025_0007.uasset" 6451
"../../../Engine/Content/EngineMaterials/Substrate/GLints/dict_16_192_64_0p5_0p02_0025_0008.uasset" 6452
"../../../Engine/Content/EngineMaterials/Substrate/GLints/dict_16_192_64_0p5_0p02_0025_0009.uasset" 6453
"../../../Engine/Content/EngineMaterials/Substrate/GLints/dict_16_192_64_0p5_0p02_0025_0010.uasset" 6454
"../../../Engine/Content/EngineMaterials/Substrate/GLints/dict_16_192_64_0p5_0p02_0025_0011.uasset" 6455
"../../../Engine/Content/EngineMaterials/Substrate/GLints/dict_16_192_64_0p5_0p02_0025_0012.uasset" 6456
"../../../Engine/Content/EngineMaterials/Substrate/GLints/dict_16_192_64_0p5_0p02_0025_0013.uasset" 6457
"../../../Engine/Content/EngineMaterials/Substrate/GLints/dict_16_192_64_0p5_0p02_0025_0014.uasset" 6458
"../../../Engine/Content/EngineMaterials/Substrate/GLints/dict_16_192_64_0p5_0p02_0025_0015.uasset" 6459
"../../../Engine/Content/EngineMaterials/Substrate/GLints/dict_16_192_64_0p5_0p02_0026_0000.uasset" 6460
"../../../Engine/Content/EngineMaterials/Substrate/GLints/dict_16_192_64_0p5_0p02_0026_0001.uasset" 6461
"../../../Engine/Content/EngineMaterials/Substrate/GLints/dict_16_192_64_0p5_0p02_0026_0002.uasset" 6462
"../../../Engine/Content/EngineMaterials/Substrate/GLints/dict_16_192_64_0p5_0p02_0026_0003.uasset" 6463
"../../../Engine/Content/EngineMaterials/Substrate/GLints/dict_16_192_64_0p5_0p02_0026_0004.uasset" 6464
"../../../Engine/Content/EngineMaterials/Substrate/GLints/dict_16_192_64_0p5_0p02_0026_0005.uasset" 6465
"../../../Engine/Content/EngineMaterials/Substrate/GLints/dict_16_192_64_0p5_0p02_0026_0006.uasset" 6466
"../../../Engine/Content/EngineMaterials/Substrate/GLints/dict_16_192_64_0p5_0p02_0026_0007.uasset" 6467
"../../../Engine/Content/EngineMaterials/Substrate/GLints/dict_16_192_64_0p5_0p02_0026_0008.uasset" 6468
"../../../Engine/Content/EngineMaterials/Substrate/GLints/dict_16_192_64_0p5_0p02_0026_0009.uasset" 6469
"../../../Engine/Content/EngineMaterials/Substrate/GLints/dict_16_192_64_0p5_0p02_0026_0010.uasset" 6470
"../../../Engine/Content/EngineMaterials/Substrate/GLints/dict_16_192_64_0p5_0p02_0026_0011.uasset" 6471
"../../../Engine/Content/EngineMaterials/Substrate/GLints/dict_16_192_64_0p5_0p02_0026_0012.uasset" 6472
"../../../Engine/Content/EngineMaterials/Substrate/GLints/dict_16_192_64_0p5_0p02_0026_0013.uasset" 6473
"../../../Engine/Content/EngineMaterials/Substrate/GLints/dict_16_192_64_0p5_0p02_0026_0014.uasset" 6474
"../../../Engine/Content/EngineMaterials/Substrate/GLints/dict_16_192_64_0p5_0p02_0026_0015.uasset" 6475
"../../../Engine/Content/EngineMaterials/Substrate/GLints/dict_16_192_64_0p5_0p02_0027_0000.uasset" 6476
"../../../Engine/Content/EngineMaterials/Substrate/GLints/dict_16_192_64_0p5_0p02_0027_0001.uasset" 6477
"../../../Engine/Content/EngineMaterials/Substrate/GLints/dict_16_192_64_0p5_0p02_0027_0002.uasset" 6478
"../../../Engine/Content/EngineMaterials/Substrate/GLints/dict_16_192_64_0p5_0p02_0027_0003.uasset" 6479
"../../../Engine/Content/EngineMaterials/Substrate/GLints/dict_16_192_64_0p5_0p02_0027_0004.uasset" 6480
"../../../Engine/Content/EngineMaterials/Substrate/GLints/dict_16_192_64_0p5_0p02_0027_0005.uasset" 6481
"../../../Engine/Content/EngineMaterials/Substrate/GLints/dict_16_192_64_0p5_0p02_0027_0006.uasset" 6482
"../../../Engine/Content/EngineMaterials/Substrate/GLints/dict_16_192_64_0p5_0p02_0027_0007.uasset" 6483
"../../../Engine/Content/EngineMaterials/Substrate/GLints/dict_16_192_64_0p5_0p02_0027_0008.uasset" 6484
"../../../Engine/Content/EngineMaterials/Substrate/GLints/dict_16_192_64_0p5_0p02_0027_0009.uasset" 6485
"../../../Engine/Content/EngineMaterials/Substrate/GLints/dict_16_192_64_0p5_0p02_0027_0010.uasset" 6486
"../../../Engine/Content/EngineMaterials/Substrate/GLints/dict_16_192_64_0p5_0p02_0027_0011.uasset" 6487
"../../../Engine/Content/EngineMaterials/Substrate/GLints/dict_16_192_64_0p5_0p02_0027_0012.uasset" 6488
"../../../Engine/Content/EngineMaterials/Substrate/GLints/dict_16_192_64_0p5_0p02_0027_0013.uasset" 6489
"../../../Engine/Content/EngineMaterials/Substrate/GLints/dict_16_192_64_0p5_0p02_0027_0014.uasset" 6490
"../../../Engine/Content/EngineMaterials/Substrate/GLints/dict_16_192_64_0p5_0p02_0027_0015.uasset" 6491
"../../../Engine/Content/EngineMaterials/Substrate/GLints/dict_16_192_64_0p5_0p02_0028_0000.uasset" 6492
"../../../Engine/Content/EngineMaterials/Substrate/GLints/dict_16_192_64_0p5_0p02_0028_0001.uasset" 6493
"../../../Engine/Content/EngineMaterials/Substrate/GLints/dict_16_192_64_0p5_0p02_0028_0002.uasset" 6494
"../../../Engine/Content/EngineMaterials/Substrate/GLints/dict_16_192_64_0p5_0p02_0028_0003.uasset" 6495
"../../../Engine/Content/EngineMaterials/Substrate/GLints/dict_16_192_64_0p5_0p02_0028_0004.uasset" 6496
"../../../Engine/Content/EngineMaterials/Substrate/GLints/dict_16_192_64_0p5_0p02_0028_0005.uasset" 6497
"../../../Engine/Content/EngineMaterials/Substrate/GLints/dict_16_192_64_0p5_0p02_0028_0006.uasset" 6498
"../../../Engine/Content/EngineMaterials/Substrate/GLints/dict_16_192_64_0p5_0p02_0028_0007.uasset" 6499
"../../../Engine/Content/EngineMaterials/Substrate/GLints/dict_16_192_64_0p5_0p02_0028_0008.uasset" 6500
"../../../Engine/Content/EngineMaterials/Substrate/GLints/dict_16_192_64_0p5_0p02_0028_0009.uasset" 6501
"../../../Engine/Content/EngineMaterials/Substrate/GLints/dict_16_192_64_0p5_0p02_0028_0010.uasset" 6502
"../../../Engine/Content/EngineMaterials/Substrate/GLints/dict_16_192_64_0p5_0p02_0028_0011.uasset" 6503
"../../../Engine/Content/EngineMaterials/Substrate/GLints/dict_16_192_64_0p5_0p02_0028_0012.uasset" 6504
"../../../Engine/Content/EngineMaterials/Substrate/GLints/dict_16_192_64_0p5_0p02_0028_0013.uasset" 6505
"../../../Engine/Content/EngineMaterials/Substrate/GLints/dict_16_192_64_0p5_0p02_0028_0014.uasset" 6506
"../../../Engine/Content/EngineMaterials/Substrate/GLints/dict_16_192_64_0p5_0p02_0028_0015.uasset" 6507
"../../../Engine/Content/EngineMaterials/Substrate/GLints/dict_16_192_64_0p5_0p02_0029_0000.uasset" 6508
"../../../Engine/Content/EngineMaterials/Substrate/GLints/dict_16_192_64_0p5_0p02_0029_0001.uasset" 6509
"../../../Engine/Content/EngineMaterials/Substrate/GLints/dict_16_192_64_0p5_0p02_0029_0002.uasset" 6510
"../../../Engine/Content/EngineMaterials/Substrate/GLints/dict_16_192_64_0p5_0p02_0029_0003.uasset" 6511
"../../../Engine/Content/EngineMaterials/Substrate/GLints/dict_16_192_64_0p5_0p02_0029_0004.uasset" 6512
"../../../Engine/Content/EngineMaterials/Substrate/GLints/dict_16_192_64_0p5_0p02_0029_0005.uasset" 6513
"../../../Engine/Content/EngineMaterials/Substrate/GLints/dict_16_192_64_0p5_0p02_0029_0006.uasset" 6514
"../../../Engine/Content/EngineMaterials/Substrate/GLints/dict_16_192_64_0p5_0p02_0029_0007.uasset" 6515
"../../../Engine/Content/EngineMaterials/Substrate/GLints/dict_16_192_64_0p5_0p02_0029_0008.uasset" 6516
"../../../Engine/Content/EngineMaterials/Substrate/GLints/dict_16_192_64_0p5_0p02_0029_0009.uasset" 6517
"../../../Engine/Content/EngineMaterials/Substrate/GLints/dict_16_192_64_0p5_0p02_0029_0010.uasset" 6518
"../../../Engine/Content/EngineMaterials/Substrate/GLints/dict_16_192_64_0p5_0p02_0029_0011.uasset" 6519
"../../../Engine/Content/EngineMaterials/Substrate/GLints/dict_16_192_64_0p5_0p02_0029_0012.uasset" 6520
"../../../Engine/Content/EngineMaterials/Substrate/GLints/dict_16_192_64_0p5_0p02_0029_0013.uasset" 6521
"../../../Engine/Content/EngineMaterials/Substrate/GLints/dict_16_192_64_0p5_0p02_0029_0014.uasset" 6522
"../../../Engine/Content/EngineMaterials/Substrate/GLints/dict_16_192_64_0p5_0p02_0029_0015.uasset" 6523
"../../../Engine/Content/EngineMaterials/Substrate/GLints/dict_16_192_64_0p5_0p02_0030_0000.uasset" 6524
"../../../Engine/Content/EngineMaterials/Substrate/GLints/dict_16_192_64_0p5_0p02_0030_0001.uasset" 6525
"../../../Engine/Content/EngineMaterials/Substrate/GLints/dict_16_192_64_0p5_0p02_0030_0002.uasset" 6526
"../../../Engine/Content/EngineMaterials/Substrate/GLints/dict_16_192_64_0p5_0p02_0030_0003.uasset" 6527
"../../../Engine/Content/EngineMaterials/Substrate/GLints/dict_16_192_64_0p5_0p02_0030_0004.uasset" 6528
"../../../Engine/Content/EngineMaterials/Substrate/GLints/dict_16_192_64_0p5_0p02_0030_0005.uasset" 6529
"../../../Engine/Content/EngineMaterials/Substrate/GLints/dict_16_192_64_0p5_0p02_0030_0006.uasset" 6530
"../../../Engine/Content/EngineMaterials/Substrate/GLints/dict_16_192_64_0p5_0p02_0030_0007.uasset" 6531
"../../../Engine/Content/EngineMaterials/Substrate/GLints/dict_16_192_64_0p5_0p02_0030_0008.uasset" 6532
"../../../Engine/Content/EngineMaterials/Substrate/GLints/dict_16_192_64_0p5_0p02_0030_0009.uasset" 6533
"../../../Engine/Content/EngineMaterials/Substrate/GLints/dict_16_192_64_0p5_0p02_0030_0010.uasset" 6534
"../../../Engine/Content/EngineMaterials/Substrate/GLints/dict_16_192_64_0p5_0p02_0030_0011.uasset" 6535
"../../../Engine/Content/EngineMaterials/Substrate/GLints/dict_16_192_64_0p5_0p02_0030_0012.uasset" 6536
"../../../Engine/Content/EngineMaterials/Substrate/GLints/dict_16_192_64_0p5_0p02_0030_0013.uasset" 6537
"../../../Engine/Content/EngineMaterials/Substrate/GLints/dict_16_192_64_0p5_0p02_0030_0014.uasset" 6538
"../../../Engine/Content/EngineMaterials/Substrate/GLints/dict_16_192_64_0p5_0p02_0030_0015.uasset" 6539
"../../../Engine/Content/EngineMaterials/Substrate/GLints/dict_16_192_64_0p5_0p02_0031_0000.uasset" 6540
"../../../Engine/Content/EngineMaterials/Substrate/GLints/dict_16_192_64_0p5_0p02_0031_0001.uasset" 6541
"../../../Engine/Content/EngineMaterials/Substrate/GLints/dict_16_192_64_0p5_0p02_0031_0002.uasset" 6542
"../../../Engine/Content/EngineMaterials/Substrate/GLints/dict_16_192_64_0p5_0p02_0031_0003.uasset" 6543
"../../../Engine/Content/EngineMaterials/Substrate/GLints/dict_16_192_64_0p5_0p02_0031_0004.uasset" 6544
"../../../Engine/Content/EngineMaterials/Substrate/GLints/dict_16_192_64_0p5_0p02_0031_0005.uasset" 6545
"../../../Engine/Content/EngineMaterials/Substrate/GLints/dict_16_192_64_0p5_0p02_0031_0006.uasset" 6546
"../../../Engine/Content/EngineMaterials/Substrate/GLints/dict_16_192_64_0p5_0p02_0031_0007.uasset" 6547
"../../../Engine/Content/EngineMaterials/Substrate/GLints/dict_16_192_64_0p5_0p02_0031_0008.uasset" 6548
"../../../Engine/Content/EngineMaterials/Substrate/GLints/dict_16_192_64_0p5_0p02_0031_0009.uasset" 6549
"../../../Engine/Content/EngineMaterials/Substrate/GLints/dict_16_192_64_0p5_0p02_0031_0010.uasset" 6550
"../../../Engine/Content/EngineMaterials/Substrate/GLints/dict_16_192_64_0p5_0p02_0031_0011.uasset" 6551
"../../../Engine/Content/EngineMaterials/Substrate/GLints/dict_16_192_64_0p5_0p02_0031_0012.uasset" 6552
"../../../Engine/Content/EngineMaterials/Substrate/GLints/dict_16_192_64_0p5_0p02_0031_0013.uasset" 6553
"../../../Engine/Content/EngineMaterials/Substrate/GLints/dict_16_192_64_0p5_0p02_0031_0014.uasset" 6554
"../../../Engine/Content/EngineMaterials/Substrate/GLints/dict_16_192_64_0p5_0p02_0031_0015.uasset" 6555
"../../../Engine/Content/EngineMaterials/Substrate/GLints/dict_16_192_64_0p5_0p02_0032_0000.uasset" 6556
"../../../Engine/Content/EngineMaterials/Substrate/GLints/dict_16_192_64_0p5_0p02_0032_0001.uasset" 6557
"../../../Engine/Content/EngineMaterials/Substrate/GLints/dict_16_192_64_0p5_0p02_0032_0002.uasset" 6558
"../../../Engine/Content/EngineMaterials/Substrate/GLints/dict_16_192_64_0p5_0p02_0032_0003.uasset" 6559
"../../../Engine/Content/EngineMaterials/Substrate/GLints/dict_16_192_64_0p5_0p02_0032_0004.uasset" 6560
"../../../Engine/Content/EngineMaterials/Substrate/GLints/dict_16_192_64_0p5_0p02_0032_0005.uasset" 6561
"../../../Engine/Content/EngineMaterials/Substrate/GLints/dict_16_192_64_0p5_0p02_0032_0006.uasset" 6562
"../../../Engine/Content/EngineMaterials/Substrate/GLints/dict_16_192_64_0p5_0p02_0032_0007.uasset" 6563
"../../../Engine/Content/EngineMaterials/Substrate/GLints/dict_16_192_64_0p5_0p02_0032_0008.uasset" 6564
"../../../Engine/Content/EngineMaterials/Substrate/GLints/dict_16_192_64_0p5_0p02_0032_0009.uasset" 6565
"../../../Engine/Content/EngineMaterials/Substrate/GLints/dict_16_192_64_0p5_0p02_0032_0010.uasset" 6566
"../../../Engine/Content/EngineMaterials/Substrate/GLints/dict_16_192_64_0p5_0p02_0032_0011.uasset" 6567
"../../../Engine/Content/EngineMaterials/Substrate/GLints/dict_16_192_64_0p5_0p02_0032_0012.uasset" 6568
"../../../Engine/Content/EngineMaterials/Substrate/GLints/dict_16_192_64_0p5_0p02_0032_0013.uasset" 6569
"../../../Engine/Content/EngineMaterials/Substrate/GLints/dict_16_192_64_0p5_0p02_0032_0014.uasset" 6570
"../../../Engine/Content/EngineMaterials/Substrate/GLints/dict_16_192_64_0p5_0p02_0032_0015.uasset" 6571
"../../../Engine/Content/EngineMaterials/Substrate/GLints/dict_16_192_64_0p5_0p02_0033_0000.uasset" 6572
"../../../Engine/Content/EngineMaterials/Substrate/GLints/dict_16_192_64_0p5_0p02_0033_0001.uasset" 6573
"../../../Engine/Content/EngineMaterials/Substrate/GLints/dict_16_192_64_0p5_0p02_0033_0002.uasset" 6574
"../../../Engine/Content/EngineMaterials/Substrate/GLints/dict_16_192_64_0p5_0p02_0033_0003.uasset" 6575
"../../../Engine/Content/EngineMaterials/Substrate/GLints/dict_16_192_64_0p5_0p02_0033_0004.uasset" 6576
"../../../Engine/Content/EngineMaterials/Substrate/GLints/dict_16_192_64_0p5_0p02_0033_0005.uasset" 6577
"../../../Engine/Content/EngineMaterials/Substrate/GLints/dict_16_192_64_0p5_0p02_0033_0006.uasset" 6578
"../../../Engine/Content/EngineMaterials/Substrate/GLints/dict_16_192_64_0p5_0p02_0033_0007.uasset" 6579
"../../../Engine/Content/EngineMaterials/Substrate/GLints/dict_16_192_64_0p5_0p02_0033_0008.uasset" 6580
"../../../Engine/Content/EngineMaterials/Substrate/GLints/dict_16_192_64_0p5_0p02_0033_0009.uasset" 6581
"../../../Engine/Content/EngineMaterials/Substrate/GLints/dict_16_192_64_0p5_0p02_0033_0010.uasset" 6582
"../../../Engine/Content/EngineMaterials/Substrate/GLints/dict_16_192_64_0p5_0p02_0033_0011.uasset" 6583
"../../../Engine/Content/EngineMaterials/Substrate/GLints/dict_16_192_64_0p5_0p02_0033_0012.uasset" 6584
"../../../Engine/Content/EngineMaterials/Substrate/GLints/dict_16_192_64_0p5_0p02_0033_0013.uasset" 6585
"../../../Engine/Content/EngineMaterials/Substrate/GLints/dict_16_192_64_0p5_0p02_0033_0014.uasset" 6586
"../../../Engine/Content/EngineMaterials/Substrate/GLints/dict_16_192_64_0p5_0p02_0033_0015.uasset" 6587
"../../../Engine/Content/EngineMaterials/Substrate/GLints/dict_16_192_64_0p5_0p02_0034_0000.uasset" 6588
"../../../Engine/Content/EngineMaterials/Substrate/GLints/dict_16_192_64_0p5_0p02_0034_0001.uasset" 6589
"../../../Engine/Content/EngineMaterials/Substrate/GLints/dict_16_192_64_0p5_0p02_0034_0002.uasset" 6590
"../../../Engine/Content/EngineMaterials/Substrate/GLints/dict_16_192_64_0p5_0p02_0034_0003.uasset" 6591
"../../../Engine/Content/EngineMaterials/Substrate/GLints/dict_16_192_64_0p5_0p02_0034_0004.uasset" 6592
"../../../Engine/Content/EngineMaterials/Substrate/GLints/dict_16_192_64_0p5_0p02_0034_0005.uasset" 6593
"../../../Engine/Content/EngineMaterials/Substrate/GLints/dict_16_192_64_0p5_0p02_0034_0006.uasset" 6594
"../../../Engine/Content/EngineMaterials/Substrate/GLints/dict_16_192_64_0p5_0p02_0034_0007.uasset" 6595
"../../../Engine/Content/EngineMaterials/Substrate/GLints/dict_16_192_64_0p5_0p02_0034_0008.uasset" 6596
"../../../Engine/Content/EngineMaterials/Substrate/GLints/dict_16_192_64_0p5_0p02_0034_0009.uasset" 6597
"../../../Engine/Content/EngineMaterials/Substrate/GLints/dict_16_192_64_0p5_0p02_0034_0010.uasset" 6598
"../../../Engine/Content/EngineMaterials/Substrate/GLints/dict_16_192_64_0p5_0p02_0034_0011.uasset" 6599
"../../../Engine/Content/EngineMaterials/Substrate/GLints/dict_16_192_64_0p5_0p02_0034_0012.uasset" 6600
"../../../Engine/Content/EngineMaterials/Substrate/GLints/dict_16_192_64_0p5_0p02_0034_0013.uasset" 6601
"../../../Engine/Content/EngineMaterials/Substrate/GLints/dict_16_192_64_0p5_0p02_0034_0014.uasset" 6602
"../../../Engine/Content/EngineMaterials/Substrate/GLints/dict_16_192_64_0p5_0p02_0034_0015.uasset" 6603
"../../../Engine/Content/EngineMaterials/Substrate/GLints/dict_16_192_64_0p5_0p02_0035_0000.uasset" 6604
"../../../Engine/Content/EngineMaterials/Substrate/GLints/dict_16_192_64_0p5_0p02_0035_0001.uasset" 6605
"../../../Engine/Content/EngineMaterials/Substrate/GLints/dict_16_192_64_0p5_0p02_0035_0002.uasset" 6606
"../../../Engine/Content/EngineMaterials/Substrate/GLints/dict_16_192_64_0p5_0p02_0035_0003.uasset" 6607
"../../../Engine/Content/EngineMaterials/Substrate/GLints/dict_16_192_64_0p5_0p02_0035_0004.uasset" 6608
"../../../Engine/Content/EngineMaterials/Substrate/GLints/dict_16_192_64_0p5_0p02_0035_0005.uasset" 6609
"../../../Engine/Content/EngineMaterials/Substrate/GLints/dict_16_192_64_0p5_0p02_0035_0006.uasset" 6610
"../../../Engine/Content/EngineMaterials/Substrate/GLints/dict_16_192_64_0p5_0p02_0035_0007.uasset" 6611
"../../../Engine/Content/EngineMaterials/Substrate/GLints/dict_16_192_64_0p5_0p02_0035_0008.uasset" 6612
"../../../Engine/Content/EngineMaterials/Substrate/GLints/dict_16_192_64_0p5_0p02_0035_0009.uasset" 6613
"../../../Engine/Content/EngineMaterials/Substrate/GLints/dict_16_192_64_0p5_0p02_0035_0010.uasset" 6614
"../../../Engine/Content/EngineMaterials/Substrate/GLints/dict_16_192_64_0p5_0p02_0035_0011.uasset" 6615
"../../../Engine/Content/EngineMaterials/Substrate/GLints/dict_16_192_64_0p5_0p02_0035_0012.uasset" 6616
"../../../Engine/Content/EngineMaterials/Substrate/GLints/dict_16_192_64_0p5_0p02_0035_0013.uasset" 6617
"../../../Engine/Content/EngineMaterials/Substrate/GLints/dict_16_192_64_0p5_0p02_0035_0014.uasset" 6618
"../../../Engine/Content/EngineMaterials/Substrate/GLints/dict_16_192_64_0p5_0p02_0035_0015.uasset" 6619
"../../../Engine/Content/EngineMaterials/Substrate/GLints/dict_16_192_64_0p5_0p02_0036_0000.uasset" 6620
"../../../Engine/Content/EngineMaterials/Substrate/GLints/dict_16_192_64_0p5_0p02_0036_0001.uasset" 6621
"../../../Engine/Content/EngineMaterials/Substrate/GLints/dict_16_192_64_0p5_0p02_0036_0002.uasset" 6622
"../../../Engine/Content/EngineMaterials/Substrate/GLints/dict_16_192_64_0p5_0p02_0036_0003.uasset" 6623
"../../../Engine/Content/EngineMaterials/Substrate/GLints/dict_16_192_64_0p5_0p02_0036_0004.uasset" 6624
"../../../Engine/Content/EngineMaterials/Substrate/GLints/dict_16_192_64_0p5_0p02_0036_0005.uasset" 6625
"../../../Engine/Content/EngineMaterials/Substrate/GLints/dict_16_192_64_0p5_0p02_0036_0006.uasset" 6626
"../../../Engine/Content/EngineMaterials/Substrate/GLints/dict_16_192_64_0p5_0p02_0036_0007.uasset" 6627
"../../../Engine/Content/EngineMaterials/Substrate/GLints/dict_16_192_64_0p5_0p02_0036_0008.uasset" 6628
"../../../Engine/Content/EngineMaterials/Substrate/GLints/dict_16_192_64_0p5_0p02_0036_0009.uasset" 6629
"../../../Engine/Content/EngineMaterials/Substrate/GLints/dict_16_192_64_0p5_0p02_0036_0010.uasset" 6630
"../../../Engine/Content/EngineMaterials/Substrate/GLints/dict_16_192_64_0p5_0p02_0036_0011.uasset" 6631
"../../../Engine/Content/EngineMaterials/Substrate/GLints/dict_16_192_64_0p5_0p02_0036_0012.uasset" 6632
"../../../Engine/Content/EngineMaterials/Substrate/GLints/dict_16_192_64_0p5_0p02_0036_0013.uasset" 6633
"../../../Engine/Content/EngineMaterials/Substrate/GLints/dict_16_192_64_0p5_0p02_0036_0014.uasset" 6634
"../../../Engine/Content/EngineMaterials/Substrate/GLints/dict_16_192_64_0p5_0p02_0036_0015.uasset" 6635
"../../../Engine/Content/EngineMaterials/Substrate/GLints/dict_16_192_64_0p5_0p02_0037_0000.uasset" 6636
"../../../Engine/Content/EngineMaterials/Substrate/GLints/dict_16_192_64_0p5_0p02_0037_0001.uasset" 6637
"../../../Engine/Content/EngineMaterials/Substrate/GLints/dict_16_192_64_0p5_0p02_0037_0002.uasset" 6638
"../../../Engine/Content/EngineMaterials/Substrate/GLints/dict_16_192_64_0p5_0p02_0037_0003.uasset" 6639
"../../../Engine/Content/EngineMaterials/Substrate/GLints/dict_16_192_64_0p5_0p02_0037_0004.uasset" 6640
"../../../Engine/Content/EngineMaterials/Substrate/GLints/dict_16_192_64_0p5_0p02_0037_0005.uasset" 6641
"../../../Engine/Content/EngineMaterials/Substrate/GLints/dict_16_192_64_0p5_0p02_0037_0006.uasset" 6642
"../../../Engine/Content/EngineMaterials/Substrate/GLints/dict_16_192_64_0p5_0p02_0037_0007.uasset" 6643
"../../../Engine/Content/EngineMaterials/Substrate/GLints/dict_16_192_64_0p5_0p02_0037_0008.uasset" 6644
"../../../Engine/Content/EngineMaterials/Substrate/GLints/dict_16_192_64_0p5_0p02_0037_0009.uasset" 6645
"../../../Engine/Content/EngineMaterials/Substrate/GLints/dict_16_192_64_0p5_0p02_0037_0010.uasset" 6646
"../../../Engine/Content/EngineMaterials/Substrate/GLints/dict_16_192_64_0p5_0p02_0037_0011.uasset" 6647
"../../../Engine/Content/EngineMaterials/Substrate/GLints/dict_16_192_64_0p5_0p02_0037_0012.uasset" 6648
"../../../Engine/Content/EngineMaterials/Substrate/GLints/dict_16_192_64_0p5_0p02_0037_0013.uasset" 6649
"../../../Engine/Content/EngineMaterials/Substrate/GLints/dict_16_192_64_0p5_0p02_0037_0014.uasset" 6650
"../../../Engine/Content/EngineMaterials/Substrate/GLints/dict_16_192_64_0p5_0p02_0037_0015.uasset" 6651
"../../../Engine/Content/EngineMaterials/Substrate/GLints/dict_16_192_64_0p5_0p02_0038_0000.uasset" 6652
"../../../Engine/Content/EngineMaterials/Substrate/GLints/dict_16_192_64_0p5_0p02_0038_0001.uasset" 6653
"../../../Engine/Content/EngineMaterials/Substrate/GLints/dict_16_192_64_0p5_0p02_0038_0002.uasset" 6654
"../../../Engine/Content/EngineMaterials/Substrate/GLints/dict_16_192_64_0p5_0p02_0038_0003.uasset" 6655
"../../../Engine/Content/EngineMaterials/Substrate/GLints/dict_16_192_64_0p5_0p02_0038_0004.uasset" 6656
"../../../Engine/Content/EngineMaterials/Substrate/GLints/dict_16_192_64_0p5_0p02_0038_0005.uasset" 6657
"../../../Engine/Content/EngineMaterials/Substrate/GLints/dict_16_192_64_0p5_0p02_0038_0006.uasset" 6658
"../../../Engine/Content/EngineMaterials/Substrate/GLints/dict_16_192_64_0p5_0p02_0038_0007.uasset" 6659
"../../../Engine/Content/EngineMaterials/Substrate/GLints/dict_16_192_64_0p5_0p02_0038_0008.uasset" 6660
"../../../Engine/Content/EngineMaterials/Substrate/GLints/dict_16_192_64_0p5_0p02_0038_0009.uasset" 6661
"../../../Engine/Content/EngineMaterials/Substrate/GLints/dict_16_192_64_0p5_0p02_0038_0010.uasset" 6662
"../../../Engine/Content/EngineMaterials/Substrate/GLints/dict_16_192_64_0p5_0p02_0038_0011.uasset" 6663
"../../../Engine/Content/EngineMaterials/Substrate/GLints/dict_16_192_64_0p5_0p02_0038_0012.uasset" 6664
"../../../Engine/Content/EngineMaterials/Substrate/GLints/dict_16_192_64_0p5_0p02_0038_0013.uasset" 6665
"../../../Engine/Content/EngineMaterials/Substrate/GLints/dict_16_192_64_0p5_0p02_0038_0014.uasset" 6666
"../../../Engine/Content/EngineMaterials/Substrate/GLints/dict_16_192_64_0p5_0p02_0038_0015.uasset" 6667
"../../../Engine/Content/EngineMaterials/Substrate/GLints/dict_16_192_64_0p5_0p02_0039_0000.uasset" 6668
"../../../Engine/Content/EngineMaterials/Substrate/GLints/dict_16_192_64_0p5_0p02_0039_0001.uasset" 6669
"../../../Engine/Content/EngineMaterials/Substrate/GLints/dict_16_192_64_0p5_0p02_0039_0002.uasset" 6670
"../../../Engine/Content/EngineMaterials/Substrate/GLints/dict_16_192_64_0p5_0p02_0039_0003.uasset" 6671
"../../../Engine/Content/EngineMaterials/Substrate/GLints/dict_16_192_64_0p5_0p02_0039_0004.uasset" 6672
"../../../Engine/Content/EngineMaterials/Substrate/GLints/dict_16_192_64_0p5_0p02_0039_0005.uasset" 6673
"../../../Engine/Content/EngineMaterials/Substrate/GLints/dict_16_192_64_0p5_0p02_0039_0006.uasset" 6674
"../../../Engine/Content/EngineMaterials/Substrate/GLints/dict_16_192_64_0p5_0p02_0039_0007.uasset" 6675
"../../../Engine/Content/EngineMaterials/Substrate/GLints/dict_16_192_64_0p5_0p02_0039_0008.uasset" 6676
"../../../Engine/Content/EngineMaterials/Substrate/GLints/dict_16_192_64_0p5_0p02_0039_0009.uasset" 6677
"../../../Engine/Content/EngineMaterials/Substrate/GLints/dict_16_192_64_0p5_0p02_0039_0010.uasset" 6678
"../../../Engine/Content/EngineMaterials/Substrate/GLints/dict_16_192_64_0p5_0p02_0039_0011.uasset" 6679
"../../../Engine/Content/EngineMaterials/Substrate/GLints/dict_16_192_64_0p5_0p02_0039_0012.uasset" 6680
"../../../Engine/Content/EngineMaterials/Substrate/GLints/dict_16_192_64_0p5_0p02_0039_0013.uasset" 6681
"../../../Engine/Content/EngineMaterials/Substrate/GLints/dict_16_192_64_0p5_0p02_0039_0014.uasset" 6682
"../../../Engine/Content/EngineMaterials/Substrate/GLints/dict_16_192_64_0p5_0p02_0039_0015.uasset" 6683
"../../../Engine/Content/EngineMaterials/Substrate/GLints/dict_16_192_64_0p5_0p02_0040_0000.uasset" 6684
"../../../Engine/Content/EngineMaterials/Substrate/GLints/dict_16_192_64_0p5_0p02_0040_0001.uasset" 6685
"../../../Engine/Content/EngineMaterials/Substrate/GLints/dict_16_192_64_0p5_0p02_0040_0002.uasset" 6686
"../../../Engine/Content/EngineMaterials/Substrate/GLints/dict_16_192_64_0p5_0p02_0040_0003.uasset" 6687
"../../../Engine/Content/EngineMaterials/Substrate/GLints/dict_16_192_64_0p5_0p02_0040_0004.uasset" 6688
"../../../Engine/Content/EngineMaterials/Substrate/GLints/dict_16_192_64_0p5_0p02_0040_0005.uasset" 6689
"../../../Engine/Content/EngineMaterials/Substrate/GLints/dict_16_192_64_0p5_0p02_0040_0006.uasset" 6690
"../../../Engine/Content/EngineMaterials/Substrate/GLints/dict_16_192_64_0p5_0p02_0040_0007.uasset" 6691
"../../../Engine/Content/EngineMaterials/Substrate/GLints/dict_16_192_64_0p5_0p02_0040_0008.uasset" 6692
"../../../Engine/Content/EngineMaterials/Substrate/GLints/dict_16_192_64_0p5_0p02_0040_0009.uasset" 6693
"../../../Engine/Content/EngineMaterials/Substrate/GLints/dict_16_192_64_0p5_0p02_0040_0010.uasset" 6694
"../../../Engine/Content/EngineMaterials/Substrate/GLints/dict_16_192_64_0p5_0p02_0040_0011.uasset" 6695
"../../../Engine/Content/EngineMaterials/Substrate/GLints/dict_16_192_64_0p5_0p02_0040_0012.uasset" 6696
"../../../Engine/Content/EngineMaterials/Substrate/GLints/dict_16_192_64_0p5_0p02_0040_0013.uasset" 6697
"../../../Engine/Content/EngineMaterials/Substrate/GLints/dict_16_192_64_0p5_0p02_0040_0014.uasset" 6698
"../../../Engine/Content/EngineMaterials/Substrate/GLints/dict_16_192_64_0p5_0p02_0040_0015.uasset" 6699
"../../../Engine/Content/EngineMaterials/Substrate/GLints/dict_16_192_64_0p5_0p02_0041_0000.uasset" 6700
"../../../Engine/Content/EngineMaterials/Substrate/GLints/dict_16_192_64_0p5_0p02_0041_0001.uasset" 6701
"../../../Engine/Content/EngineMaterials/Substrate/GLints/dict_16_192_64_0p5_0p02_0041_0002.uasset" 6702
"../../../Engine/Content/EngineMaterials/Substrate/GLints/dict_16_192_64_0p5_0p02_0041_0003.uasset" 6703
"../../../Engine/Content/EngineMaterials/Substrate/GLints/dict_16_192_64_0p5_0p02_0041_0004.uasset" 6704
"../../../Engine/Content/EngineMaterials/Substrate/GLints/dict_16_192_64_0p5_0p02_0041_0005.uasset" 6705
"../../../Engine/Content/EngineMaterials/Substrate/GLints/dict_16_192_64_0p5_0p02_0041_0006.uasset" 6706
"../../../Engine/Content/EngineMaterials/Substrate/GLints/dict_16_192_64_0p5_0p02_0041_0007.uasset" 6707
"../../../Engine/Content/EngineMaterials/Substrate/GLints/dict_16_192_64_0p5_0p02_0041_0008.uasset" 6708
"../../../Engine/Content/EngineMaterials/Substrate/GLints/dict_16_192_64_0p5_0p02_0041_0009.uasset" 6709
"../../../Engine/Content/EngineMaterials/Substrate/GLints/dict_16_192_64_0p5_0p02_0041_0010.uasset" 6710
"../../../Engine/Content/EngineMaterials/Substrate/GLints/dict_16_192_64_0p5_0p02_0041_0011.uasset" 6711
"../../../Engine/Content/EngineMaterials/Substrate/GLints/dict_16_192_64_0p5_0p02_0041_0012.uasset" 6712
"../../../Engine/Content/EngineMaterials/Substrate/GLints/dict_16_192_64_0p5_0p02_0041_0013.uasset" 6713
"../../../Engine/Content/EngineMaterials/Substrate/GLints/dict_16_192_64_0p5_0p02_0041_0014.uasset" 6714
"../../../Engine/Content/EngineMaterials/Substrate/GLints/dict_16_192_64_0p5_0p02_0041_0015.uasset" 6715
"../../../Engine/Content/EngineMaterials/Substrate/GLints/dict_16_192_64_0p5_0p02_0042_0000.uasset" 6716
"../../../Engine/Content/EngineMaterials/Substrate/GLints/dict_16_192_64_0p5_0p02_0042_0001.uasset" 6717
"../../../Engine/Content/EngineMaterials/Substrate/GLints/dict_16_192_64_0p5_0p02_0042_0002.uasset" 6718
"../../../Engine/Content/EngineMaterials/Substrate/GLints/dict_16_192_64_0p5_0p02_0042_0003.uasset" 6719
"../../../Engine/Content/EngineMaterials/Substrate/GLints/dict_16_192_64_0p5_0p02_0042_0004.uasset" 6720
"../../../Engine/Content/EngineMaterials/Substrate/GLints/dict_16_192_64_0p5_0p02_0042_0005.uasset" 6721
"../../../Engine/Content/EngineMaterials/Substrate/GLints/dict_16_192_64_0p5_0p02_0042_0006.uasset" 6722
"../../../Engine/Content/EngineMaterials/Substrate/GLints/dict_16_192_64_0p5_0p02_0042_0007.uasset" 6723
"../../../Engine/Content/EngineMaterials/Substrate/GLints/dict_16_192_64_0p5_0p02_0042_0008.uasset" 6724
"../../../Engine/Content/EngineMaterials/Substrate/GLints/dict_16_192_64_0p5_0p02_0042_0009.uasset" 6725
"../../../Engine/Content/EngineMaterials/Substrate/GLints/dict_16_192_64_0p5_0p02_0042_0010.uasset" 6726
"../../../Engine/Content/EngineMaterials/Substrate/GLints/dict_16_192_64_0p5_0p02_0042_0011.uasset" 6727
"../../../Engine/Content/EngineMaterials/Substrate/GLints/dict_16_192_64_0p5_0p02_0042_0012.uasset" 6728
"../../../Engine/Content/EngineMaterials/Substrate/GLints/dict_16_192_64_0p5_0p02_0042_0013.uasset" 6729
"../../../Engine/Content/EngineMaterials/Substrate/GLints/dict_16_192_64_0p5_0p02_0042_0014.uasset" 6730
"../../../Engine/Content/EngineMaterials/Substrate/GLints/dict_16_192_64_0p5_0p02_0042_0015.uasset" 6731
"../../../Engine/Content/EngineMaterials/Substrate/GLints/dict_16_192_64_0p5_0p02_0043_0000.uasset" 6732
"../../../Engine/Content/EngineMaterials/Substrate/GLints/dict_16_192_64_0p5_0p02_0043_0001.uasset" 6733
"../../../Engine/Content/EngineMaterials/Substrate/GLints/dict_16_192_64_0p5_0p02_0043_0002.uasset" 6734
"../../../Engine/Content/EngineMaterials/Substrate/GLints/dict_16_192_64_0p5_0p02_0043_0003.uasset" 6735
"../../../Engine/Content/EngineMaterials/Substrate/GLints/dict_16_192_64_0p5_0p02_0043_0004.uasset" 6736
"../../../Engine/Content/EngineMaterials/Substrate/GLints/dict_16_192_64_0p5_0p02_0043_0005.uasset" 6737
"../../../Engine/Content/EngineMaterials/Substrate/GLints/dict_16_192_64_0p5_0p02_0043_0006.uasset" 6738
"../../../Engine/Content/EngineMaterials/Substrate/GLints/dict_16_192_64_0p5_0p02_0043_0007.uasset" 6739
"../../../Engine/Content/EngineMaterials/Substrate/GLints/dict_16_192_64_0p5_0p02_0043_0008.uasset" 6740
"../../../Engine/Content/EngineMaterials/Substrate/GLints/dict_16_192_64_0p5_0p02_0043_0009.uasset" 6741
"../../../Engine/Content/EngineMaterials/Substrate/GLints/dict_16_192_64_0p5_0p02_0043_0010.uasset" 6742
"../../../Engine/Content/EngineMaterials/Substrate/GLints/dict_16_192_64_0p5_0p02_0043_0011.uasset" 6743
"../../../Engine/Content/EngineMaterials/Substrate/GLints/dict_16_192_64_0p5_0p02_0043_0012.uasset" 6744
"../../../Engine/Content/EngineMaterials/Substrate/GLints/dict_16_192_64_0p5_0p02_0043_0013.uasset" 6745
"../../../Engine/Content/EngineMaterials/Substrate/GLints/dict_16_192_64_0p5_0p02_0043_0014.uasset" 6746
"../../../Engine/Content/EngineMaterials/Substrate/GLints/dict_16_192_64_0p5_0p02_0043_0015.uasset" 6747
"../../../Engine/Content/EngineMaterials/Substrate/GLints/dict_16_192_64_0p5_0p02_0044_0000.uasset" 6748
"../../../Engine/Content/EngineMaterials/Substrate/GLints/dict_16_192_64_0p5_0p02_0044_0001.uasset" 6749
"../../../Engine/Content/EngineMaterials/Substrate/GLints/dict_16_192_64_0p5_0p02_0044_0002.uasset" 6750
"../../../Engine/Content/EngineMaterials/Substrate/GLints/dict_16_192_64_0p5_0p02_0044_0003.uasset" 6751
"../../../Engine/Content/EngineMaterials/Substrate/GLints/dict_16_192_64_0p5_0p02_0044_0004.uasset" 6752
"../../../Engine/Content/EngineMaterials/Substrate/GLints/dict_16_192_64_0p5_0p02_0044_0005.uasset" 6753
"../../../Engine/Content/EngineMaterials/Substrate/GLints/dict_16_192_64_0p5_0p02_0044_0006.uasset" 6754
"../../../Engine/Content/EngineMaterials/Substrate/GLints/dict_16_192_64_0p5_0p02_0044_0007.uasset" 6755
"../../../Engine/Content/EngineMaterials/Substrate/GLints/dict_16_192_64_0p5_0p02_0044_0008.uasset" 6756
"../../../Engine/Content/EngineMaterials/Substrate/GLints/dict_16_192_64_0p5_0p02_0044_0009.uasset" 6757
"../../../Engine/Content/EngineMaterials/Substrate/GLints/dict_16_192_64_0p5_0p02_0044_0010.uasset" 6758
"../../../Engine/Content/EngineMaterials/Substrate/GLints/dict_16_192_64_0p5_0p02_0044_0011.uasset" 6759
"../../../Engine/Content/EngineMaterials/Substrate/GLints/dict_16_192_64_0p5_0p02_0044_0012.uasset" 6760
"../../../Engine/Content/EngineMaterials/Substrate/GLints/dict_16_192_64_0p5_0p02_0044_0013.uasset" 6761
"../../../Engine/Content/EngineMaterials/Substrate/GLints/dict_16_192_64_0p5_0p02_0044_0014.uasset" 6762
"../../../Engine/Content/EngineMaterials/Substrate/GLints/dict_16_192_64_0p5_0p02_0044_0015.uasset" 6763
"../../../Engine/Content/EngineMaterials/Substrate/GLints/dict_16_192_64_0p5_0p02_0045_0000.uasset" 6764
"../../../Engine/Content/EngineMaterials/Substrate/GLints/dict_16_192_64_0p5_0p02_0045_0001.uasset" 6765
"../../../Engine/Content/EngineMaterials/Substrate/GLints/dict_16_192_64_0p5_0p02_0045_0002.uasset" 6766
"../../../Engine/Content/EngineMaterials/Substrate/GLints/dict_16_192_64_0p5_0p02_0045_0003.uasset" 6767
"../../../Engine/Content/EngineMaterials/Substrate/GLints/dict_16_192_64_0p5_0p02_0045_0004.uasset" 6768
"../../../Engine/Content/EngineMaterials/Substrate/GLints/dict_16_192_64_0p5_0p02_0045_0005.uasset" 6769
"../../../Engine/Content/EngineMaterials/Substrate/GLints/dict_16_192_64_0p5_0p02_0045_0006.uasset" 6770
"../../../Engine/Content/EngineMaterials/Substrate/GLints/dict_16_192_64_0p5_0p02_0045_0007.uasset" 6771
"../../../Engine/Content/EngineMaterials/Substrate/GLints/dict_16_192_64_0p5_0p02_0045_0008.uasset" 6772
"../../../Engine/Content/EngineMaterials/Substrate/GLints/dict_16_192_64_0p5_0p02_0045_0009.uasset" 6773
"../../../Engine/Content/EngineMaterials/Substrate/GLints/dict_16_192_64_0p5_0p02_0045_0010.uasset" 6774
"../../../Engine/Content/EngineMaterials/Substrate/GLints/dict_16_192_64_0p5_0p02_0045_0011.uasset" 6775
"../../../Engine/Content/EngineMaterials/Substrate/GLints/dict_16_192_64_0p5_0p02_0045_0012.uasset" 6776
"../../../Engine/Content/EngineMaterials/Substrate/GLints/dict_16_192_64_0p5_0p02_0045_0013.uasset" 6777
"../../../Engine/Content/EngineMaterials/Substrate/GLints/dict_16_192_64_0p5_0p02_0045_0014.uasset" 6778
"../../../Engine/Content/EngineMaterials/Substrate/GLints/dict_16_192_64_0p5_0p02_0045_0015.uasset" 6779
"../../../Engine/Content/EngineMaterials/Substrate/GLints/dict_16_192_64_0p5_0p02_0046_0000.uasset" 6780
"../../../Engine/Content/EngineMaterials/Substrate/GLints/dict_16_192_64_0p5_0p02_0046_0001.uasset" 6781
"../../../Engine/Content/EngineMaterials/Substrate/GLints/dict_16_192_64_0p5_0p02_0046_0002.uasset" 6782
"../../../Engine/Content/EngineMaterials/Substrate/GLints/dict_16_192_64_0p5_0p02_0046_0003.uasset" 6783
"../../../Engine/Content/EngineMaterials/Substrate/GLints/dict_16_192_64_0p5_0p02_0046_0004.uasset" 6784
"../../../Engine/Content/EngineMaterials/Substrate/GLints/dict_16_192_64_0p5_0p02_0046_0005.uasset" 6785
"../../../Engine/Content/EngineMaterials/Substrate/GLints/dict_16_192_64_0p5_0p02_0046_0006.uasset" 6786
"../../../Engine/Content/EngineMaterials/Substrate/GLints/dict_16_192_64_0p5_0p02_0046_0007.uasset" 6787
"../../../Engine/Content/EngineMaterials/Substrate/GLints/dict_16_192_64_0p5_0p02_0046_0008.uasset" 6788
"../../../Engine/Content/EngineMaterials/Substrate/GLints/dict_16_192_64_0p5_0p02_0046_0009.uasset" 6789
"../../../Engine/Content/EngineMaterials/Substrate/GLints/dict_16_192_64_0p5_0p02_0046_0010.uasset" 6790
"../../../Engine/Content/EngineMaterials/Substrate/GLints/dict_16_192_64_0p5_0p02_0046_0011.uasset" 6791
"../../../Engine/Content/EngineMaterials/Substrate/GLints/dict_16_192_64_0p5_0p02_0046_0012.uasset" 6792
"../../../Engine/Content/EngineMaterials/Substrate/GLints/dict_16_192_64_0p5_0p02_0046_0013.uasset" 6793
"../../../Engine/Content/EngineMaterials/Substrate/GLints/dict_16_192_64_0p5_0p02_0046_0014.uasset" 6794
"../../../Engine/Content/EngineMaterials/Substrate/GLints/dict_16_192_64_0p5_0p02_0046_0015.uasset" 6795
"../../../Engine/Content/EngineMaterials/Substrate/GLints/dict_16_192_64_0p5_0p02_0047_0000.uasset" 6796
"../../../Engine/Content/EngineMaterials/Substrate/GLints/dict_16_192_64_0p5_0p02_0047_0001.uasset" 6797
"../../../Engine/Content/EngineMaterials/Substrate/GLints/dict_16_192_64_0p5_0p02_0047_0002.uasset" 6798
"../../../Engine/Content/EngineMaterials/Substrate/GLints/dict_16_192_64_0p5_0p02_0047_0003.uasset" 6799
"../../../Engine/Content/EngineMaterials/Substrate/GLints/dict_16_192_64_0p5_0p02_0047_0004.uasset" 6800
"../../../Engine/Content/EngineMaterials/Substrate/GLints/dict_16_192_64_0p5_0p02_0047_0005.uasset" 6801
"../../../Engine/Content/EngineMaterials/Substrate/GLints/dict_16_192_64_0p5_0p02_0047_0006.uasset" 6802
"../../../Engine/Content/EngineMaterials/Substrate/GLints/dict_16_192_64_0p5_0p02_0047_0007.uasset" 6803
"../../../Engine/Content/EngineMaterials/Substrate/GLints/dict_16_192_64_0p5_0p02_0047_0008.uasset" 6804
"../../../Engine/Content/EngineMaterials/Substrate/GLints/dict_16_192_64_0p5_0p02_0047_0009.uasset" 6805
"../../../Engine/Content/EngineMaterials/Substrate/GLints/dict_16_192_64_0p5_0p02_0047_0010.uasset" 6806
"../../../Engine/Content/EngineMaterials/Substrate/GLints/dict_16_192_64_0p5_0p02_0047_0011.uasset" 6807
"../../../Engine/Content/EngineMaterials/Substrate/GLints/dict_16_192_64_0p5_0p02_0047_0012.uasset" 6808
"../../../Engine/Content/EngineMaterials/Substrate/GLints/dict_16_192_64_0p5_0p02_0047_0013.uasset" 6809
"../../../Engine/Content/EngineMaterials/Substrate/GLints/dict_16_192_64_0p5_0p02_0047_0014.uasset" 6810
"../../../Engine/Content/EngineMaterials/Substrate/GLints/dict_16_192_64_0p5_0p02_0047_0015.uasset" 6811
"../../../Engine/Content/EngineMaterials/Substrate/GLints/dict_16_192_64_0p5_0p02_0048_0000.uasset" 6812
"../../../Engine/Content/EngineMaterials/Substrate/GLints/dict_16_192_64_0p5_0p02_0048_0001.uasset" 6813
"../../../Engine/Content/EngineMaterials/Substrate/GLints/dict_16_192_64_0p5_0p02_0048_0002.uasset" 6814
"../../../Engine/Content/EngineMaterials/Substrate/GLints/dict_16_192_64_0p5_0p02_0048_0003.uasset" 6815
"../../../Engine/Content/EngineMaterials/Substrate/GLints/dict_16_192_64_0p5_0p02_0048_0004.uasset" 6816
"../../../Engine/Content/EngineMaterials/Substrate/GLints/dict_16_192_64_0p5_0p02_0048_0005.uasset" 6817
"../../../Engine/Content/EngineMaterials/Substrate/GLints/dict_16_192_64_0p5_0p02_0048_0006.uasset" 6818
"../../../Engine/Content/EngineMaterials/Substrate/GLints/dict_16_192_64_0p5_0p02_0048_0007.uasset" 6819
"../../../Engine/Content/EngineMaterials/Substrate/GLints/dict_16_192_64_0p5_0p02_0048_0008.uasset" 6820
"../../../Engine/Content/EngineMaterials/Substrate/GLints/dict_16_192_64_0p5_0p02_0048_0009.uasset" 6821
"../../../Engine/Content/EngineMaterials/Substrate/GLints/dict_16_192_64_0p5_0p02_0048_0010.uasset" 6822
"../../../Engine/Content/EngineMaterials/Substrate/GLints/dict_16_192_64_0p5_0p02_0048_0011.uasset" 6823
"../../../Engine/Content/EngineMaterials/Substrate/GLints/dict_16_192_64_0p5_0p02_0048_0012.uasset" 6824
"../../../Engine/Content/EngineMaterials/Substrate/GLints/dict_16_192_64_0p5_0p02_0048_0013.uasset" 6825
"../../../Engine/Content/EngineMaterials/Substrate/GLints/dict_16_192_64_0p5_0p02_0048_0014.uasset" 6826
"../../../Engine/Content/EngineMaterials/Substrate/GLints/dict_16_192_64_0p5_0p02_0048_0015.uasset" 6827
"../../../Engine/Content/EngineMaterials/Substrate/GLints/dict_16_192_64_0p5_0p02_0049_0000.uasset" 6828
"../../../Engine/Content/EngineMaterials/Substrate/GLints/dict_16_192_64_0p5_0p02_0049_0001.uasset" 6829
"../../../Engine/Content/EngineMaterials/Substrate/GLints/dict_16_192_64_0p5_0p02_0049_0002.uasset" 6830
"../../../Engine/Content/EngineMaterials/Substrate/GLints/dict_16_192_64_0p5_0p02_0049_0003.uasset" 6831
"../../../Engine/Content/EngineMaterials/Substrate/GLints/dict_16_192_64_0p5_0p02_0049_0004.uasset" 6832
"../../../Engine/Content/EngineMaterials/Substrate/GLints/dict_16_192_64_0p5_0p02_0049_0005.uasset" 6833
"../../../Engine/Content/EngineMaterials/Substrate/GLints/dict_16_192_64_0p5_0p02_0049_0006.uasset" 6834
"../../../Engine/Content/EngineMaterials/Substrate/GLints/dict_16_192_64_0p5_0p02_0049_0007.uasset" 6835
"../../../Engine/Content/EngineMaterials/Substrate/GLints/dict_16_192_64_0p5_0p02_0049_0008.uasset" 6836
"../../../Engine/Content/EngineMaterials/Substrate/GLints/dict_16_192_64_0p5_0p02_0049_0009.uasset" 6837
"../../../Engine/Content/EngineMaterials/Substrate/GLints/dict_16_192_64_0p5_0p02_0049_0010.uasset" 6838
"../../../Engine/Content/EngineMaterials/Substrate/GLints/dict_16_192_64_0p5_0p02_0049_0011.uasset" 6839
"../../../Engine/Content/EngineMaterials/Substrate/GLints/dict_16_192_64_0p5_0p02_0049_0012.uasset" 6840
"../../../Engine/Content/EngineMaterials/Substrate/GLints/dict_16_192_64_0p5_0p02_0049_0013.uasset" 6841
"../../../Engine/Content/EngineMaterials/Substrate/GLints/dict_16_192_64_0p5_0p02_0049_0014.uasset" 6842
"../../../Engine/Content/EngineMaterials/Substrate/GLints/dict_16_192_64_0p5_0p02_0049_0015.uasset" 6843
"../../../Engine/Content/EngineMaterials/Substrate/GLints/dict_16_192_64_0p5_0p02_0050_0000.uasset" 6844
"../../../Engine/Content/EngineMaterials/Substrate/GLints/dict_16_192_64_0p5_0p02_0050_0001.uasset" 6845
"../../../Engine/Content/EngineMaterials/Substrate/GLints/dict_16_192_64_0p5_0p02_0050_0002.uasset" 6846
"../../../Engine/Content/EngineMaterials/Substrate/GLints/dict_16_192_64_0p5_0p02_0050_0003.uasset" 6847
"../../../Engine/Content/EngineMaterials/Substrate/GLints/dict_16_192_64_0p5_0p02_0050_0004.uasset" 6848
"../../../Engine/Content/EngineMaterials/Substrate/GLints/dict_16_192_64_0p5_0p02_0050_0005.uasset" 6849
"../../../Engine/Content/EngineMaterials/Substrate/GLints/dict_16_192_64_0p5_0p02_0050_0006.uasset" 6850
"../../../Engine/Content/EngineMaterials/Substrate/GLints/dict_16_192_64_0p5_0p02_0050_0007.uasset" 6851
"../../../Engine/Content/EngineMaterials/Substrate/GLints/dict_16_192_64_0p5_0p02_0050_0008.uasset" 6852
"../../../Engine/Content/EngineMaterials/Substrate/GLints/dict_16_192_64_0p5_0p02_0050_0009.uasset" 6853
"../../../Engine/Content/EngineMaterials/Substrate/GLints/dict_16_192_64_0p5_0p02_0050_0010.uasset" 6854
"../../../Engine/Content/EngineMaterials/Substrate/GLints/dict_16_192_64_0p5_0p02_0050_0011.uasset" 6855
"../../../Engine/Content/EngineMaterials/Substrate/GLints/dict_16_192_64_0p5_0p02_0050_0012.uasset" 6856
"../../../Engine/Content/EngineMaterials/Substrate/GLints/dict_16_192_64_0p5_0p02_0050_0013.uasset" 6857
"../../../Engine/Content/EngineMaterials/Substrate/GLints/dict_16_192_64_0p5_0p02_0050_0014.uasset" 6858
"../../../Engine/Content/EngineMaterials/Substrate/GLints/dict_16_192_64_0p5_0p02_0050_0015.uasset" 6859
"../../../Engine/Content/EngineMaterials/Substrate/GLints/dict_16_192_64_0p5_0p02_0051_0000.uasset" 6860
"../../../Engine/Content/EngineMaterials/Substrate/GLints/dict_16_192_64_0p5_0p02_0051_0001.uasset" 6861
"../../../Engine/Content/EngineMaterials/Substrate/GLints/dict_16_192_64_0p5_0p02_0051_0002.uasset" 6862
"../../../Engine/Content/EngineMaterials/Substrate/GLints/dict_16_192_64_0p5_0p02_0051_0003.uasset" 6863
"../../../Engine/Content/EngineMaterials/Substrate/GLints/dict_16_192_64_0p5_0p02_0051_0004.uasset" 6864
"../../../Engine/Content/EngineMaterials/Substrate/GLints/dict_16_192_64_0p5_0p02_0051_0005.uasset" 6865
"../../../Engine/Content/EngineMaterials/Substrate/GLints/dict_16_192_64_0p5_0p02_0051_0006.uasset" 6866
"../../../Engine/Content/EngineMaterials/Substrate/GLints/dict_16_192_64_0p5_0p02_0051_0007.uasset" 6867
"../../../Engine/Content/EngineMaterials/Substrate/GLints/dict_16_192_64_0p5_0p02_0051_0008.uasset" 6868
"../../../Engine/Content/EngineMaterials/Substrate/GLints/dict_16_192_64_0p5_0p02_0051_0009.uasset" 6869
"../../../Engine/Content/EngineMaterials/Substrate/GLints/dict_16_192_64_0p5_0p02_0051_0010.uasset" 6870
"../../../Engine/Content/EngineMaterials/Substrate/GLints/dict_16_192_64_0p5_0p02_0051_0011.uasset" 6871
"../../../Engine/Content/EngineMaterials/Substrate/GLints/dict_16_192_64_0p5_0p02_0051_0012.uasset" 6872
"../../../Engine/Content/EngineMaterials/Substrate/GLints/dict_16_192_64_0p5_0p02_0051_0013.uasset" 6873
"../../../Engine/Content/EngineMaterials/Substrate/GLints/dict_16_192_64_0p5_0p02_0051_0014.uasset" 6874
"../../../Engine/Content/EngineMaterials/Substrate/GLints/dict_16_192_64_0p5_0p02_0051_0015.uasset" 6875
"../../../Engine/Content/EngineMaterials/Substrate/GLints/dict_16_192_64_0p5_0p02_0052_0000.uasset" 6876
"../../../Engine/Content/EngineMaterials/Substrate/GLints/dict_16_192_64_0p5_0p02_0052_0001.uasset" 6877
"../../../Engine/Content/EngineMaterials/Substrate/GLints/dict_16_192_64_0p5_0p02_0052_0002.uasset" 6878
"../../../Engine/Content/EngineMaterials/Substrate/GLints/dict_16_192_64_0p5_0p02_0052_0003.uasset" 6879
"../../../Engine/Content/EngineMaterials/Substrate/GLints/dict_16_192_64_0p5_0p02_0052_0004.uasset" 6880
"../../../Engine/Content/EngineMaterials/Substrate/GLints/dict_16_192_64_0p5_0p02_0052_0005.uasset" 6881
"../../../Engine/Content/EngineMaterials/Substrate/GLints/dict_16_192_64_0p5_0p02_0052_0006.uasset" 6882
"../../../Engine/Content/EngineMaterials/Substrate/GLints/dict_16_192_64_0p5_0p02_0052_0007.uasset" 6883
"../../../Engine/Content/EngineMaterials/Substrate/GLints/dict_16_192_64_0p5_0p02_0052_0008.uasset" 6884
"../../../Engine/Content/EngineMaterials/Substrate/GLints/dict_16_192_64_0p5_0p02_0052_0009.uasset" 6885
"../../../Engine/Content/EngineMaterials/Substrate/GLints/dict_16_192_64_0p5_0p02_0052_0010.uasset" 6886
"../../../Engine/Content/EngineMaterials/Substrate/GLints/dict_16_192_64_0p5_0p02_0052_0011.uasset" 6887
"../../../Engine/Content/EngineMaterials/Substrate/GLints/dict_16_192_64_0p5_0p02_0052_0012.uasset" 6888
"../../../Engine/Content/EngineMaterials/Substrate/GLints/dict_16_192_64_0p5_0p02_0052_0013.uasset" 6889
"../../../Engine/Content/EngineMaterials/Substrate/GLints/dict_16_192_64_0p5_0p02_0052_0014.uasset" 6890
"../../../Engine/Content/EngineMaterials/Substrate/GLints/dict_16_192_64_0p5_0p02_0052_0015.uasset" 6891
"../../../Engine/Content/EngineMaterials/Substrate/GLints/dict_16_192_64_0p5_0p02_0053_0000.uasset" 6892
"../../../Engine/Content/EngineMaterials/Substrate/GLints/dict_16_192_64_0p5_0p02_0053_0001.uasset" 6893
"../../../Engine/Content/EngineMaterials/Substrate/GLints/dict_16_192_64_0p5_0p02_0053_0002.uasset" 6894
"../../../Engine/Content/EngineMaterials/Substrate/GLints/dict_16_192_64_0p5_0p02_0053_0003.uasset" 6895
"../../../Engine/Content/EngineMaterials/Substrate/GLints/dict_16_192_64_0p5_0p02_0053_0004.uasset" 6896
"../../../Engine/Content/EngineMaterials/Substrate/GLints/dict_16_192_64_0p5_0p02_0053_0005.uasset" 6897
"../../../Engine/Content/EngineMaterials/Substrate/GLints/dict_16_192_64_0p5_0p02_0053_0006.uasset" 6898
"../../../Engine/Content/EngineMaterials/Substrate/GLints/dict_16_192_64_0p5_0p02_0053_0007.uasset" 6899
"../../../Engine/Content/EngineMaterials/Substrate/GLints/dict_16_192_64_0p5_0p02_0053_0008.uasset" 6900
"../../../Engine/Content/EngineMaterials/Substrate/GLints/dict_16_192_64_0p5_0p02_0053_0009.uasset" 6901
"../../../Engine/Content/EngineMaterials/Substrate/GLints/dict_16_192_64_0p5_0p02_0053_0010.uasset" 6902
"../../../Engine/Content/EngineMaterials/Substrate/GLints/dict_16_192_64_0p5_0p02_0053_0011.uasset" 6903
"../../../Engine/Content/EngineMaterials/Substrate/GLints/dict_16_192_64_0p5_0p02_0053_0012.uasset" 6904
"../../../Engine/Content/EngineMaterials/Substrate/GLints/dict_16_192_64_0p5_0p02_0053_0013.uasset" 6905
"../../../Engine/Content/EngineMaterials/Substrate/GLints/dict_16_192_64_0p5_0p02_0053_0014.uasset" 6906
"../../../Engine/Content/EngineMaterials/Substrate/GLints/dict_16_192_64_0p5_0p02_0053_0015.uasset" 6907
"../../../Engine/Content/EngineMaterials/Substrate/GLints/dict_16_192_64_0p5_0p02_0054_0000.uasset" 6908
"../../../Engine/Content/EngineMaterials/Substrate/GLints/dict_16_192_64_0p5_0p02_0054_0001.uasset" 6909
"../../../Engine/Content/EngineMaterials/Substrate/GLints/dict_16_192_64_0p5_0p02_0054_0002.uasset" 6910
"../../../Engine/Content/EngineMaterials/Substrate/GLints/dict_16_192_64_0p5_0p02_0054_0003.uasset" 6911
"../../../Engine/Content/EngineMaterials/Substrate/GLints/dict_16_192_64_0p5_0p02_0054_0004.uasset" 6912
"../../../Engine/Content/EngineMaterials/Substrate/GLints/dict_16_192_64_0p5_0p02_0054_0005.uasset" 6913
"../../../Engine/Content/EngineMaterials/Substrate/GLints/dict_16_192_64_0p5_0p02_0054_0006.uasset" 6914
"../../../Engine/Content/EngineMaterials/Substrate/GLints/dict_16_192_64_0p5_0p02_0054_0007.uasset" 6915
"../../../Engine/Content/EngineMaterials/Substrate/GLints/dict_16_192_64_0p5_0p02_0054_0008.uasset" 6916
"../../../Engine/Content/EngineMaterials/Substrate/GLints/dict_16_192_64_0p5_0p02_0054_0009.uasset" 6917
"../../../Engine/Content/EngineMaterials/Substrate/GLints/dict_16_192_64_0p5_0p02_0054_0010.uasset" 6918
"../../../Engine/Content/EngineMaterials/Substrate/GLints/dict_16_192_64_0p5_0p02_0054_0011.uasset" 6919
"../../../Engine/Content/EngineMaterials/Substrate/GLints/dict_16_192_64_0p5_0p02_0054_0012.uasset" 6920
"../../../Engine/Content/EngineMaterials/Substrate/GLints/dict_16_192_64_0p5_0p02_0054_0013.uasset" 6921
"../../../Engine/Content/EngineMaterials/Substrate/GLints/dict_16_192_64_0p5_0p02_0054_0014.uasset" 6922
"../../../Engine/Content/EngineMaterials/Substrate/GLints/dict_16_192_64_0p5_0p02_0054_0015.uasset" 6923
"../../../Engine/Content/EngineMaterials/Substrate/GLints/dict_16_192_64_0p5_0p02_0055_0000.uasset" 6924
"../../../Engine/Content/EngineMaterials/Substrate/GLints/dict_16_192_64_0p5_0p02_0055_0001.uasset" 6925
"../../../Engine/Content/EngineMaterials/Substrate/GLints/dict_16_192_64_0p5_0p02_0055_0002.uasset" 6926
"../../../Engine/Content/EngineMaterials/Substrate/GLints/dict_16_192_64_0p5_0p02_0055_0003.uasset" 6927
"../../../Engine/Content/EngineMaterials/Substrate/GLints/dict_16_192_64_0p5_0p02_0055_0004.uasset" 6928
"../../../Engine/Content/EngineMaterials/Substrate/GLints/dict_16_192_64_0p5_0p02_0055_0005.uasset" 6929
"../../../Engine/Content/EngineMaterials/Substrate/GLints/dict_16_192_64_0p5_0p02_0055_0006.uasset" 6930
"../../../Engine/Content/EngineMaterials/Substrate/GLints/dict_16_192_64_0p5_0p02_0055_0007.uasset" 6931
"../../../Engine/Content/EngineMaterials/Substrate/GLints/dict_16_192_64_0p5_0p02_0055_0008.uasset" 6932
"../../../Engine/Content/EngineMaterials/Substrate/GLints/dict_16_192_64_0p5_0p02_0055_0009.uasset" 6933
"../../../Engine/Content/EngineMaterials/Substrate/GLints/dict_16_192_64_0p5_0p02_0055_0010.uasset" 6934
"../../../Engine/Content/EngineMaterials/Substrate/GLints/dict_16_192_64_0p5_0p02_0055_0011.uasset" 6935
"../../../Engine/Content/EngineMaterials/Substrate/GLints/dict_16_192_64_0p5_0p02_0055_0012.uasset" 6936
"../../../Engine/Content/EngineMaterials/Substrate/GLints/dict_16_192_64_0p5_0p02_0055_0013.uasset" 6937
"../../../Engine/Content/EngineMaterials/Substrate/GLints/dict_16_192_64_0p5_0p02_0055_0014.uasset" 6938
"../../../Engine/Content/EngineMaterials/Substrate/GLints/dict_16_192_64_0p5_0p02_0055_0015.uasset" 6939
"../../../Engine/Content/EngineMaterials/Substrate/GLints/dict_16_192_64_0p5_0p02_0056_0000.uasset" 6940
"../../../Engine/Content/EngineMaterials/Substrate/GLints/dict_16_192_64_0p5_0p02_0056_0001.uasset" 6941
"../../../Engine/Content/EngineMaterials/Substrate/GLints/dict_16_192_64_0p5_0p02_0056_0002.uasset" 6942
"../../../Engine/Content/EngineMaterials/Substrate/GLints/dict_16_192_64_0p5_0p02_0056_0003.uasset" 6943
"../../../Engine/Content/EngineMaterials/Substrate/GLints/dict_16_192_64_0p5_0p02_0056_0004.uasset" 6944
"../../../Engine/Content/EngineMaterials/Substrate/GLints/dict_16_192_64_0p5_0p02_0056_0005.uasset" 6945
"../../../Engine/Content/EngineMaterials/Substrate/GLints/dict_16_192_64_0p5_0p02_0056_0006.uasset" 6946
"../../../Engine/Content/EngineMaterials/Substrate/GLints/dict_16_192_64_0p5_0p02_0056_0007.uasset" 6947
"../../../Engine/Content/EngineMaterials/Substrate/GLints/dict_16_192_64_0p5_0p02_0056_0008.uasset" 6948
"../../../Engine/Content/EngineMaterials/Substrate/GLints/dict_16_192_64_0p5_0p02_0056_0009.uasset" 6949
"../../../Engine/Content/EngineMaterials/Substrate/GLints/dict_16_192_64_0p5_0p02_0056_0010.uasset" 6950
"../../../Engine/Content/EngineMaterials/Substrate/GLints/dict_16_192_64_0p5_0p02_0056_0011.uasset" 6951
"../../../Engine/Content/EngineMaterials/Substrate/GLints/dict_16_192_64_0p5_0p02_0056_0012.uasset" 6952
"../../../Engine/Content/EngineMaterials/Substrate/GLints/dict_16_192_64_0p5_0p02_0056_0013.uasset" 6953
"../../../Engine/Content/EngineMaterials/Substrate/GLints/dict_16_192_64_0p5_0p02_0056_0014.uasset" 6954
"../../../Engine/Content/EngineMaterials/Substrate/GLints/dict_16_192_64_0p5_0p02_0056_0015.uasset" 6955
"../../../Engine/Content/EngineMaterials/Substrate/GLints/dict_16_192_64_0p5_0p02_0057_0000.uasset" 6956
"../../../Engine/Content/EngineMaterials/Substrate/GLints/dict_16_192_64_0p5_0p02_0057_0001.uasset" 6957
"../../../Engine/Content/EngineMaterials/Substrate/GLints/dict_16_192_64_0p5_0p02_0057_0002.uasset" 6958
"../../../Engine/Content/EngineMaterials/Substrate/GLints/dict_16_192_64_0p5_0p02_0057_0003.uasset" 6959
"../../../Engine/Content/EngineMaterials/Substrate/GLints/dict_16_192_64_0p5_0p02_0057_0004.uasset" 6960
"../../../Engine/Content/EngineMaterials/Substrate/GLints/dict_16_192_64_0p5_0p02_0057_0005.uasset" 6961
"../../../Engine/Content/EngineMaterials/Substrate/GLints/dict_16_192_64_0p5_0p02_0057_0006.uasset" 6962
"../../../Engine/Content/EngineMaterials/Substrate/GLints/dict_16_192_64_0p5_0p02_0057_0007.uasset" 6963
"../../../Engine/Content/EngineMaterials/Substrate/GLints/dict_16_192_64_0p5_0p02_0057_0008.uasset" 6964
"../../../Engine/Content/EngineMaterials/Substrate/GLints/dict_16_192_64_0p5_0p02_0057_0009.uasset" 6965
"../../../Engine/Content/EngineMaterials/Substrate/GLints/dict_16_192_64_0p5_0p02_0057_0010.uasset" 6966
"../../../Engine/Content/EngineMaterials/Substrate/GLints/dict_16_192_64_0p5_0p02_0057_0011.uasset" 6967
"../../../Engine/Content/EngineMaterials/Substrate/GLints/dict_16_192_64_0p5_0p02_0057_0012.uasset" 6968
"../../../Engine/Content/EngineMaterials/Substrate/GLints/dict_16_192_64_0p5_0p02_0057_0013.uasset" 6969
"../../../Engine/Content/EngineMaterials/Substrate/GLints/dict_16_192_64_0p5_0p02_0057_0014.uasset" 6970
"../../../Engine/Content/EngineMaterials/Substrate/GLints/dict_16_192_64_0p5_0p02_0057_0015.uasset" 6971
"../../../Engine/Content/EngineMaterials/Substrate/GLints/dict_16_192_64_0p5_0p02_0058_0000.uasset" 6972
"../../../Engine/Content/EngineMaterials/Substrate/GLints/dict_16_192_64_0p5_0p02_0058_0001.uasset" 6973
"../../../Engine/Content/EngineMaterials/Substrate/GLints/dict_16_192_64_0p5_0p02_0058_0002.uasset" 6974
"../../../Engine/Content/EngineMaterials/Substrate/GLints/dict_16_192_64_0p5_0p02_0058_0003.uasset" 6975
"../../../Engine/Content/EngineMaterials/Substrate/GLints/dict_16_192_64_0p5_0p02_0058_0004.uasset" 6976
"../../../Engine/Content/EngineMaterials/Substrate/GLints/dict_16_192_64_0p5_0p02_0058_0005.uasset" 6977
"../../../Engine/Content/EngineMaterials/Substrate/GLints/dict_16_192_64_0p5_0p02_0058_0006.uasset" 6978
"../../../Engine/Content/EngineMaterials/Substrate/GLints/dict_16_192_64_0p5_0p02_0058_0007.uasset" 6979
"../../../Engine/Content/EngineMaterials/Substrate/GLints/dict_16_192_64_0p5_0p02_0058_0008.uasset" 6980
"../../../Engine/Content/EngineMaterials/Substrate/GLints/dict_16_192_64_0p5_0p02_0058_0009.uasset" 6981
"../../../Engine/Content/EngineMaterials/Substrate/GLints/dict_16_192_64_0p5_0p02_0058_0010.uasset" 6982
"../../../Engine/Content/EngineMaterials/Substrate/GLints/dict_16_192_64_0p5_0p02_0058_0011.uasset" 6983
"../../../Engine/Content/EngineMaterials/Substrate/GLints/dict_16_192_64_0p5_0p02_0058_0012.uasset" 6984
"../../../Engine/Content/EngineMaterials/Substrate/GLints/dict_16_192_64_0p5_0p02_0058_0013.uasset" 6985
"../../../Engine/Content/EngineMaterials/Substrate/GLints/dict_16_192_64_0p5_0p02_0058_0014.uasset" 6986
"../../../Engine/Content/EngineMaterials/Substrate/GLints/dict_16_192_64_0p5_0p02_0058_0015.uasset" 6987
"../../../Engine/Content/EngineMaterials/Substrate/GLints/dict_16_192_64_0p5_0p02_0059_0000.uasset" 6988
"../../../Engine/Content/EngineMaterials/Substrate/GLints/dict_16_192_64_0p5_0p02_0059_0001.uasset" 6989
"../../../Engine/Content/EngineMaterials/Substrate/GLints/dict_16_192_64_0p5_0p02_0059_0002.uasset" 6990
"../../../Engine/Content/EngineMaterials/Substrate/GLints/dict_16_192_64_0p5_0p02_0059_0003.uasset" 6991
"../../../Engine/Content/EngineMaterials/Substrate/GLints/dict_16_192_64_0p5_0p02_0059_0004.uasset" 6992
"../../../Engine/Content/EngineMaterials/Substrate/GLints/dict_16_192_64_0p5_0p02_0059_0005.uasset" 6993
"../../../Engine/Content/EngineMaterials/Substrate/GLints/dict_16_192_64_0p5_0p02_0059_0006.uasset" 6994
"../../../Engine/Content/EngineMaterials/Substrate/GLints/dict_16_192_64_0p5_0p02_0059_0007.uasset" 6995
"../../../Engine/Content/EngineMaterials/Substrate/GLints/dict_16_192_64_0p5_0p02_0059_0008.uasset" 6996
"../../../Engine/Content/EngineMaterials/Substrate/GLints/dict_16_192_64_0p5_0p02_0059_0009.uasset" 6997
"../../../Engine/Content/EngineMaterials/Substrate/GLints/dict_16_192_64_0p5_0p02_0059_0010.uasset" 6998
"../../../Engine/Content/EngineMaterials/Substrate/GLints/dict_16_192_64_0p5_0p02_0059_0011.uasset" 6999
"../../../Engine/Content/EngineMaterials/Substrate/GLints/dict_16_192_64_0p5_0p02_0059_0012.uasset" 7000
"../../../Engine/Content/EngineMaterials/Substrate/GLints/dict_16_192_64_0p5_0p02_0059_0013.uasset" 7001
"../../../Engine/Content/EngineMaterials/Substrate/GLints/dict_16_192_64_0p5_0p02_0059_0014.uasset" 7002
"../../../Engine/Content/EngineMaterials/Substrate/GLints/dict_16_192_64_0p5_0p02_0059_0015.uasset" 7003
"../../../Engine/Content/EngineMaterials/Substrate/GLints/dict_16_192_64_0p5_0p02_0060_0000.uasset" 7004
"../../../Engine/Content/EngineMaterials/Substrate/GLints/dict_16_192_64_0p5_0p02_0060_0001.uasset" 7005
"../../../Engine/Content/EngineMaterials/Substrate/GLints/dict_16_192_64_0p5_0p02_0060_0002.uasset" 7006
"../../../Engine/Content/EngineMaterials/Substrate/GLints/dict_16_192_64_0p5_0p02_0060_0003.uasset" 7007
"../../../Engine/Content/EngineMaterials/Substrate/GLints/dict_16_192_64_0p5_0p02_0060_0004.uasset" 7008
"../../../Engine/Content/EngineMaterials/Substrate/GLints/dict_16_192_64_0p5_0p02_0060_0005.uasset" 7009
"../../../Engine/Content/EngineMaterials/Substrate/GLints/dict_16_192_64_0p5_0p02_0060_0006.uasset" 7010
"../../../Engine/Content/EngineMaterials/Substrate/GLints/dict_16_192_64_0p5_0p02_0060_0007.uasset" 7011
"../../../Engine/Content/EngineMaterials/Substrate/GLints/dict_16_192_64_0p5_0p02_0060_0008.uasset" 7012
"../../../Engine/Content/EngineMaterials/Substrate/GLints/dict_16_192_64_0p5_0p02_0060_0009.uasset" 7013
"../../../Engine/Content/EngineMaterials/Substrate/GLints/dict_16_192_64_0p5_0p02_0060_0010.uasset" 7014
"../../../Engine/Content/EngineMaterials/Substrate/GLints/dict_16_192_64_0p5_0p02_0060_0011.uasset" 7015
"../../../Engine/Content/EngineMaterials/Substrate/GLints/dict_16_192_64_0p5_0p02_0060_0012.uasset" 7016
"../../../Engine/Content/EngineMaterials/Substrate/GLints/dict_16_192_64_0p5_0p02_0060_0013.uasset" 7017
"../../../Engine/Content/EngineMaterials/Substrate/GLints/dict_16_192_64_0p5_0p02_0060_0014.uasset" 7018
"../../../Engine/Content/EngineMaterials/Substrate/GLints/dict_16_192_64_0p5_0p02_0060_0015.uasset" 7019
"../../../Engine/Content/EngineMaterials/Substrate/GLints/dict_16_192_64_0p5_0p02_0061_0000.uasset" 7020
"../../../Engine/Content/EngineMaterials/Substrate/GLints/dict_16_192_64_0p5_0p02_0061_0001.uasset" 7021
"../../../Engine/Content/EngineMaterials/Substrate/GLints/dict_16_192_64_0p5_0p02_0061_0002.uasset" 7022
"../../../Engine/Content/EngineMaterials/Substrate/GLints/dict_16_192_64_0p5_0p02_0061_0003.uasset" 7023
"../../../Engine/Content/EngineMaterials/Substrate/GLints/dict_16_192_64_0p5_0p02_0061_0004.uasset" 7024
"../../../Engine/Content/EngineMaterials/Substrate/GLints/dict_16_192_64_0p5_0p02_0061_0005.uasset" 7025
"../../../Engine/Content/EngineMaterials/Substrate/GLints/dict_16_192_64_0p5_0p02_0061_0006.uasset" 7026
"../../../Engine/Content/EngineMaterials/Substrate/GLints/dict_16_192_64_0p5_0p02_0061_0007.uasset" 7027
"../../../Engine/Content/EngineMaterials/Substrate/GLints/dict_16_192_64_0p5_0p02_0061_0008.uasset" 7028
"../../../Engine/Content/EngineMaterials/Substrate/GLints/dict_16_192_64_0p5_0p02_0061_0009.uasset" 7029
"../../../Engine/Content/EngineMaterials/Substrate/GLints/dict_16_192_64_0p5_0p02_0061_0010.uasset" 7030
"../../../Engine/Content/EngineMaterials/Substrate/GLints/dict_16_192_64_0p5_0p02_0061_0011.uasset" 7031
"../../../Engine/Content/EngineMaterials/Substrate/GLints/dict_16_192_64_0p5_0p02_0061_0012.uasset" 7032
"../../../Engine/Content/EngineMaterials/Substrate/GLints/dict_16_192_64_0p5_0p02_0061_0013.uasset" 7033
"../../../Engine/Content/EngineMaterials/Substrate/GLints/dict_16_192_64_0p5_0p02_0061_0014.uasset" 7034
"../../../Engine/Content/EngineMaterials/Substrate/GLints/dict_16_192_64_0p5_0p02_0061_0015.uasset" 7035
"../../../Engine/Content/EngineMaterials/Substrate/GLints/dict_16_192_64_0p5_0p02_0062_0000.uasset" 7036
"../../../Engine/Content/EngineMaterials/Substrate/GLints/dict_16_192_64_0p5_0p02_0062_0001.uasset" 7037
"../../../Engine/Content/EngineMaterials/Substrate/GLints/dict_16_192_64_0p5_0p02_0062_0002.uasset" 7038
"../../../Engine/Content/EngineMaterials/Substrate/GLints/dict_16_192_64_0p5_0p02_0062_0003.uasset" 7039
"../../../Engine/Content/EngineMaterials/Substrate/GLints/dict_16_192_64_0p5_0p02_0062_0004.uasset" 7040
"../../../Engine/Content/EngineMaterials/Substrate/GLints/dict_16_192_64_0p5_0p02_0062_0005.uasset" 7041
"../../../Engine/Content/EngineMaterials/Substrate/GLints/dict_16_192_64_0p5_0p02_0062_0006.uasset" 7042
"../../../Engine/Content/EngineMaterials/Substrate/GLints/dict_16_192_64_0p5_0p02_0062_0007.uasset" 7043
"../../../Engine/Content/EngineMaterials/Substrate/GLints/dict_16_192_64_0p5_0p02_0062_0008.uasset" 7044
"../../../Engine/Content/EngineMaterials/Substrate/GLints/dict_16_192_64_0p5_0p02_0062_0009.uasset" 7045
"../../../Engine/Content/EngineMaterials/Substrate/GLints/dict_16_192_64_0p5_0p02_0062_0010.uasset" 7046
"../../../Engine/Content/EngineMaterials/Substrate/GLints/dict_16_192_64_0p5_0p02_0062_0011.uasset" 7047
"../../../Engine/Content/EngineMaterials/Substrate/GLints/dict_16_192_64_0p5_0p02_0062_0012.uasset" 7048
"../../../Engine/Content/EngineMaterials/Substrate/GLints/dict_16_192_64_0p5_0p02_0062_0013.uasset" 7049
"../../../Engine/Content/EngineMaterials/Substrate/GLints/dict_16_192_64_0p5_0p02_0062_0014.uasset" 7050
"../../../Engine/Content/EngineMaterials/Substrate/GLints/dict_16_192_64_0p5_0p02_0062_0015.uasset" 7051
"../../../Engine/Content/EngineMaterials/Substrate/GLints/dict_16_192_64_0p5_0p02_0063_0000.uasset" 7052
"../../../Engine/Content/EngineMaterials/Substrate/GLints/dict_16_192_64_0p5_0p02_0063_0001.uasset" 7053
"../../../Engine/Content/EngineMaterials/Substrate/GLints/dict_16_192_64_0p5_0p02_0063_0002.uasset" 7054
"../../../Engine/Content/EngineMaterials/Substrate/GLints/dict_16_192_64_0p5_0p02_0063_0003.uasset" 7055
"../../../Engine/Content/EngineMaterials/Substrate/GLints/dict_16_192_64_0p5_0p02_0063_0004.uasset" 7056
"../../../Engine/Content/EngineMaterials/Substrate/GLints/dict_16_192_64_0p5_0p02_0063_0005.uasset" 7057
"../../../Engine/Content/EngineMaterials/Substrate/GLints/dict_16_192_64_0p5_0p02_0063_0006.uasset" 7058
"../../../Engine/Content/EngineMaterials/Substrate/GLints/dict_16_192_64_0p5_0p02_0063_0007.uasset" 7059
"../../../Engine/Content/EngineMaterials/Substrate/GLints/dict_16_192_64_0p5_0p02_0063_0008.uasset" 7060
"../../../Engine/Content/EngineMaterials/Substrate/GLints/dict_16_192_64_0p5_0p02_0063_0009.uasset" 7061
"../../../Engine/Content/EngineMaterials/Substrate/GLints/dict_16_192_64_0p5_0p02_0063_0010.uasset" 7062
"../../../Engine/Content/EngineMaterials/Substrate/GLints/dict_16_192_64_0p5_0p02_0063_0011.uasset" 7063
"../../../Engine/Content/EngineMaterials/Substrate/GLints/dict_16_192_64_0p5_0p02_0063_0012.uasset" 7064
"../../../Engine/Content/EngineMaterials/Substrate/GLints/dict_16_192_64_0p5_0p02_0063_0013.uasset" 7065
"../../../Engine/Content/EngineMaterials/Substrate/GLints/dict_16_192_64_0p5_0p02_0063_0014.uasset" 7066
"../../../Engine/Content/EngineMaterials/Substrate/GLints/dict_16_192_64_0p5_0p02_0063_0015.uasset" 7067
"E:/Unreal Projects/MyPokemonDemo/Content/SimpleDamageText/UE/ThirdPerson/Characters/Mannequins/Rigs/Poses/Quinn/Quinn_clavicle_r_anim.uasset" 7068
"E:/Unreal Projects/MyPokemonDemo/Content/SimpleDamageText/UE/ThirdPerson/Characters/Mannequins/Rigs/Poses/Quinn/Quinn_clavicle_l_anim.uasset" 7069
"E:/Unreal Projects/MyPokemonDemo/Content/SimpleDamageText/UE/ThirdPerson/Characters/Mannequins/Rigs/Poses/Quinn/Quinn_calf_r_anim.uasset" 7070
"E:/Unreal Projects/MyPokemonDemo/Content/SimpleDamageText/UE/ThirdPerson/Characters/Mannequins/Rigs/Poses/Quinn/Quinn_calf_l_anim.uasset" 7071
"E:/Unreal Projects/MyPokemonDemo/Content/SimpleDamageText/UE/ThirdPerson/Characters/Mannequins/Rigs/Poses/Manny/Manny_upperarm_r_anim.uasset" 7072
"E:/Unreal Projects/MyPokemonDemo/Content/SimpleDamageText/UE/ThirdPerson/Characters/Mannequins/Rigs/Poses/Manny/Manny_upperarm_l_anim.uasset" 7073
"E:/Unreal Projects/MyPokemonDemo/Content/SimpleDamageText/UE/ThirdPerson/Characters/Mannequins/Rigs/Poses/Manny/Manny_thigh_r_anim.uasset" 7074
"E:/Unreal Projects/MyPokemonDemo/Content/SimpleDamageText/UE/ThirdPerson/Characters/Mannequins/Rigs/Poses/Manny/Manny_thigh_l_anim.uasset" 7075
"E:/Unreal Projects/MyPokemonDemo/Content/SimpleDamageText/UE/ThirdPerson/Characters/Mannequins/Rigs/Poses/Manny/Manny_lowerarm_r_anim.uasset" 7076
"E:/Unreal Projects/MyPokemonDemo/Content/SimpleDamageText/UE/ThirdPerson/Characters/Mannequins/Rigs/Poses/Manny/Manny_lowerarm_l_anim.uasset" 7077
"E:/Unreal Projects/MyPokemonDemo/Content/SimpleDamageText/UE/ThirdPerson/Characters/Mannequins/Rigs/Poses/Manny/Manny_hand_r_anim.uasset" 7078
"E:/Unreal Projects/MyPokemonDemo/Content/SimpleDamageText/UE/ThirdPerson/Characters/Mannequins/Rigs/Poses/Manny/Manny_hand_l_anim.uasset" 7079
"E:/Unreal Projects/MyPokemonDemo/Content/SimpleDamageText/UE/ThirdPerson/Characters/Mannequins/Rigs/Poses/Manny/Manny_foot_r_anim.uasset" 7080
"E:/Unreal Projects/MyPokemonDemo/Content/SimpleDamageText/UE/ThirdPerson/Characters/Mannequins/Rigs/Poses/Manny/Manny_foot_l_anim.uasset" 7081
"E:/Unreal Projects/MyPokemonDemo/Content/SimpleDamageText/UE/ThirdPerson/Characters/Mannequins/Rigs/Poses/Manny/Manny_clavicle_r_anim.uasset" 7082
"E:/Unreal Projects/MyPokemonDemo/Content/SimpleDamageText/UE/ThirdPerson/Characters/Mannequins/Rigs/Poses/Manny/Manny_clavicle_l_anim.uasset" 7083
"E:/Unreal Projects/MyPokemonDemo/Content/SimpleDamageText/UE/ThirdPerson/Characters/Mannequins/Rigs/Poses/Manny/Manny_calf_r_anim.uasset" 7084
"E:/Unreal Projects/MyPokemonDemo/Content/SimpleDamageText/UE/ThirdPerson/Characters/Mannequins/Rigs/Poses/Manny/Manny_calf_l_anim.uasset" 7085
"E:/Unreal Projects/MyPokemonDemo/Content/SimpleDamageText/UE/ThirdPerson/Characters/Mannequins/Animations/Quinn/MF_Walk_Fwd.uasset" 7086
"E:/Unreal Projects/MyPokemonDemo/Content/SimpleDamageText/UE/ThirdPerson/Characters/Mannequins/Animations/Quinn/MF_Run_Fwd.uasset" 7087
"E:/Unreal Projects/MyPokemonDemo/Content/SimpleDamageText/UE/ThirdPerson/Characters/Mannequins/Animations/Quinn/MF_Idle.uasset" 7088
"E:/Unreal Projects/MyPokemonDemo/Content/SimpleDamageText/UE/ThirdPerson/Characters/Mannequins/Animations/Manny/MM_Walk_Fwd.uasset" 7089
"E:/Unreal Projects/MyPokemonDemo/Content/SimpleDamageText/UE/ThirdPerson/Characters/Mannequins/Animations/Manny/MM_T_Pose.uasset" 7090
"E:/Unreal Projects/MyPokemonDemo/Content/SimpleDamageText/UE/ThirdPerson/Characters/Mannequins/Animations/Manny/MM_Run_Fwd.uasset" 7091
"E:/Unreal Projects/MyPokemonDemo/Content/SimpleDamageText/UE/ThirdPerson/Characters/Mannequins/Animations/Manny/MM_Land.uasset" 7092
"E:/Unreal Projects/MyPokemonDemo/Content/SimpleDamageText/UE/ThirdPerson/Characters/Mannequins/Animations/Manny/MM_Jump.uasset" 7093
"E:/Unreal Projects/MyPokemonDemo/Content/SimpleDamageText/UE/ThirdPerson/Characters/Mannequins/Animations/Manny/MM_Idle.uasset" 7094
"E:/Unreal Projects/MyPokemonDemo/Content/SimpleDamageText/UE/ThirdPerson/Characters/Mannequins/Animations/Manny/MM_Fall_Loop.uasset" 7095
"E:/Unreal Projects/MyPokemonDemo/Content/SimpleDamageText/UE/FirstPerson/FirstPersonArms/Animations/FP_Rifle_Run.uasset" 7096
"E:/Unreal Projects/MyPokemonDemo/Content/SimpleDamageText/UE/FirstPerson/FirstPersonArms/Animations/FP_Rifle_Land.uasset" 7097
"E:/Unreal Projects/MyPokemonDemo/Content/SimpleDamageText/UE/FirstPerson/FirstPersonArms/Animations/FP_Rifle_Jump.uasset" 7098
"E:/Unreal Projects/MyPokemonDemo/Content/SimpleDamageText/UE/FirstPerson/FirstPersonArms/Animations/FP_Rifle_Idle.uasset" 7099
"E:/Unreal Projects/MyPokemonDemo/Content/SimpleDamageText/UE/FirstPerson/FirstPersonArms/Animations/FP_Rifle_Fire.uasset" 7100
"E:/Unreal Projects/MyPokemonDemo/Content/SimpleDamageText/UE/FirstPerson/FirstPersonArms/Animations/FP_Rifle_Falling.uasset" 7101
"E:/Unreal Projects/MyPokemonDemo/Content/LPCharacters_FREE/Characters/Animations/Walk_Anim.uasset" 7102
"E:/Unreal Projects/MyPokemonDemo/Content/LPCharacters_FREE/Characters/Animations/Victory_Anim.uasset" 7103
"E:/Unreal Projects/MyPokemonDemo/Content/LPCharacters_FREE/Characters/Animations/Sad_Anim.uasset" 7104
"E:/Unreal Projects/MyPokemonDemo/Content/LPCharacters_FREE/Characters/Animations/Run_Anim.uasset" 7105
"E:/Unreal Projects/MyPokemonDemo/Content/LPCharacters_FREE/Characters/Animations/Dance_Anim.uasset" 7106
"E:/Unreal Projects/MyPokemonDemo/Content/LPCharacters_FREE/Characters/Animations/ANIM_Idle_Anim1.uasset" 7107
"E:/Unreal Projects/MyPokemonDemo/Content/LPCharacters_FREE/Characters/Animations/ANIM_Idle_Anim.uasset" 7108
"E:/Unreal Projects/MyPokemonDemo/Content/Characters/Mannequin_UE4/Animations/Jog_Fwd.uasset" 7109
"E:/Unreal Projects/MyPokemonDemo/Content/Characters/Mannequins/Rigs/Poses/Quinn/Quinn_upperarm_r_anim.uasset" 7110
"E:/Unreal Projects/MyPokemonDemo/Content/Characters/Mannequins/Rigs/Poses/Quinn/Quinn_upperarm_l_anim.uasset" 7111
"E:/Unreal Projects/MyPokemonDemo/Content/Characters/Mannequins/Rigs/Poses/Quinn/Quinn_thigh_r_anim.uasset" 7112
"E:/Unreal Projects/MyPokemonDemo/Content/Characters/Mannequins/Rigs/Poses/Quinn/Quinn_thigh_l_anim.uasset" 7113
"E:/Unreal Projects/MyPokemonDemo/Content/Characters/Mannequins/Rigs/Poses/Quinn/Quinn_lowerarm_r_anim.uasset" 7114
"E:/Unreal Projects/MyPokemonDemo/Content/Characters/Mannequins/Rigs/Poses/Quinn/Quinn_lowerarm_l_anim.uasset" 7115
"E:/Unreal Projects/MyPokemonDemo/Content/Characters/Mannequins/Rigs/Poses/Quinn/Quinn_hand_r_anim.uasset" 7116
"E:/Unreal Projects/MyPokemonDemo/Content/Characters/Mannequins/Rigs/Poses/Quinn/Quinn_hand_l_anim.uasset" 7117
"E:/Unreal Projects/MyPokemonDemo/Content/Characters/Mannequins/Rigs/Poses/Quinn/Quinn_foot_r_anim.uasset" 7118
"E:/Unreal Projects/MyPokemonDemo/Content/Characters/Mannequins/Rigs/Poses/Quinn/Quinn_foot_l_anim.uasset" 7119
"E:/Unreal Projects/MyPokemonDemo/Content/Characters/Mannequins/Rigs/Poses/Quinn/Quinn_clavicle_r_anim.uasset" 7120
"E:/Unreal Projects/MyPokemonDemo/Content/Characters/Mannequins/Rigs/Poses/Quinn/Quinn_clavicle_l_anim.uasset" 7121
"E:/Unreal Projects/MyPokemonDemo/Content/Characters/Mannequins/Rigs/Poses/Quinn/Quinn_calf_r_anim.uasset" 7122
"E:/Unreal Projects/MyPokemonDemo/Content/Characters/Mannequins/Rigs/Poses/Quinn/Quinn_calf_l_anim.uasset" 7123
"E:/Unreal Projects/MyPokemonDemo/Content/Characters/Mannequins/Rigs/Poses/Manny/Manny_upperarm_r_anim.uasset" 7124
"E:/Unreal Projects/MyPokemonDemo/Content/Characters/Mannequins/Rigs/Poses/Manny/Manny_upperarm_l_anim.uasset" 7125
"E:/Unreal Projects/MyPokemonDemo/Content/Characters/Mannequins/Rigs/Poses/Manny/Manny_thigh_r_anim.uasset" 7126
"E:/Unreal Projects/MyPokemonDemo/Content/Characters/Mannequins/Rigs/Poses/Manny/Manny_thigh_l_anim.uasset" 7127
"E:/Unreal Projects/MyPokemonDemo/Content/Characters/Mannequins/Rigs/Poses/Manny/Manny_lowerarm_r_anim.uasset" 7128
"E:/Unreal Projects/MyPokemonDemo/Content/Characters/Mannequins/Rigs/Poses/Manny/Manny_lowerarm_l_anim.uasset" 7129
"E:/Unreal Projects/MyPokemonDemo/Content/Characters/Mannequins/Rigs/Poses/Manny/Manny_hand_r_anim.uasset" 7130
"E:/Unreal Projects/MyPokemonDemo/Content/Characters/Mannequins/Rigs/Poses/Manny/Manny_hand_l_anim.uasset" 7131
"E:/Unreal Projects/MyPokemonDemo/Content/Characters/Mannequins/Rigs/Poses/Manny/Manny_foot_r_anim.uasset" 7132
"E:/Unreal Projects/MyPokemonDemo/Content/Characters/Mannequins/Rigs/Poses/Manny/Manny_foot_l_anim.uasset" 7133
"E:/Unreal Projects/MyPokemonDemo/Content/Characters/Mannequins/Rigs/Poses/Manny/Manny_clavicle_r_anim.uasset" 7134
"E:/Unreal Projects/MyPokemonDemo/Content/Characters/Mannequins/Rigs/Poses/Manny/Manny_clavicle_l_anim.uasset" 7135
"E:/Unreal Projects/MyPokemonDemo/Content/Characters/Mannequins/Rigs/Poses/Manny/Manny_calf_r_anim.uasset" 7136
"E:/Unreal Projects/MyPokemonDemo/Content/Characters/Mannequins/Rigs/Poses/Manny/Manny_calf_l_anim.uasset" 7137
"E:/Unreal Projects/MyPokemonDemo/Content/Characters/Mannequins/Animations/Quinn/MF_Walk_Fwd.uasset" 7138
"E:/Unreal Projects/MyPokemonDemo/Content/Characters/Mannequins/Animations/Quinn/MF_Run_Fwd.uasset" 7139
"E:/Unreal Projects/MyPokemonDemo/Content/Characters/Mannequins/Animations/Quinn/MF_Idle.uasset" 7140
"E:/Unreal Projects/MyPokemonDemo/Content/Characters/Mannequins/Animations/Manny/MM_Walk_Fwd.uasset" 7141
"E:/Unreal Projects/MyPokemonDemo/Content/Characters/Mannequins/Animations/Manny/MM_T_Pose.uasset" 7142
"E:/Unreal Projects/MyPokemonDemo/Content/Characters/Mannequins/Animations/Manny/MM_Run_Fwd.uasset" 7143
"E:/Unreal Projects/MyPokemonDemo/Content/Characters/Mannequins/Animations/Manny/MM_Land.uasset" 7144
"E:/Unreal Projects/MyPokemonDemo/Content/Characters/Mannequins/Animations/Manny/MM_Jump.uasset" 7145
"E:/Unreal Projects/MyPokemonDemo/Content/Characters/Mannequins/Animations/Manny/MM_Idle.uasset" 7146
"E:/Unreal Projects/MyPokemonDemo/Content/Characters/Mannequins/Animations/Manny/MM_Fall_Loop.uasset" 7147
"E:/Unreal Projects/MyPokemonDemo/Content/SimpleDamageText/UE/ThirdPerson/Characters/Mannequins/Rigs/CR_Mannequin_Procedural.uasset" 7148
"E:/Unreal Projects/MyPokemonDemo/Content/SimpleDamageText/UE/ThirdPerson/Characters/Mannequins/Rigs/CR_Mannequin_BasicFootIK.uasset" 7149
"E:/Unreal Projects/MyPokemonDemo/Content/Characters/Mannequins/Rigs/CR_Mannequin_Procedural.uasset" 7150
"E:/Unreal Projects/MyPokemonDemo/Content/Characters/Mannequins/Rigs/CR_Mannequin_BasicFootIK.uasset" 7151
"../../../Engine/Content/Functions/Engine_MaterialFunctions01/ImageAdjustment/CheapContrast.uasset" 7152
"../../../Engine/Content/EngineMaterials/AntiAliasedTextMaterialTranslucent.uasset" 7153
"../../../Engine/Content/EditorMeshes/ColorCalibrator/M_ColorGrid.uasset" 7154
"../../../Engine/Plugins/Interchange/Runtime/Content/Functions/MX_StandardSurface.uasset" 7155
"../../../Engine/Plugins/Interchange/Runtime/Content/Functions/MX_Transmission.uasset" 7156
"E:/Unreal Projects/MyPokemonDemo/Content/SimpleDamageText/UE/ThirdPerson/Characters/Mannequins/Materials/Functions/MF_logo3layers.uasset" 7157
"E:/Unreal Projects/MyPokemonDemo/Content/SimpleDamageText/UE/FirstPerson/FirstPersonArms/Character/Materials/Functions/MF_logo3layers.uasset" 7158
"E:/Unreal Projects/MyPokemonDemo/Content/Characters/Mannequins/Materials/Functions/MF_logo3layers.uasset" 7159
"../../../Engine/Content/Functions/Engine_MaterialFunctions02/Texturing/ScreenAlignedUVs.uasset" 7160
"../../../Engine/Content/Maps/Entry.umap" 7161
"../../../Engine/Plugins/Animation/ControlRig/Content/Controls/ControlRig_Wedge_solid.uasset" 7162
"../../../Engine/Plugins/Animation/ControlRig/Content/Controls/ControlRig_Wedge_3mm.uasset" 7163
"../../../Engine/Plugins/Animation/ControlRig/Content/Controls/ControlRig_Wedge_1mm.uasset" 7164
"../../../Engine/Plugins/Animation/ControlRig/Content/Controls/ControlRig_Triangle_solid.uasset" 7165
"../../../Engine/Plugins/Animation/ControlRig/Content/Controls/ControlRig_Triangle_3mm.uasset" 7166
"../../../Engine/Plugins/Animation/ControlRig/Content/Controls/ControlRig_Triangle_1mm.uasset" 7167
"../../../Engine/Plugins/Animation/ControlRig/Content/Controls/ControlRig_Star4_solid.uasset" 7168
"../../../Engine/Plugins/Animation/ControlRig/Content/Controls/ControlRig_Star4_3mm.uasset" 7169
"../../../Engine/Plugins/Animation/ControlRig/Content/Controls/ControlRig_Star4_1mm.uasset" 7170
"../../../Engine/Plugins/Animation/ControlRig/Content/Controls/ControlRig_Square_solid.uasset" 7171
"../../../Engine/Plugins/Animation/ControlRig/Content/Controls/ControlRig_Square_3mm.uasset" 7172
"../../../Engine/Plugins/Animation/ControlRig/Content/Controls/ControlRig_Square_1mm.uasset" 7173
"../../../Engine/Plugins/Animation/ControlRig/Content/Controls/ControlRig_Sphere_3mm.uasset" 7174
"../../../Engine/Plugins/Animation/ControlRig/Content/Controls/ControlRig_Sphere_1mm.uasset" 7175
"../../../Engine/Plugins/Animation/ControlRig/Content/Controls/ControlRig_RoundedTriangle_solid.uasset" 7176
"../../../Engine/Plugins/Animation/ControlRig/Content/Controls/ControlRig_RoundedTriangle_3mm.uasset" 7177
"../../../Engine/Plugins/Animation/ControlRig/Content/Controls/ControlRig_RoundedTriangle_1mm.uasset" 7178
"../../../Engine/Plugins/Animation/ControlRig/Content/Controls/ControlRig_RoundedSquare_solid.uasset" 7179
"../../../Engine/Plugins/Animation/ControlRig/Content/Controls/ControlRig_RoundedSquare_3mm.uasset" 7180
"../../../Engine/Plugins/Animation/ControlRig/Content/Controls/ControlRig_RoundedSquare_1mm.uasset" 7181
"../../../Engine/Plugins/Animation/ControlRig/Content/Controls/ControlRig_QuarterCircle_solid.uasset" 7182
"../../../Engine/Plugins/Animation/ControlRig/Content/Controls/ControlRig_QuarterCircle_3mm.uasset" 7183
"../../../Engine/Plugins/Animation/ControlRig/Content/Controls/ControlRig_QuarterCircle_1mm.uasset" 7184
"../../../Engine/Plugins/Animation/ControlRig/Content/Controls/ControlRig_Pyramid_solid.uasset" 7185
"../../../Engine/Plugins/Animation/ControlRig/Content/Controls/ControlRig_Pyramid_3mm.uasset" 7186
"../../../Engine/Plugins/Animation/ControlRig/Content/Controls/ControlRig_Pyramid_1mm.uasset" 7187
"../../../Engine/Plugins/Animation/ControlRig/Content/Controls/ControlRig_Octagon_solid.uasset" 7188
"../../../Engine/Plugins/Animation/ControlRig/Content/Controls/ControlRig_Octagon_3mm.uasset" 7189
"../../../Engine/Plugins/Animation/ControlRig/Content/Controls/ControlRig_Octagon_1mm.uasset" 7190
"../../../Engine/Plugins/Animation/ControlRig/Content/Controls/ControlRig_Hexagon_solid.uasset" 7191
"../../../Engine/Plugins/Animation/ControlRig/Content/Controls/ControlRig_Hexagon_3mm.uasset" 7192
"../../../Engine/Plugins/Animation/ControlRig/Content/Controls/ControlRig_Hexagon_1mm.uasset" 7193
"../../../Engine/Plugins/Animation/ControlRig/Content/Controls/ControlRig_HalfCircle_solid.uasset" 7194
"../../../Engine/Plugins/Animation/ControlRig/Content/Controls/ControlRig_HalfCircle_3mm.uasset" 7195
"../../../Engine/Plugins/Animation/ControlRig/Content/Controls/ControlRig_HalfCircle_1mm.uasset" 7196
"../../../Engine/Plugins/Animation/ControlRig/Content/Controls/ControlRig_Diamond_solid.uasset" 7197
"../../../Engine/Plugins/Animation/ControlRig/Content/Controls/ControlRig_Diamond_3mm.uasset" 7198
"../../../Engine/Plugins/Animation/ControlRig/Content/Controls/ControlRig_Diamond_1mm.uasset" 7199
"../../../Engine/Plugins/Animation/ControlRig/Content/Controls/ControlRig_Circle_solid.uasset" 7200
"../../../Engine/Plugins/Animation/ControlRig/Content/Controls/ControlRig_Circle_3mm.uasset" 7201
"../../../Engine/Plugins/Animation/ControlRig/Content/Controls/ControlRig_Circle_1mm.uasset" 7202
"../../../Engine/Plugins/Animation/ControlRig/Content/Controls/ControlRig_Box_solid.uasset" 7203
"../../../Engine/Plugins/Animation/ControlRig/Content/Controls/ControlRig_Box_3mm.uasset" 7204
"../../../Engine/Plugins/Animation/ControlRig/Content/Controls/ControlRig_Box_1mm.uasset" 7205
"../../../Engine/Plugins/Animation/ControlRig/Content/Controls/ControlRig_Arrow_solid.uasset" 7206
"../../../Engine/Plugins/Animation/ControlRig/Content/Controls/ControlRig_Arrow_3mm.uasset" 7207
"../../../Engine/Plugins/Animation/ControlRig/Content/Controls/ControlRig_Arrow_1mm.uasset" 7208
"../../../Engine/Plugins/Animation/ControlRig/Content/Controls/ControlRig_Arrow4_solid.uasset" 7209
"../../../Engine/Plugins/Animation/ControlRig/Content/Controls/ControlRig_Arrow4_3mm.uasset" 7210
"../../../Engine/Plugins/Animation/ControlRig/Content/Controls/ControlRig_Arrow4_1mm.uasset" 7211
"../../../Engine/Plugins/Animation/ControlRig/Content/Controls/ControlRig_Arrow2_solid.uasset" 7212
"../../../Engine/Plugins/Animation/ControlRig/Content/Controls/ControlRig_Arrow2_3mm.uasset" 7213
"../../../Engine/Plugins/Animation/ControlRig/Content/Controls/ControlRig_Arrow2_1mm.uasset" 7214
"../../../Engine/Plugins/Animation/ControlRig/Content/Controls/ControlRig_Sphere_solid.uasset" 7215
"E:/Unreal Projects/MyPokemonDemo/Content/scene/Demo_Map.umap" 7216
"E:/Unreal Projects/MyPokemonDemo/Content/StarterContent/Props/MaterialSphere.uasset" 7217
"E:/Unreal Projects/MyPokemonDemo/Content/StarterContent/Blueprints/Assets/SM_Arrows.uasset" 7218
"E:/Unreal Projects/MyPokemonDemo/Content/StarterContent/Props/SM_TableRound.uasset" 7219
"E:/Unreal Projects/MyPokemonDemo/Content/StarterContent/Props/SM_Statue.uasset" 7220
"E:/Unreal Projects/MyPokemonDemo/Content/StarterContent/Particles/P_Steam_Lit.uasset" 7221
"E:/Unreal Projects/MyPokemonDemo/Content/StarterContent/Particles/P_Smoke.uasset" 7222
"E:/Unreal Projects/MyPokemonDemo/Content/StarterContent/Props/SM_Shelf.uasset" 7223
"E:/Unreal Projects/MyPokemonDemo/Content/StarterContent/Props/SM_Lamp_Wall.uasset" 7224
"E:/Unreal Projects/MyPokemonDemo/Content/StarterContent/Props/SM_Lamp_Ceiling.uasset" 7225
"E:/Unreal Projects/MyPokemonDemo/Content/StarterContent/Props/SM_WindowFrame.uasset" 7226
"E:/Unreal Projects/MyPokemonDemo/Content/StarterContent/Props/SM_PillarFrame300.uasset" 7227
"E:/Unreal Projects/MyPokemonDemo/Content/StarterContent/Props/SM_PillarFrame.uasset" 7228
"E:/Unreal Projects/MyPokemonDemo/Content/StarterContent/Props/SM_DoorFrame.uasset" 7229
"E:/Unreal Projects/MyPokemonDemo/Content/StarterContent/Props/SM_CornerFrame.uasset" 7230
"E:/Unreal Projects/MyPokemonDemo/Content/StarterContent/Particles/P_Ambient_Dust.uasset" 7231
"E:/Unreal Projects/MyPokemonDemo/Content/StarterContent/Props/SM_Door.uasset" 7232
"E:/Unreal Projects/MyPokemonDemo/Content/StarterContent/Props/SM_Couch.uasset" 7233
"E:/Unreal Projects/MyPokemonDemo/Content/StarterContent/Props/SM_Chair.uasset" 7234
"E:/Unreal Projects/MyPokemonDemo/Content/StarterContent/Props/SM_Bush.uasset" 7235
"E:/Unreal Projects/MyPokemonDemo/Content/SimpleDamageText/UE/ThirdPerson/Characters/Mannequins/Materials/Functions/MF_Diffraction.uasset" 7236
"E:/Unreal Projects/MyPokemonDemo/Content/SimpleDamageText/UE/FirstPerson/LevelPrototyping/Meshes/SM_ChamferCube.uasset" 7237
"E:/Unreal Projects/MyPokemonDemo/Content/SimpleDamageText/UE/FirstPerson/Blueprints/BP_FirstPersonPlayerController.uasset" 7238
"E:/Unreal Projects/MyPokemonDemo/Content/SimpleDamageText/UE/FirstPerson/FPWeapon/Mesh/FirstPersonProjectileMesh.uasset" 7239
"E:/Unreal Projects/MyPokemonDemo/Content/SimpleDamageText/UE/FirstPerson/FirstPersonArms/Character/Materials/Functions/MF_Diffraction.uasset" 7240
"E:/Unreal Projects/MyPokemonDemo/Content/MonsterForSurvivalGame/Mesh/Polyart/Swarm09_SK.uasset" 7241
"E:/Unreal Projects/MyPokemonDemo/Content/MonsterForSurvivalGame/Mesh/Polyart/Swarm08_SK.uasset" 7242
"E:/Unreal Projects/MyPokemonDemo/Content/MonsterForSurvivalGame/Mesh/Polyart/TurtleShell_SK.uasset" 7243
"E:/Unreal Projects/MyPokemonDemo/Content/MonsterForSurvivalGame/Mesh/Polyart/Slime_SK.uasset" 7244
"E:/Unreal Projects/MyPokemonDemo/Content/MonsterForSurvivalGame/Mesh/Polyart/Mushroom_SK.uasset" 7245
"E:/Unreal Projects/MyPokemonDemo/Content/MonsterForSurvivalGame/Mesh/Polyart/ChestMonster_SK.uasset" 7246
"E:/Unreal Projects/MyPokemonDemo/Content/MonsterForSurvivalGame/Mesh/Polyart/Cactus_SK.uasset" 7247
"E:/Unreal Projects/MyPokemonDemo/Content/__ExternalActors__/scene/Demo_Map/0/07/O8ZVQRQENQA3JHB999C3PV.uasset" 7248
"E:/Unreal Projects/MyPokemonDemo/Content/MonsterForSurvivalGame/Mesh/Polyart/Beholder_SK.uasset" 7249
"E:/Unreal Projects/MyPokemonDemo/Content/MonsterForSurvivalGame/Mesh/PBR/TurtleShell_SK.uasset" 7250
"E:/Unreal Projects/MyPokemonDemo/Content/MonsterForSurvivalGame/Mesh/PBR/Swarm09_SK.uasset" 7251
"E:/Unreal Projects/MyPokemonDemo/Content/MonsterForSurvivalGame/Mesh/PBR/Swarm08_SK.uasset" 7252
"E:/Unreal Projects/MyPokemonDemo/Content/MonsterForSurvivalGame/Mesh/PBR/Slime_SK.uasset" 7253
"E:/Unreal Projects/MyPokemonDemo/Content/MonsterForSurvivalGame/Mesh/PBR/Mushroom_SK.uasset" 7254
"E:/Unreal Projects/MyPokemonDemo/Content/MonsterForSurvivalGame/Mesh/PBR/ChestMonster_SK.uasset" 7255
"E:/Unreal Projects/MyPokemonDemo/Content/MonsterForSurvivalGame/Mesh/PBR/Cactus_SK.uasset" 7256
"E:/Unreal Projects/MyPokemonDemo/Content/__ExternalActors__/scene/Demo_Map/0/73/AM7YUZ2KV2N36WPSNHP49S.uasset" 7257
"../../../Engine/Content/OpenWorldTemplate/HLOD/HLOD0_Instancing.uasset" 7258
"E:/Unreal Projects/MyPokemonDemo/Content/__ExternalActors__/scene/Demo_Map/0/AP/X0ENDO02207CWR7W63YCNV.uasset" 7259
"E:/Unreal Projects/MyPokemonDemo/Content/__ExternalActors__/scene/Demo_Map/0/IG/ZT4M1LO6X9K6G58PPZFIEJ.uasset" 7260
"E:/Unreal Projects/MyPokemonDemo/Content/__ExternalActors__/scene/Demo_Map/0/JB/KG7R4YQ9BNEC2OVM2IA8RT.uasset" 7261
"E:/Unreal Projects/MyPokemonDemo/Content/__ExternalActors__/scene/Demo_Map/0/K4/UKMDYY9J46BRLTNNRIMC2X.uasset" 7262
"E:/Unreal Projects/MyPokemonDemo/Content/__ExternalActors__/scene/Demo_Map/1/BF/YCL35J5LBM8HZVIPDDG6O6.uasset" 7263
"E:/Unreal Projects/MyPokemonDemo/Content/__ExternalActors__/scene/Demo_Map/1/G2/IVDEY40I5JN80YYQ7WX5CT.uasset" 7264
"E:/Unreal Projects/MyPokemonDemo/Content/__ExternalActors__/scene/Demo_Map/1/GH/7V4HD7JEDBDRAR2J8AAF70.uasset" 7265
"E:/Unreal Projects/MyPokemonDemo/Content/__ExternalActors__/scene/Demo_Map/1/JZ/PHADRP8OLLN0OUNYYLPM5J.uasset" 7266
"E:/Unreal Projects/MyPokemonDemo/Content/__ExternalActors__/scene/Demo_Map/1/LI/NIVKE8BZGQQSUNPYXT5SCW.uasset" 7267
"E:/Unreal Projects/MyPokemonDemo/Content/__ExternalActors__/scene/Demo_Map/1/SK/O9TDFSN62MH18EOMYA8UD1.uasset" 7268
"E:/Unreal Projects/MyPokemonDemo/Content/__ExternalActors__/scene/Demo_Map/1/SS/DWFNJTHP0KY26QLD769H4V.uasset" 7269
"E:/Unreal Projects/MyPokemonDemo/Content/__ExternalActors__/scene/Demo_Map/2/1G/B2BVC6HKYJWHVK5MB9CB1S.uasset" 7270
"E:/Unreal Projects/MyPokemonDemo/Content/__ExternalActors__/scene/Demo_Map/2/6R/URT1NP4CTFASXC1VW3H2BF.uasset" 7271
"E:/Unreal Projects/MyPokemonDemo/Content/__ExternalActors__/scene/Demo_Map/2/UK/FQBLBWIBMI6FEDB9BBFS6L.uasset" 7272
"E:/Unreal Projects/MyPokemonDemo/Content/__ExternalActors__/scene/Demo_Map/2/VV/7KWYW7K9P9I5ULP0DKTY4K.uasset" 7273
"E:/Unreal Projects/MyPokemonDemo/Content/__ExternalActors__/scene/Demo_Map/3/4S/9DBJIQ0NWC7KUAM1GT89QA.uasset" 7274
"E:/Unreal Projects/MyPokemonDemo/Content/__ExternalActors__/scene/Demo_Map/3/6G/5MIRE26AGKDF1TY811PH57.uasset" 7275
"E:/Unreal Projects/MyPokemonDemo/Content/__ExternalActors__/scene/Demo_Map/3/BY/YUF3SF1E5SA8H5JBBPCSVH.uasset" 7276
"E:/Unreal Projects/MyPokemonDemo/Content/__ExternalActors__/scene/Demo_Map/3/NJ/T21S4M5AGLALKZG7RJWWP1.uasset" 7277
"E:/Unreal Projects/MyPokemonDemo/Content/__ExternalActors__/scene/Demo_Map/3/O8/4HRNSY48Z1JH5P0SK1H29F.uasset" 7278
"E:/Unreal Projects/MyPokemonDemo/Content/__ExternalActors__/scene/Demo_Map/3/RG/FUIGIALA5ITGBMM7878AN5.uasset" 7279
"E:/Unreal Projects/MyPokemonDemo/Content/__ExternalActors__/scene/Demo_Map/3/SD/FD8R7R4TTXAZCIKH8K6IY4.uasset" 7280
"E:/Unreal Projects/MyPokemonDemo/Content/__ExternalActors__/scene/Demo_Map/4/42/H0ZPVT3666YIORZ06I12HQ.uasset" 7281
"E:/Unreal Projects/MyPokemonDemo/Content/__ExternalActors__/scene/Demo_Map/4/MB/POYYMVQE0ICFST8X8FKGIE.uasset" 7282
"E:/Unreal Projects/MyPokemonDemo/Content/__ExternalActors__/scene/Demo_Map/4/QS/0G7H89PRDRTIG5MK027ZHU.uasset" 7283
"E:/Unreal Projects/MyPokemonDemo/Content/__ExternalActors__/scene/Demo_Map/4/S7/QLMVKOPG8CN8OGKLAL6K2N.uasset" 7284
"E:/Unreal Projects/MyPokemonDemo/Content/__ExternalActors__/scene/Demo_Map/4/TY/NBG0R8XD3VH9QA264MVWDW.uasset" 7285
"E:/Unreal Projects/MyPokemonDemo/Content/__ExternalActors__/scene/Demo_Map/4/YS/ZAUGVYGPJIFP5TVDV2B1L9.uasset" 7286
"E:/Unreal Projects/MyPokemonDemo/Content/__ExternalActors__/scene/Demo_Map/5/4H/XIQPTZ6BY7Y6S3JTKLAFI1.uasset" 7287
"E:/Unreal Projects/MyPokemonDemo/Content/__ExternalActors__/scene/Demo_Map/5/BQ/0FLYVC7Q4ZOXIOJ6WWI2F0.uasset" 7288
"E:/Unreal Projects/MyPokemonDemo/Content/__ExternalActors__/scene/Demo_Map/5/XT/RA07RXRNI3V90N5D3G0RDJ.uasset" 7289
"../../../Engine/Content/OpenWorldTemplate/LandscapeMaterial/M_ProcGrid.uasset" 7290
"../../../Engine/Content/Functions/Engine_MaterialFunctions03/Blends/Blend_Overlay.uasset" 7291
"../../../Engine/Content/EngineMaterials/BlendFunc_DefBase.uasset" 7292
"../../../Engine/Content/EngineMaterials/BlendFunc_DefBlend.uasset" 7293
"../../../Engine/Content/OpenWorldTemplate/LandscapeMaterial/MF_ProcGrid.uasset" 7294
"../../../Engine/Content/OpenWorldTemplate/LandscapeMaterial/T_GridChecker_A.uasset" 7295
"E:/Unreal Projects/MyPokemonDemo/Content/__ExternalActors__/scene/Demo_Map/5/Y7/NDHPTO213JPU6H2OU25ING.uasset" 7296
"E:/Unreal Projects/MyPokemonDemo/Content/__ExternalActors__/scene/Demo_Map/6/6P/XSDBCQT150R4LJI9BJFBSX.uasset" 7297
"E:/Unreal Projects/MyPokemonDemo/Content/__ExternalActors__/scene/Demo_Map/6/99/A75KHGOAS3XBMJNIPK2WZ6.uasset" 7298
"E:/Unreal Projects/MyPokemonDemo/Content/__ExternalActors__/scene/Demo_Map/6/FR/QDSNXL88TP5LDKIFGRX1GI.uasset" 7299
"E:/Unreal Projects/MyPokemonDemo/Content/__ExternalActors__/scene/Demo_Map/6/P7/MKTXCMS2W23FLO61MSQM3U.uasset" 7300
"E:/Unreal Projects/MyPokemonDemo/Content/__ExternalActors__/scene/Demo_Map/6/PE/NBLPT14VHIPTWGBLE2E0PY.uasset" 7301
"E:/Unreal Projects/MyPokemonDemo/Content/__ExternalActors__/scene/Demo_Map/7/B1/32B0DG471HA8A8QNZH71MI.uasset" 7302
"E:/Unreal Projects/MyPokemonDemo/Content/__ExternalActors__/scene/Demo_Map/7/DX/TK7C0EG4EYKUMVJ23VQZ6X.uasset" 7303
"E:/Unreal Projects/MyPokemonDemo/Content/__ExternalActors__/scene/Demo_Map/7/KQ/NME5Z5LKU91QBIK49KD5ZC.uasset" 7304
"E:/Unreal Projects/MyPokemonDemo/Content/__ExternalActors__/scene/Demo_Map/7/VZ/F5NDKC09OBZ2POKMT9824F.uasset" 7305
"E:/Unreal Projects/MyPokemonDemo/Content/__ExternalActors__/scene/Demo_Map/7/X3/ODFZJFG82WMF1OX9DFQOYJ.uasset" 7306
"E:/Unreal Projects/MyPokemonDemo/Content/__ExternalActors__/scene/Demo_Map/8/19/CFN6QH4WH4Y04WZI9C9L67.uasset" 7307
"E:/Unreal Projects/MyPokemonDemo/Content/__ExternalActors__/scene/Demo_Map/8/E5/W2KJ2FBY3YIN9VZECNBCOK.uasset" 7308
"E:/Unreal Projects/MyPokemonDemo/Content/__ExternalActors__/scene/Demo_Map/8/IK/7XG4XKB7T52QZ9FGC4W46I.uasset" 7309
"E:/Unreal Projects/MyPokemonDemo/Content/__ExternalActors__/scene/Demo_Map/8/SA/ICV44XRLB1WXTSEOJE21RO.uasset" 7310
"E:/Unreal Projects/MyPokemonDemo/Content/__ExternalActors__/scene/Demo_Map/8/UC/U1TJVQFWFQFYAW1HSQVGQA.uasset" 7311
"../../../Engine/Content/EngineSky/SM_SkySphere.uasset" 7312
"E:/Unreal Projects/MyPokemonDemo/Content/__ExternalActors__/scene/Demo_Map/9/09/C8JC6ISUYERPCHPPJJLTLC.uasset" 7313
"E:/Unreal Projects/MyPokemonDemo/Content/__ExternalActors__/scene/Demo_Map/9/8P/D8XXUN4TMN9ADMWZLABPLO.uasset" 7314
"E:/Unreal Projects/MyPokemonDemo/Content/__ExternalActors__/scene/Demo_Map/9/J8/J0JJCSUM17JGKQKS1321C1.uasset" 7315
"E:/Unreal Projects/MyPokemonDemo/Content/__ExternalActors__/scene/Demo_Map/A/4Y/Q71ITY2H2VWU5CMZUOIZO5.uasset" 7316
"E:/Unreal Projects/MyPokemonDemo/Content/__ExternalActors__/scene/Demo_Map/A/DD/VOVOJW9414Y0QMIYMVU7HP.uasset" 7317
"E:/Unreal Projects/MyPokemonDemo/Content/__ExternalActors__/scene/Demo_Map/A/JN/N3LXA3CKH8WR3BXJ6C6JBS.uasset" 7318
"E:/Unreal Projects/MyPokemonDemo/Content/__ExternalActors__/scene/Demo_Map/A/MK/XJ6SXCAI2AB0ORTAK5DHCC.uasset" 7319
"E:/Unreal Projects/MyPokemonDemo/Content/__ExternalActors__/scene/Demo_Map/A/NZ/VB3EWZ6IC3HGH3IP2ZURZ7.uasset" 7320
"E:/Unreal Projects/MyPokemonDemo/Content/__ExternalActors__/scene/Demo_Map/B/2H/6XXMYFWCY0CC1MG5VOQ66B.uasset" 7321
"E:/Unreal Projects/MyPokemonDemo/Content/__ExternalActors__/scene/Demo_Map/B/4E/2I4Z66UF3XT4OF8SSEIDP8.uasset" 7322
"E:/Unreal Projects/MyPokemonDemo/Content/__ExternalActors__/scene/Demo_Map/B/9B/FTX5GWQWWTBJ162OXNJ562.uasset" 7323
"E:/Unreal Projects/MyPokemonDemo/Content/__ExternalActors__/scene/Demo_Map/B/JF/IM7WTVKYO8W1IDANB400GF.uasset" 7324
"E:/Unreal Projects/MyPokemonDemo/Content/__ExternalActors__/scene/Demo_Map/B/UA/5KQA3WR5BAFDN5DLO2G7EU.uasset" 7325
"E:/Unreal Projects/MyPokemonDemo/Content/__ExternalActors__/scene/Demo_Map/B/VY/TXYE8FMVB0WUB3A0H2O857.uasset" 7326
"E:/Unreal Projects/MyPokemonDemo/Content/__ExternalActors__/scene/Demo_Map/B/ZL/JKBXITLMNZ7L3XTVVP37N3.uasset" 7327
"E:/Unreal Projects/MyPokemonDemo/Content/__ExternalActors__/scene/Demo_Map/C/33/KXX5ALZ20UZE4IEKSBWOBP.uasset" 7328
"E:/Unreal Projects/MyPokemonDemo/Content/__ExternalActors__/scene/Demo_Map/C/98/5ALWQU3D5CM5F0V5SOPB40.uasset" 7329
"E:/Unreal Projects/MyPokemonDemo/Content/__ExternalActors__/scene/Demo_Map/C/C0/NJLD8NYHBIMEQSNB9XPUP3.uasset" 7330
"E:/Unreal Projects/MyPokemonDemo/Content/__ExternalActors__/scene/Demo_Map/C/N0/M7AOM4KS1HYLXF02SJD35Z.uasset" 7331
"E:/Unreal Projects/MyPokemonDemo/Content/__ExternalActors__/scene/Demo_Map/D/65/UHESEZTTFTMDERQXRW06OK.uasset" 7332
"E:/Unreal Projects/MyPokemonDemo/Content/__ExternalActors__/scene/Demo_Map/D/MJ/Z8NZ0NSPFB56U3C4LHZ50O.uasset" 7333
"E:/Unreal Projects/MyPokemonDemo/Content/__ExternalActors__/scene/Demo_Map/E/7K/MU44GIAUDZ554WARAI1TJP.uasset" 7334
"E:/Unreal Projects/MyPokemonDemo/Content/__ExternalActors__/scene/Demo_Map/E/93/LOWG8BSXHNJMOVD4PMPLOY.uasset" 7335
"E:/Unreal Projects/MyPokemonDemo/Content/__ExternalActors__/scene/Demo_Map/E/CE/IR3J9BIXTS4AXI7QKT5BG0.uasset" 7336
"../../../Engine/Content/EditorResources/EmptyActor.uasset" 7337
"E:/Unreal Projects/MyPokemonDemo/Content/MonsterForSurvivalGame/Mesh/PBR/Beholder_SK.uasset" 7338
"E:/Unreal Projects/MyPokemonDemo/Content/LPCharacters_FREE/Material_Inst/MI_Color.uasset" 7339
"E:/Unreal Projects/MyPokemonDemo/Content/LPCharacters_FREE/Characters/Meshes/SKM_Character_5.uasset" 7340
"E:/Unreal Projects/MyPokemonDemo/Content/LPCharacters_FREE/Characters/Meshes/SKM_Character_4.uasset" 7341
"E:/Unreal Projects/MyPokemonDemo/Content/LPCharacters_FREE/Characters/Meshes/SKM_Character_3.uasset" 7342
"E:/Unreal Projects/MyPokemonDemo/Content/LPCharacters_FREE/Characters/Meshes/SKM_Character_2.uasset" 7343
"E:/Unreal Projects/MyPokemonDemo/Content/LPCharacters_FREE/Characters/Meshes/SKM_Character_1.uasset" 7344
"E:/Unreal Projects/MyPokemonDemo/Content/LevelPrototyping/Meshes/SM_ChamferCube.uasset" 7345
"E:/Unreal Projects/MyPokemonDemo/Content/DA/Moves/DA_Move_Tackle.uasset" 7346
"E:/Unreal Projects/MyPokemonDemo/Content/DA/DA_PokemonSpecies.uasset" 7347
"E:/Unreal Projects/MyPokemonDemo/Content/Characters/Mannequins/Materials/Functions/MF_Diffraction.uasset" 7348
"E:/Unreal Projects/MyPokemonDemo/Content/StarterContent/Props/SM_Rock.uasset" 7349
"E:/Unreal Projects/MyPokemonDemo/Content/SimpleDamageText/UE/ThirdPerson/Characters/Mannequin_UE4/Materials/M_MannequinUE4_Body.uasset" 7350
"E:/Unreal Projects/MyPokemonDemo/Content/SimpleDamageText/UE/FirstPerson/FPWeapon/Materials/M_FPGun.uasset" 7351
"E:/Unreal Projects/MyPokemonDemo/Content/Characters/Mannequin_UE4/Materials/M_MannequinUE4_Body.uasset" 7352
"E:/Unreal Projects/MyPokemonDemo/Content/StarterContent/Particles/P_Explosion.uasset" 7353
"E:/Unreal Projects/MyPokemonDemo/Content/StarterContent/Particles/P_Sparks.uasset" 7354
"E:/Unreal Projects/MyPokemonDemo/Content/StarterContent/Particles/P_Fire.uasset" 7355
"E:/Unreal Projects/MyPokemonDemo/Content/StarterContent/Blueprints/Assets/M_LightStage_Skybox_HDRI.uasset" 7356
"E:/Unreal Projects/MyPokemonDemo/Content/StarterContent/Blueprints/Assets/M_LightStage_Skybox_Black.uasset" 7357
"E:/Unreal Projects/MyPokemonDemo/Content/SimpleDamageText/UE/ThirdPerson/Characters/Mannequins/Rigs/Poses/Quinn/Quinn_upperarm_r_pose.uasset" 7358
"E:/Unreal Projects/MyPokemonDemo/Content/SimpleDamageText/UE/ThirdPerson/Characters/Mannequins/Rigs/Poses/Quinn/Quinn_upperarm_l_pose.uasset" 7359
"E:/Unreal Projects/MyPokemonDemo/Content/SimpleDamageText/UE/ThirdPerson/Characters/Mannequins/Rigs/Poses/Quinn/Quinn_thigh_r_pose.uasset" 7360
"E:/Unreal Projects/MyPokemonDemo/Content/SimpleDamageText/UE/ThirdPerson/Characters/Mannequins/Rigs/Poses/Quinn/Quinn_thigh_l_pose.uasset" 7361
"E:/Unreal Projects/MyPokemonDemo/Content/SimpleDamageText/UE/ThirdPerson/Characters/Mannequins/Rigs/Poses/Quinn/Quinn_lowerarm_r_pose.uasset" 7362
"E:/Unreal Projects/MyPokemonDemo/Content/SimpleDamageText/UE/ThirdPerson/Characters/Mannequins/Rigs/Poses/Quinn/Quinn_lowerarm_l_pose.uasset" 7363
"E:/Unreal Projects/MyPokemonDemo/Content/SimpleDamageText/UE/ThirdPerson/Characters/Mannequins/Rigs/Poses/Quinn/Quinn_hand_r_pose.uasset" 7364
"E:/Unreal Projects/MyPokemonDemo/Content/SimpleDamageText/UE/ThirdPerson/Characters/Mannequins/Rigs/Poses/Quinn/Quinn_hand_l_pose.uasset" 7365
"E:/Unreal Projects/MyPokemonDemo/Content/SimpleDamageText/UE/ThirdPerson/Characters/Mannequins/Rigs/Poses/Quinn/Quinn_foot_r_pose.uasset" 7366
"E:/Unreal Projects/MyPokemonDemo/Content/SimpleDamageText/UE/ThirdPerson/Characters/Mannequins/Rigs/Poses/Quinn/Quinn_foot_l_pose.uasset" 7367
"E:/Unreal Projects/MyPokemonDemo/Content/SimpleDamageText/UE/ThirdPerson/Characters/Mannequins/Rigs/Poses/Quinn/Quinn_clavicle_r_pose.uasset" 7368
"E:/Unreal Projects/MyPokemonDemo/Content/SimpleDamageText/UE/ThirdPerson/Characters/Mannequins/Rigs/Poses/Quinn/Quinn_clavicle_l_pose.uasset" 7369
"E:/Unreal Projects/MyPokemonDemo/Content/SimpleDamageText/UE/ThirdPerson/Characters/Mannequins/Rigs/Poses/Quinn/Quinn_calf_r_pose.uasset" 7370
"E:/Unreal Projects/MyPokemonDemo/Content/SimpleDamageText/UE/ThirdPerson/Characters/Mannequins/Rigs/Poses/Quinn/Quinn_calf_l_pose.uasset" 7371
"E:/Unreal Projects/MyPokemonDemo/Content/SimpleDamageText/UE/ThirdPerson/Characters/Mannequins/Rigs/Poses/Manny/Manny_upperarm_r_pose.uasset" 7372
"E:/Unreal Projects/MyPokemonDemo/Content/SimpleDamageText/UE/ThirdPerson/Characters/Mannequins/Rigs/Poses/Manny/Manny_upperarm_l_pose.uasset" 7373
"E:/Unreal Projects/MyPokemonDemo/Content/SimpleDamageText/UE/ThirdPerson/Characters/Mannequins/Rigs/Poses/Manny/Manny_thigh_r_pose.uasset" 7374
"E:/Unreal Projects/MyPokemonDemo/Content/SimpleDamageText/UE/ThirdPerson/Characters/Mannequins/Rigs/Poses/Manny/Manny_thigh_l_pose.uasset" 7375
"E:/Unreal Projects/MyPokemonDemo/Content/SimpleDamageText/UE/ThirdPerson/Characters/Mannequins/Rigs/Poses/Manny/Manny_lowerarm_r_pose.uasset" 7376
"E:/Unreal Projects/MyPokemonDemo/Content/SimpleDamageText/UE/ThirdPerson/Characters/Mannequins/Rigs/Poses/Manny/Manny_lowerarm_l_pose.uasset" 7377
"E:/Unreal Projects/MyPokemonDemo/Content/SimpleDamageText/UE/ThirdPerson/Characters/Mannequins/Rigs/Poses/Manny/Manny_hand_r_pose.uasset" 7378
"E:/Unreal Projects/MyPokemonDemo/Content/SimpleDamageText/UE/ThirdPerson/Characters/Mannequins/Rigs/Poses/Manny/Manny_hand_l_pose.uasset" 7379
"E:/Unreal Projects/MyPokemonDemo/Content/SimpleDamageText/UE/ThirdPerson/Characters/Mannequins/Rigs/Poses/Manny/Manny_foot_r_pose.uasset" 7380
"E:/Unreal Projects/MyPokemonDemo/Content/SimpleDamageText/UE/ThirdPerson/Characters/Mannequins/Rigs/Poses/Manny/Manny_foot_l_pose.uasset" 7381
"E:/Unreal Projects/MyPokemonDemo/Content/SimpleDamageText/UE/ThirdPerson/Characters/Mannequins/Rigs/Poses/Manny/Manny_clavicle_r_pose.uasset" 7382
"E:/Unreal Projects/MyPokemonDemo/Content/SimpleDamageText/UE/ThirdPerson/Characters/Mannequins/Rigs/Poses/Manny/Manny_clavicle_l_pose.uasset" 7383
"E:/Unreal Projects/MyPokemonDemo/Content/SimpleDamageText/UE/ThirdPerson/Characters/Mannequins/Rigs/Poses/Manny/Manny_calf_r_pose.uasset" 7384
"E:/Unreal Projects/MyPokemonDemo/Content/SimpleDamageText/UE/ThirdPerson/Characters/Mannequins/Rigs/Poses/Manny/Manny_calf_l_pose.uasset" 7385
"E:/Unreal Projects/MyPokemonDemo/Content/SimpleDamageText/UE/ThirdPerson/Characters/Mannequins/Animations/Quinn/BS_MF_Unarmed_WalkRun.uasset" 7386
"E:/Unreal Projects/MyPokemonDemo/Content/SimpleDamageText/UE/ThirdPerson/Characters/Mannequins/Animations/Manny/BS_MM_WalkRun.uasset" 7387
"E:/Unreal Projects/MyPokemonDemo/Content/SimpleDamageText/UE/FirstPerson/FirstPersonArms/Animations/FP_Rifle_Shoot_Montage.uasset" 7388
"E:/Unreal Projects/MyPokemonDemo/Content/LPCharacters_FREE/Characters/Animations/Victory_Anim_Montage.uasset" 7389
"E:/Unreal Projects/MyPokemonDemo/Content/Blueprint/Character/BS_PlayerLocomotion.uasset" 7390
"E:/Unreal Projects/MyPokemonDemo/Content/Characters/Mannequins/Rigs/Poses/Quinn/Quinn_upperarm_r_pose.uasset" 7391
"E:/Unreal Projects/MyPokemonDemo/Content/Characters/Mannequins/Rigs/Poses/Quinn/Quinn_upperarm_l_pose.uasset" 7392
"E:/Unreal Projects/MyPokemonDemo/Content/Characters/Mannequins/Rigs/Poses/Quinn/Quinn_thigh_r_pose.uasset" 7393
"E:/Unreal Projects/MyPokemonDemo/Content/Characters/Mannequins/Rigs/Poses/Quinn/Quinn_thigh_l_pose.uasset" 7394
"E:/Unreal Projects/MyPokemonDemo/Content/Characters/Mannequins/Rigs/Poses/Quinn/Quinn_lowerarm_r_pose.uasset" 7395
"E:/Unreal Projects/MyPokemonDemo/Content/Characters/Mannequins/Rigs/Poses/Quinn/Quinn_lowerarm_l_pose.uasset" 7396
"E:/Unreal Projects/MyPokemonDemo/Content/Characters/Mannequins/Rigs/Poses/Quinn/Quinn_hand_r_pose.uasset" 7397
"E:/Unreal Projects/MyPokemonDemo/Content/Characters/Mannequins/Rigs/Poses/Quinn/Quinn_hand_l_pose.uasset" 7398
"E:/Unreal Projects/MyPokemonDemo/Content/Characters/Mannequins/Rigs/Poses/Quinn/Quinn_foot_r_pose.uasset" 7399
"E:/Unreal Projects/MyPokemonDemo/Content/Characters/Mannequins/Rigs/Poses/Quinn/Quinn_foot_l_pose.uasset" 7400
"E:/Unreal Projects/MyPokemonDemo/Content/Characters/Mannequins/Rigs/Poses/Quinn/Quinn_clavicle_r_pose.uasset" 7401
"E:/Unreal Projects/MyPokemonDemo/Content/Characters/Mannequins/Rigs/Poses/Quinn/Quinn_clavicle_l_pose.uasset" 7402
"E:/Unreal Projects/MyPokemonDemo/Content/Characters/Mannequins/Rigs/Poses/Quinn/Quinn_calf_r_pose.uasset" 7403
"E:/Unreal Projects/MyPokemonDemo/Content/Characters/Mannequins/Rigs/Poses/Quinn/Quinn_calf_l_pose.uasset" 7404
"E:/Unreal Projects/MyPokemonDemo/Content/Characters/Mannequins/Rigs/Poses/Manny/Manny_upperarm_r_pose.uasset" 7405
"E:/Unreal Projects/MyPokemonDemo/Content/Characters/Mannequins/Rigs/Poses/Manny/Manny_upperarm_l_pose.uasset" 7406
"E:/Unreal Projects/MyPokemonDemo/Content/Characters/Mannequins/Rigs/Poses/Manny/Manny_thigh_r_pose.uasset" 7407
"E:/Unreal Projects/MyPokemonDemo/Content/Characters/Mannequins/Rigs/Poses/Manny/Manny_thigh_l_pose.uasset" 7408
"E:/Unreal Projects/MyPokemonDemo/Content/Characters/Mannequins/Rigs/Poses/Manny/Manny_lowerarm_r_pose.uasset" 7409
"E:/Unreal Projects/MyPokemonDemo/Content/Characters/Mannequins/Rigs/Poses/Manny/Manny_lowerarm_l_pose.uasset" 7410
"E:/Unreal Projects/MyPokemonDemo/Content/Characters/Mannequins/Rigs/Poses/Manny/Manny_hand_r_pose.uasset" 7411
"E:/Unreal Projects/MyPokemonDemo/Content/Characters/Mannequins/Rigs/Poses/Manny/Manny_hand_l_pose.uasset" 7412
"E:/Unreal Projects/MyPokemonDemo/Content/Characters/Mannequins/Rigs/Poses/Manny/Manny_foot_r_pose.uasset" 7413
"E:/Unreal Projects/MyPokemonDemo/Content/Characters/Mannequins/Rigs/Poses/Manny/Manny_foot_l_pose.uasset" 7414
"E:/Unreal Projects/MyPokemonDemo/Content/Characters/Mannequins/Rigs/Poses/Manny/Manny_clavicle_r_pose.uasset" 7415
"E:/Unreal Projects/MyPokemonDemo/Content/Characters/Mannequins/Rigs/Poses/Manny/Manny_clavicle_l_pose.uasset" 7416
"E:/Unreal Projects/MyPokemonDemo/Content/Characters/Mannequins/Rigs/Poses/Manny/Manny_calf_r_pose.uasset" 7417
"E:/Unreal Projects/MyPokemonDemo/Content/Characters/Mannequins/Rigs/Poses/Manny/Manny_calf_l_pose.uasset" 7418
"E:/Unreal Projects/MyPokemonDemo/Content/Characters/Mannequins/Animations/Quinn/BS_MF_Unarmed_WalkRun.uasset" 7419
"E:/Unreal Projects/MyPokemonDemo/Content/Characters/Mannequins/Animations/Manny/BS_MM_WalkRun.uasset" 7420
"E:/Unreal Projects/MyPokemonDemo/Content/SimpleDamageText/UE/FirstPerson/LevelPrototyping/Materials/MF_ProcGrid.uasset" 7421
"E:/Unreal Projects/MyPokemonDemo/Content/LevelPrototyping/Materials/MF_ProcGrid.uasset" 7422
"../../../Engine/Content/EditorMeshes/ColorCalibrator/SM_ColorCalibrator.uasset" 7423
"../../../Engine/Plugins/Interchange/Runtime/Content/Functions/MX_OpenPBR_Opaque.uasset" 7424
"../../../Engine/Plugins/Interchange/Runtime/Content/gltf/M_Unlit.uasset" 7425
"../../../Engine/Plugins/Interchange/Runtime/Content/Functions/MX_TransmissionSurface.uasset" 7426
"../../../Engine/Content/EditorMaterials/Thumbnails/SkySphereMaterial.uasset" 7427
"E:/Unreal Projects/MyPokemonDemo/Content/__ExternalObjects__/scene/Demo_Map/8/1J/R0SG2ZUM59IXEAR4EQAIZ9.uasset" 7428
"E:/Unreal Projects/MyPokemonDemo/Content/__ExternalObjects__/scene/Demo_Map/6/PH/48Y97PDS1ESOF3ECDT7YCF.uasset" 7429
"E:/Unreal Projects/MyPokemonDemo/Content/__ExternalObjects__/scene/Demo_Map/5/PE/PYSUTYP31MYMGWIZJD98FL.uasset" 7430
"E:/Unreal Projects/MyPokemonDemo/Content/__ExternalObjects__/scene/Demo_Map/3/DS/IJCVY6Y09DK9JO6BYMAMMY.uasset" 7431
"E:/Unreal Projects/MyPokemonDemo/Content/__ExternalObjects__/scene/Demo_Map/2/FO/EIQYUD2BSIHO79X2R6N2HI.uasset" 7432
"E:/Unreal Projects/MyPokemonDemo/Content/__ExternalObjects__/scene/Demo_Map/0/1R/JCFIZ2MBNWTDHZTJUXWDTA.uasset" 7433
"E:/Unreal Projects/MyPokemonDemo/Content/StarterContent/Blueprints/Blueprint_Effect_Steam.uasset" 7434
"E:/Unreal Projects/MyPokemonDemo/Content/StarterContent/Blueprints/Blueprint_Effect_Smoke.uasset" 7435
"E:/Unreal Projects/MyPokemonDemo/Content/StarterContent/Blueprints/Blueprint_WallSconce.uasset" 7436
"E:/Unreal Projects/MyPokemonDemo/Content/StarterContent/Blueprints/Blueprint_CeilingLight.uasset" 7437
"E:/Unreal Projects/MyPokemonDemo/Content/SimpleDamageText/UE/ThirdPerson/Characters/Mannequins/Materials/M_Mannequin.uasset" 7438
"E:/Unreal Projects/MyPokemonDemo/Content/SimpleDamageText/UE/FirstPerson/Blueprints/BP_FirstPersonProjectile.uasset" 7439
"E:/Unreal Projects/MyPokemonDemo/Content/SimpleDamageText/UE/FirstPerson/FirstPersonArms/Character/Materials/M_Mannequin.uasset" 7440
"E:/Unreal Projects/MyPokemonDemo/Content/DA/PokemonSpecies/DA_TurtleSpecies.uasset" 7441
"E:/Unreal Projects/MyPokemonDemo/Content/DA/PokemonSpecies/DA_PikachuSpecies.uasset" 7442
"E:/Unreal Projects/MyPokemonDemo/Content/Blueprint/Pokemon/BP_pokemon.uasset" 7443
"E:/Unreal Projects/MyPokemonDemo/Content/Characters/Mannequins/Materials/M_Mannequin.uasset" 7444
"E:/Unreal Projects/MyPokemonDemo/Content/StarterContent/Maps/Minimal_Default.umap" 7445
"../../../Engine/Content/EngineSky/BP_Sky_Sphere.uasset" 7446
"E:/Unreal Projects/MyPokemonDemo/Content/SimpleDamageText/UE/ThirdPerson/Characters/Mannequin_UE4/Materials/M_MannequinUE4_ChestLogo.uasset" 7447
"E:/Unreal Projects/MyPokemonDemo/Content/SimpleDamageText/UE/FirstPerson/FPWeapon/Mesh/SK_FPGun.uasset" 7448
"E:/Unreal Projects/MyPokemonDemo/Content/Characters/Mannequin_UE4/Materials/M_MannequinUE4_ChestLogo.uasset" 7449
"E:/Unreal Projects/MyPokemonDemo/Content/StarterContent/Blueprints/Blueprint_Effect_Explosion.uasset" 7450
"E:/Unreal Projects/MyPokemonDemo/Content/StarterContent/Blueprints/Blueprint_Effect_Sparks.uasset" 7451
"E:/Unreal Projects/MyPokemonDemo/Content/StarterContent/Blueprints/Blueprint_Effect_Fire.uasset" 7452
"E:/Unreal Projects/MyPokemonDemo/Content/SimpleDamageText/UE/ThirdPerson/Characters/Mannequins/Rigs/ABP_Quinn_PostProcess.uasset" 7453
"E:/Unreal Projects/MyPokemonDemo/Content/SimpleDamageText/UE/ThirdPerson/Characters/Mannequins/Rigs/ABP_Manny_PostProcess.uasset" 7454
"E:/Unreal Projects/MyPokemonDemo/Content/SimpleDamageText/UE/ThirdPerson/Characters/Mannequins/Animations/ABP_Manny.uasset" 7455
"E:/Unreal Projects/MyPokemonDemo/Content/Blueprint/Character/ABP_PlayerTrainer.uasset" 7456
"E:/Unreal Projects/MyPokemonDemo/Content/Characters/Mannequins/Rigs/ABP_Quinn_PostProcess.uasset" 7457
"E:/Unreal Projects/MyPokemonDemo/Content/Characters/Mannequins/Rigs/ABP_Manny_PostProcess.uasset" 7458
"E:/Unreal Projects/MyPokemonDemo/Content/Characters/Mannequins/Animations/ABP_Manny.uasset" 7459
"E:/Unreal Projects/MyPokemonDemo/Content/SimpleDamageText/UE/FirstPerson/LevelPrototyping/Materials/M_PrototypeGrid.uasset" 7460
"E:/Unreal Projects/MyPokemonDemo/Content/LevelPrototyping/Materials/M_PrototypeGrid.uasset" 7461
"../../../Engine/Plugins/Interchange/Runtime/Content/gltf/MaterialInstances/MI_Unlit_Blend_DS.uasset" 7462
"../../../Engine/Plugins/Interchange/Runtime/Content/gltf/MaterialInstances/MI_Unlit_Mask_DS.uasset" 7463
"../../../Engine/Plugins/Interchange/Runtime/Content/gltf/MaterialInstances/MI_Unlit_Opaque_DS.uasset" 7464
"../../../Engine/Plugins/Interchange/Runtime/Content/gltf/MaterialInstances/MI_Unlit_Blend.uasset" 7465
"../../../Engine/Plugins/Interchange/Runtime/Content/gltf/MaterialInstances/MI_Unlit_Mask.uasset" 7466
"../../../Engine/Plugins/Interchange/Runtime/Content/gltf/MaterialInstances/MI_Unlit_Opaque.uasset" 7467
"../../../Engine/Plugins/Interchange/Runtime/Content/Functions/MX_OpenPBR_Translucent.uasset" 7468
"E:/Unreal Projects/MyPokemonDemo/Content/StarterContent/Blueprints/Assets/Skybox.uasset" 7469
"E:/Unreal Projects/MyPokemonDemo/Content/SimpleDamageText/UE/ThirdPerson/Characters/Mannequins/Materials/Instances/Quinn/MI_Quinn_01.uasset" 7470
"E:/Unreal Projects/MyPokemonDemo/Content/SimpleDamageText/UE/ThirdPerson/Characters/Mannequins/Materials/Instances/Manny/MI_Manny_01.uasset" 7471
"E:/Unreal Projects/MyPokemonDemo/Content/SimpleDamageText/UE/FirstPerson/FirstPersonArms/Character/Materials/Instances/Manny/MI_Manny_01.uasset" 7472
"E:/Unreal Projects/MyPokemonDemo/Content/Blueprint/Save/ST_TrainerPokemonEntry.uasset" 7473
"E:/Unreal Projects/MyPokemonDemo/Content/Blueprint/Save/ST_PokemonSaveData.uasset" 7474
"E:/Unreal Projects/MyPokemonDemo/Content/Blueprint/Save/ST_PlayerPokemonEntry.uasset" 7475
"E:/Unreal Projects/MyPokemonDemo/Content/Blueprint/Pokemon/BP_turtle.uasset" 7476
"E:/Unreal Projects/MyPokemonDemo/Content/Blueprint/Pokemon/BP_pikachu.uasset" 7477
"E:/Unreal Projects/MyPokemonDemo/Content/Characters/Mannequins/Materials/Instances/Quinn/MI_Quinn_01.uasset" 7478
"E:/Unreal Projects/MyPokemonDemo/Content/Characters/Mannequins/Materials/Instances/Manny/MI_Manny_01.uasset" 7479
"E:/Unreal Projects/MyPokemonDemo/Content/MonsterForSurvivalGame/Map/TurtleShellAnimShowcase_MP.umap" 7480
"E:/Unreal Projects/MyPokemonDemo/Content/MonsterForSurvivalGame/Map/Swarm09AnimShowcase_MP.umap" 7481
"E:/Unreal Projects/MyPokemonDemo/Content/MonsterForSurvivalGame/Map/Swarm08AnimShowcase_MP.umap" 7482
"E:/Unreal Projects/MyPokemonDemo/Content/MonsterForSurvivalGame/Map/SlimeAnimShowcase_MP.umap" 7483
"E:/Unreal Projects/MyPokemonDemo/Content/MonsterForSurvivalGame/Map/MushroomAnimShowcase_MP.umap" 7484
"E:/Unreal Projects/MyPokemonDemo/Content/MonsterForSurvivalGame/Map/DefaultPolyart_MP.umap" 7485
"E:/Unreal Projects/MyPokemonDemo/Content/MonsterForSurvivalGame/Map/DefaultPBR_MP.umap" 7486
"E:/Unreal Projects/MyPokemonDemo/Content/MonsterForSurvivalGame/Map/ChestMonsterAnimShowcase_MP.umap" 7487
"../../../Engine/Content/EditorResources/AudioIcons/S_AudioComponent_AutoActivate.uasset" 7488
"E:/Unreal Projects/MyPokemonDemo/Content/MonsterForSurvivalGame/Map/CactusAnimShowcase_MP.umap" 7489
"E:/Unreal Projects/MyPokemonDemo/Content/MonsterForSurvivalGame/Map/BeholderAnimShowcase_MP.umap" 7490
"E:/Unreal Projects/MyPokemonDemo/Content/LPCharacters_FREE/Maps/Overview.umap" 7491
"E:/Unreal Projects/MyPokemonDemo/Content/SimpleDamageText/UE/ThirdPerson/Characters/Mannequin_UE4/Meshes/SK_Mannequin.uasset" 7492
"E:/Unreal Projects/MyPokemonDemo/Content/Characters/Mannequin_UE4/Meshes/SK_Mannequin.uasset" 7493
"E:/Unreal Projects/MyPokemonDemo/Content/StarterContent/Maps/StarterMap.umap" 7494
"E:/Unreal Projects/MyPokemonDemo/Content/SimpleDamageText/UE/ThirdPerson/Characters/Mannequins/Animations/ABP_Quinn.uasset" 7495
"E:/Unreal Projects/MyPokemonDemo/Content/Characters/Mannequins/Animations/ABP_Quinn.uasset" 7496
"E:/Unreal Projects/MyPokemonDemo/Content/SimpleDamageText/UE/FirstPerson/LevelPrototyping/Materials/MI_PrototypeGrid_TopDark.uasset" 7497
"E:/Unreal Projects/MyPokemonDemo/Content/SimpleDamageText/UE/FirstPerson/LevelPrototyping/Materials/MI_PrototypeGrid_Gray_02.uasset" 7498
"E:/Unreal Projects/MyPokemonDemo/Content/SimpleDamageText/UE/FirstPerson/LevelPrototyping/Materials/MI_PrototypeGrid_Gray.uasset" 7499
"E:/Unreal Projects/MyPokemonDemo/Content/LevelPrototyping/Materials/MI_PrototypeGrid_TopDark.uasset" 7500
"E:/Unreal Projects/MyPokemonDemo/Content/LevelPrototyping/Materials/MI_PrototypeGrid_Gray_02.uasset" 7501
"E:/Unreal Projects/MyPokemonDemo/Content/LevelPrototyping/Materials/MI_PrototypeGrid_Gray.uasset" 7502
"../../../Engine/Plugins/Interchange/Runtime/Content/gltf/M_SpecularGlossiness.uasset" 7503
"../../../Engine/Plugins/Interchange/Runtime/Content/gltf/M_Transmission.uasset" 7504
"../../../Engine/Plugins/Interchange/Runtime/Content/gltf/M_Sheen.uasset" 7505
"../../../Engine/Plugins/Interchange/Runtime/Content/gltf/M_ClearCoat.uasset" 7506
"../../../Engine/Plugins/Interchange/Runtime/Content/gltf/M_Default.uasset" 7507
"E:/Unreal Projects/MyPokemonDemo/Content/StarterContent/Blueprints/BP_LightStudio.uasset" 7508
"E:/Unreal Projects/MyPokemonDemo/Content/SimpleDamageText/UE/ThirdPerson/Characters/Mannequins/Materials/Instances/Quinn/MI_Quinn_02.uasset" 7509
"E:/Unreal Projects/MyPokemonDemo/Content/SimpleDamageText/UE/ThirdPerson/Characters/Mannequins/Materials/Instances/Manny/MI_Manny_02.uasset" 7510
"E:/Unreal Projects/MyPokemonDemo/Content/SimpleDamageText/UE/FirstPerson/FirstPersonArms/Character/Materials/Instances/Manny/MI_Manny_02.uasset" 7511
"E:/Unreal Projects/MyPokemonDemo/Content/Blueprint/Save/SG_PlayerProgress.uasset" 7512
"E:/Unreal Projects/MyPokemonDemo/Content/Blueprint/Gamemode/BP_TurnBasedGame.uasset" 7513
"E:/Unreal Projects/MyPokemonDemo/Content/Blueprint/BP_pikachu.uasset" 7514
"E:/Unreal Projects/MyPokemonDemo/Content/Characters/Mannequins/Materials/Instances/Quinn/MI_Quinn_02.uasset" 7515
"E:/Unreal Projects/MyPokemonDemo/Content/Characters/Mannequins/Materials/Instances/Manny/MI_Manny_02.uasset" 7516
"E:/Unreal Projects/MyPokemonDemo/Content/SimpleDamageText/UE/FirstPerson/LevelPrototyping/Meshes/SM_Cube.uasset" 7517
"E:/Unreal Projects/MyPokemonDemo/Content/LevelPrototyping/Meshes/SM_Ramp.uasset" 7518
"E:/Unreal Projects/MyPokemonDemo/Content/LevelPrototyping/Meshes/SM_QuarterCylinder.uasset" 7519
"E:/Unreal Projects/MyPokemonDemo/Content/LevelPrototyping/Meshes/SM_Cylinder.uasset" 7520
"E:/Unreal Projects/MyPokemonDemo/Content/LevelPrototyping/Meshes/SM_Cube.uasset" 7521
"../../../Engine/Plugins/Interchange/Runtime/Content/gltf/MaterialInstances/MI_SpecularGlossiness_Blend_DS.uasset" 7522
"../../../Engine/Plugins/Interchange/Runtime/Content/gltf/MaterialInstances/MI_SpecularGlossiness_Mask_DS.uasset" 7523
"../../../Engine/Plugins/Interchange/Runtime/Content/gltf/MaterialInstances/MI_SpecularGlossiness_Opaque_DS.uasset" 7524
"../../../Engine/Plugins/Interchange/Runtime/Content/gltf/MaterialInstances/MI_SpecularGlossiness_Blend.uasset" 7525
"../../../Engine/Plugins/Interchange/Runtime/Content/gltf/MaterialInstances/MI_SpecularGlossiness_Mask.uasset" 7526
"../../../Engine/Plugins/Interchange/Runtime/Content/gltf/MaterialInstances/MI_SpecularGlossiness_Opaque.uasset" 7527
"../../../Engine/Plugins/Interchange/Runtime/Content/gltf/MaterialInstances/MI_Transmission_DS.uasset" 7528
"../../../Engine/Content/EditorResources/LightIcons/S_LightError.uasset" 7529
"../../../Engine/Plugins/Interchange/Runtime/Content/gltf/MaterialInstances/MI_Transmission.uasset" 7530
"../../../Engine/Plugins/Interchange/Runtime/Content/gltf/MaterialInstances/MI_Sheen_Blend_DS.uasset" 7531
"../../../Engine/Plugins/Interchange/Runtime/Content/gltf/MaterialInstances/MI_Sheen_Mask_DS.uasset" 7532
"../../../Engine/Plugins/Interchange/Runtime/Content/gltf/MaterialInstances/MI_Sheen_Opaque_DS.uasset" 7533
"../../../Engine/Plugins/Interchange/Runtime/Content/gltf/MaterialInstances/MI_Sheen_Blend.uasset" 7534
"../../../Engine/Plugins/Interchange/Runtime/Content/gltf/MaterialInstances/MI_Sheen_Mask.uasset" 7535
"../../../Engine/Plugins/Interchange/Runtime/Content/gltf/MaterialInstances/MI_Sheen_Opaque.uasset" 7536
"../../../Engine/Plugins/Interchange/Runtime/Content/gltf/MaterialInstances/MI_ClearCoat_Blend_DS.uasset" 7537
"../../../Engine/Plugins/Interchange/Runtime/Content/gltf/MaterialInstances/MI_ClearCoat_Mask_DS.uasset" 7538
"../../../Engine/Plugins/Interchange/Runtime/Content/gltf/MaterialInstances/MI_ClearCoat_Opaque_DS.uasset" 7539
"../../../Engine/Plugins/Interchange/Runtime/Content/gltf/MaterialInstances/MI_ClearCoat_Blend.uasset" 7540
"../../../Engine/Plugins/Interchange/Runtime/Content/gltf/MaterialInstances/MI_ClearCoat_Mask.uasset" 7541
"../../../Engine/Plugins/Interchange/Runtime/Content/gltf/MaterialInstances/MI_ClearCoat_Opaque.uasset" 7542
"../../../Engine/Plugins/Interchange/Runtime/Content/gltf/MaterialInstances/MI_Default_Blend_DS.uasset" 7543
"../../../Engine/Plugins/Interchange/Runtime/Content/gltf/MaterialInstances/MI_Default_Mask_DS.uasset" 7544
"../../../Engine/Plugins/Interchange/Runtime/Content/gltf/MaterialInstances/MI_Default_Opaque_DS.uasset" 7545
"../../../Engine/Content/EditorResources/AudioIcons/S_AudioComponent.uasset" 7546
"../../../Engine/Plugins/Interchange/Runtime/Content/gltf/MaterialInstances/MI_Default_Blend.uasset" 7547
"../../../Engine/Plugins/Interchange/Runtime/Content/gltf/MaterialInstances/MI_Default_Mask.uasset" 7548
"../../../Engine/Plugins/Interchange/Runtime/Content/gltf/MaterialInstances/MI_Default_Opaque.uasset" 7549
"E:/Unreal Projects/MyPokemonDemo/Content/StarterContent/Maps/Advanced_Lighting.umap" 7550
"E:/Unreal Projects/MyPokemonDemo/Content/SimpleDamageText/UE/ThirdPerson/Characters/Mannequins/Meshes/SKM_Quinn_Simple.uasset" 7551
"E:/Unreal Projects/MyPokemonDemo/Content/SimpleDamageText/UE/ThirdPerson/Characters/Mannequins/Meshes/SKM_Quinn.uasset" 7552
"E:/Unreal Projects/MyPokemonDemo/Content/SimpleDamageText/UE/ThirdPerson/Characters/Mannequins/Meshes/SKM_Manny_Simple.uasset" 7553
"E:/Unreal Projects/MyPokemonDemo/Content/SimpleDamageText/UE/ThirdPerson/Characters/Mannequins/Meshes/SKM_Manny.uasset" 7554
"E:/Unreal Projects/MyPokemonDemo/Content/SimpleDamageText/UE/FirstPerson/FirstPersonArms/Character/Mesh/SK_Mannequin_Arms.uasset" 7555
"E:/Unreal Projects/MyPokemonDemo/Content/Characters/Mannequins/Meshes/SKM_Quinn_Simple.uasset" 7556
"E:/Unreal Projects/MyPokemonDemo/Content/Characters/Mannequins/Meshes/SKM_Quinn.uasset" 7557
"E:/Unreal Projects/MyPokemonDemo/Content/Characters/Mannequins/Meshes/SKM_Manny_Simple.uasset" 7558
"E:/Unreal Projects/MyPokemonDemo/Content/Characters/Mannequins/Meshes/SKM_Manny.uasset" 7559
"E:/Unreal Projects/MyPokemonDemo/Content/ArenaAsset/walls.uasset" 7560
"E:/Unreal Projects/MyPokemonDemo/Content/ArenaAsset/sink_wall.uasset" 7561
"E:/Unreal Projects/MyPokemonDemo/Content/ArenaAsset/sink_floor.uasset" 7562
"E:/Unreal Projects/MyPokemonDemo/Content/ArenaAsset/metal.uasset" 7563
"E:/Unreal Projects/MyPokemonDemo/Content/ArenaAsset/map_logo.uasset" 7564
"E:/Unreal Projects/MyPokemonDemo/Content/ArenaAsset/main_walls.uasset" 7565
"E:/Unreal Projects/MyPokemonDemo/Content/ArenaAsset/logo.uasset" 7566
"E:/Unreal Projects/MyPokemonDemo/Content/ArenaAsset/light.uasset" 7567
"E:/Unreal Projects/MyPokemonDemo/Content/ArenaAsset/floor_main.uasset" 7568
"E:/Unreal Projects/MyPokemonDemo/Content/ArenaAsset/door_frame3.uasset" 7569
"E:/Unreal Projects/MyPokemonDemo/Content/ArenaAsset/door_frame2.uasset" 7570
"E:/Unreal Projects/MyPokemonDemo/Content/ArenaAsset/door_frame.uasset" 7571
"E:/Unreal Projects/MyPokemonDemo/Content/ArenaAsset/collumn_simbols.uasset" 7572
"E:/Unreal Projects/MyPokemonDemo/Content/ArenaAsset/collumn_ornament.uasset" 7573
"E:/Unreal Projects/MyPokemonDemo/Content/ArenaAsset/collumn_bricks.uasset" 7574
"E:/Unreal Projects/MyPokemonDemo/Content/SimpleDamageText/UE/ThirdPerson/Blueprints/BP_Enemy.uasset" 7575
"E:/Unreal Projects/MyPokemonDemo/Content/SimpleDamageText/UE/ThirdPerson/Characters/Mannequin_UE4/Rigs/RTG_UE5Manny_UE4Manny.uasset" 7576
"E:/Unreal Projects/MyPokemonDemo/Content/SimpleDamageText/UE/ThirdPerson/Characters/Mannequin_UE4/Rigs/RTG_UE4Manny_UE5Manny.uasset" 7577
"E:/Unreal Projects/MyPokemonDemo/Content/SimpleDamageText/UE/ThirdPerson/Characters/Mannequins/Rigs/RTG_Mannequin.uasset" 7578
"E:/Unreal Projects/MyPokemonDemo/Content/ThirdPerson/Blueprints/BP_ThirdPersonCharacter.uasset" 7579
"E:/Unreal Projects/MyPokemonDemo/Content/ArenaAsset/circle_of_death.uasset" 7580
"E:/Unreal Projects/MyPokemonDemo/Content/ThirdPerson/Blueprints/BP_ThirdPersonGameMode.uasset" 7581
"E:/Unreal Projects/MyPokemonDemo/Content/ThirdPerson/Maps/ThirdPersonMap.umap" 7582
"E:/Unreal Projects/MyPokemonDemo/Content/__ExternalObjects__/ThirdPerson/Maps/ThirdPersonMap/E/GP/22PD314FCWY4ZK61DE3XZC.uasset" 7583
"E:/Unreal Projects/MyPokemonDemo/Content/__ExternalObjects__/ThirdPerson/Maps/ThirdPersonMap/C/7N/FDH7Y28CQFXDK8P6MM1HXM.uasset" 7584
"E:/Unreal Projects/MyPokemonDemo/Content/__ExternalObjects__/ThirdPerson/Maps/ThirdPersonMap/9/KN/KHZG97SS6AL73U7AXDWH6J.uasset" 7585
"E:/Unreal Projects/MyPokemonDemo/Content/__ExternalObjects__/ThirdPerson/Maps/ThirdPersonMap/6/TK/PIQ0B2FNWR15P52TECP27A.uasset" 7586
"E:/Unreal Projects/MyPokemonDemo/Content/__ExternalObjects__/ThirdPerson/Maps/ThirdPersonMap/6/D8/3MZ6M1DB94VN44C87D65WR.uasset" 7587
"E:/Unreal Projects/MyPokemonDemo/Content/__ExternalObjects__/ThirdPerson/Maps/ThirdPersonMap/4/VW/TY7TSUER9KKGHX2BMKSL0L.uasset" 7588
"../../../Engine/Content/EngineSounds/Submixes/MasterEQSubmixDefault.uasset" 7589
"../../../Engine/Content/EngineSounds/Submixes/MasterSubmixDefault.uasset" 7590
"../../../Engine/Content/EngineSounds/Submixes/MasterReverbSubmixDefault.uasset" 7591
"E:/Unreal Projects/MyPokemonDemo/Content/SimpleDamageText/UE/FirstPerson/Blueprints/BP_FirstPersonCharacter.uasset" 7592
"E:/Unreal Projects/MyPokemonDemo/Content/SimpleDamageText/UE/FirstPerson/FirstPersonArms/Animations/FirstPerson_AnimBP.uasset" 7593
"E:/Unreal Projects/MyPokemonDemo/Content/SimpleDamageText/UE/FirstPerson/Blueprints/BP_Weapon_Component.uasset" 7594
"E:/Unreal Projects/MyPokemonDemo/Content/SimpleDamageText/UE/FirstPerson/Blueprints/BP_FirstPersonGameMode.uasset" 7595
"E:/Unreal Projects/MyPokemonDemo/Content/SimpleDamageText/UE/FirstPerson/Blueprints/BP_Pickup_Rifle.uasset" 7596
"E:/Unreal Projects/MyPokemonDemo/Content/SimpleDamageText/Demo/Demo.umap" 7597
"E:/Unreal Projects/MyPokemonDemo/Content/Blueprint/UI/WBP_BattleUI.uasset" 7598
"E:/Unreal Projects/MyPokemonDemo/Content/Blueprint/Gamemode/BP_BattleStage.uasset" 7599
"E:/Unreal Projects/MyPokemonDemo/Content/Blueprint/Character/BP_Trainer.uasset" 7600
"E:/Unreal Projects/MyPokemonDemo/Content/ThirdPerson/Blueprints/BP_PlayerTrainer.uasset" 7601
"E:/Unreal Projects/MyPokemonDemo/Content/Blueprint/UI/WBP_PartyStatus.uasset" 7602
"E:/Unreal Projects/MyPokemonDemo/Content/Blueprint/BP_Pokeball.uasset" 7603
"E:/Unreal Projects/MyPokemonDemo/Content/Blueprint/Gamemode/BP_TurnManager_backup.uasset" 7604
"../../../Engine/Content/Maps/Templates/HLODs/HLODLayer_Instanced.uasset" 7605
"../../../Engine/Content/Maps/Templates/HLODs/HLODLayer_Merged.uasset" 7606
"E:/Unreal Projects/MyPokemonDemo/Content/__ExternalActors__/ThirdPerson/Maps/ThirdPersonMap/0/43/HYQWORMY4JDQ5X3OKZXFLC.uasset" 7607
"E:/Unreal Projects/MyPokemonDemo/Content/__ExternalActors__/ThirdPerson/Maps/ThirdPersonMap/0/FG/C9C8NKPQ680JETAE5ROTT1.uasset" 7608
"E:/Unreal Projects/MyPokemonDemo/Content/__ExternalActors__/ThirdPerson/Maps/ThirdPersonMap/1/AZ/A7GPT109Y6ZTTJD4A7TXER.uasset" 7609
"E:/Unreal Projects/MyPokemonDemo/Content/__ExternalActors__/ThirdPerson/Maps/ThirdPersonMap/1/HL/XWFFRCIJ8QK4NRO30ALA6J.uasset" 7610
"E:/Unreal Projects/MyPokemonDemo/Content/__ExternalActors__/ThirdPerson/Maps/ThirdPersonMap/1/WU/NB37RT5Q32Z8MJWD8BD2SO.uasset" 7611
"E:/Unreal Projects/MyPokemonDemo/Content/__ExternalActors__/ThirdPerson/Maps/ThirdPersonMap/3/EY/87SHEJN5UBEAN2K5OV1G6R.uasset" 7612
"E:/Unreal Projects/MyPokemonDemo/Content/__ExternalActors__/ThirdPerson/Maps/ThirdPersonMap/3/M3/7JQC72ZY37QM4IT43WD5CW.uasset" 7613
"E:/Unreal Projects/MyPokemonDemo/Content/__ExternalActors__/ThirdPerson/Maps/ThirdPersonMap/3/P3/O43ETCZTFMLWWH1CJ941H2.uasset" 7614
"E:/Unreal Projects/MyPokemonDemo/Content/__ExternalActors__/ThirdPerson/Maps/ThirdPersonMap/4/60/5PI42YRDC8HSSG6BVV2GRR.uasset" 7615
"E:/Unreal Projects/MyPokemonDemo/Content/__ExternalActors__/ThirdPerson/Maps/ThirdPersonMap/4/LN/30UBDLYFFA5ZR7U4W4L4GG.uasset" 7616
"E:/Unreal Projects/MyPokemonDemo/Content/__ExternalActors__/ThirdPerson/Maps/ThirdPersonMap/4/PN/2QISIGK5DJNQ05US8O8FXW.uasset" 7617
"E:/Unreal Projects/MyPokemonDemo/Content/__ExternalActors__/ThirdPerson/Maps/ThirdPersonMap/5/11/IM858T68EBXCBX1T2FNR96.uasset" 7618
"E:/Unreal Projects/MyPokemonDemo/Content/__ExternalActors__/ThirdPerson/Maps/ThirdPersonMap/5/7E/BEYC27T14FHBU6LF2F60RR.uasset" 7619
"E:/Unreal Projects/MyPokemonDemo/Content/__ExternalActors__/ThirdPerson/Maps/ThirdPersonMap/5/9Q/U98KGKQ41NJYFOGFQM8ZDY.uasset" 7620
"E:/Unreal Projects/MyPokemonDemo/Content/__ExternalActors__/ThirdPerson/Maps/ThirdPersonMap/5/QO/CO9MG7REJF8N8AQFYRCI06.uasset" 7621
"E:/Unreal Projects/MyPokemonDemo/Content/__ExternalActors__/ThirdPerson/Maps/ThirdPersonMap/5/R1/TS5OQ5CRUWFZYL1ZQ7I416.uasset" 7622
"E:/Unreal Projects/MyPokemonDemo/Content/__ExternalActors__/ThirdPerson/Maps/ThirdPersonMap/6/CZ/K2YM0JIRZ78IHGM8W2QBAF.uasset" 7623
"E:/Unreal Projects/MyPokemonDemo/Content/__ExternalActors__/ThirdPerson/Maps/ThirdPersonMap/6/HF/9H7TKAXH9DD8KI3TIXGI2I.uasset" 7624
"E:/Unreal Projects/MyPokemonDemo/Content/__ExternalActors__/ThirdPerson/Maps/ThirdPersonMap/6/IR/OTJMGDDXDV5TI7982YKZ5P.uasset" 7625
"E:/Unreal Projects/MyPokemonDemo/Content/__ExternalActors__/ThirdPerson/Maps/ThirdPersonMap/6/J7/N10XDC9G27EMLS5AGZ6AVV.uasset" 7626
"E:/Unreal Projects/MyPokemonDemo/Content/__ExternalActors__/ThirdPerson/Maps/ThirdPersonMap/6/NC/UUYHDUFQAXTRRN4RVOPIUF.uasset" 7627
"E:/Unreal Projects/MyPokemonDemo/Content/__ExternalActors__/ThirdPerson/Maps/ThirdPersonMap/6/XB/9VVR39MG0K7W5GQIEFE7SO.uasset" 7628
"E:/Unreal Projects/MyPokemonDemo/Content/__ExternalActors__/ThirdPerson/Maps/ThirdPersonMap/6/YO/NG2R9BPZVA7ZDN0Z4VSTG6.uasset" 7629
"E:/Unreal Projects/MyPokemonDemo/Content/__ExternalActors__/ThirdPerson/Maps/ThirdPersonMap/8/3J/6B9RJI3FDPCETRKXUXCQ4C.uasset" 7630
"E:/Unreal Projects/MyPokemonDemo/Content/__ExternalActors__/ThirdPerson/Maps/ThirdPersonMap/8/S1/DXUWD12MD3HRWVVXX076BY.uasset" 7631
"E:/Unreal Projects/MyPokemonDemo/Content/__ExternalActors__/ThirdPerson/Maps/ThirdPersonMap/9/U7/H8YL2PPHZPBTI74SUD0RNL.uasset" 7632
"E:/Unreal Projects/MyPokemonDemo/Content/__ExternalActors__/ThirdPerson/Maps/ThirdPersonMap/A/16/Q7Y1URWWFS0TXGWUTO3S61.uasset" 7633
"E:/Unreal Projects/MyPokemonDemo/Content/__ExternalActors__/ThirdPerson/Maps/ThirdPersonMap/A/17/6LXV4Y6DE3LUT705XNU4DZ.uasset" 7634
"E:/Unreal Projects/MyPokemonDemo/Content/__ExternalActors__/ThirdPerson/Maps/ThirdPersonMap/A/MS/MRHJREJ6H7USQYWF1KO8F6.uasset" 7635
"E:/Unreal Projects/MyPokemonDemo/Content/__ExternalActors__/ThirdPerson/Maps/ThirdPersonMap/B/4D/BBOCKSZY1GVHTFRX0PR0O8.uasset" 7636
"E:/Unreal Projects/MyPokemonDemo/Content/__ExternalActors__/ThirdPerson/Maps/ThirdPersonMap/B/8K/1IKKDYS7RULH8FRYRPPF04.uasset" 7637
"E:/Unreal Projects/MyPokemonDemo/Content/__ExternalActors__/ThirdPerson/Maps/ThirdPersonMap/B/EA/9BWDWCNL7OZT2HTML9LK1Y.uasset" 7638
"E:/Unreal Projects/MyPokemonDemo/Content/__ExternalActors__/ThirdPerson/Maps/ThirdPersonMap/B/FB/8RB55FM1HBEUVO4IOQC4YN.uasset" 7639
"E:/Unreal Projects/MyPokemonDemo/Content/__ExternalActors__/ThirdPerson/Maps/ThirdPersonMap/C/QF/BY1DA5CRGQSAMOTK8RA8KR.uasset" 7640
"E:/Unreal Projects/MyPokemonDemo/Content/__ExternalActors__/ThirdPerson/Maps/ThirdPersonMap/C/YT/CQR16QFDKKEYP53M51TV4F.uasset" 7641
"E:/Unreal Projects/MyPokemonDemo/Content/__ExternalActors__/ThirdPerson/Maps/ThirdPersonMap/D/0G/JNKFA4X9LRMSF343ESPF6Q.uasset" 7642
"E:/Unreal Projects/MyPokemonDemo/Content/__ExternalActors__/ThirdPerson/Maps/ThirdPersonMap/D/3V/NMHOKL5LGQDOAAG00FUMZR.uasset" 7643
"E:/Unreal Projects/MyPokemonDemo/Content/__ExternalActors__/ThirdPerson/Maps/ThirdPersonMap/D/DE/SWSI13675DVYIZ0N4NF7Y3.uasset" 7644
"E:/Unreal Projects/MyPokemonDemo/Content/__ExternalActors__/ThirdPerson/Maps/ThirdPersonMap/E/8O/GK06JAEJ82TQ0GA2QB0DJG.uasset" 7645
"E:/Unreal Projects/MyPokemonDemo/Content/__ExternalActors__/scene/Demo_Map/F/2Z/TYQJ3U7NI79090CMEVLWS3.uasset" 7646
"E:/Unreal Projects/MyPokemonDemo/Content/__ExternalActors__/scene/Demo_Map/E/RQ/J4XHL3GZXPU745WHQTJHE6.uasset" 7647
"E:/Unreal Projects/MyPokemonDemo/Content/__ExternalActors__/scene/Demo_Map/E/1M/D27EFJOE1RCHCQWFSSEBEA.uasset" 7648
"E:/Unreal Projects/MyPokemonDemo/Content/__ExternalActors__/scene/Demo_Map/D/XJ/06L8D1S2MMFQGNMJJDB0AZ.uasset" 7649
"E:/Unreal Projects/MyPokemonDemo/Content/__ExternalActors__/scene/Demo_Map/D/VU/X1Q60YBYUBFU785T34OC8X.uasset" 7650
"E:/Unreal Projects/MyPokemonDemo/Content/__ExternalActors__/scene/Demo_Map/D/3U/UX9D1GZC6BZ3JRQGEAAK0B.uasset" 7651
"E:/Unreal Projects/MyPokemonDemo/Content/__ExternalActors__/scene/Demo_Map/C/ZM/NK8C5RCVHK746C6ECYPWSQ.uasset" 7652
"E:/Unreal Projects/MyPokemonDemo/Content/__ExternalActors__/scene/Demo_Map/C/VI/SRJ60Z1868IBKPKKNQWBN7.uasset" 7653
"E:/Unreal Projects/MyPokemonDemo/Content/__ExternalActors__/scene/Demo_Map/C/UU/7I7KF121J9ULXBVBQDWOYD.uasset" 7654
"E:/Unreal Projects/MyPokemonDemo/Content/__ExternalActors__/scene/Demo_Map/C/N9/0DVSYS0AKFAZ1GLGLXGCPM.uasset" 7655
"E:/Unreal Projects/MyPokemonDemo/Content/__ExternalActors__/scene/Demo_Map/B/W9/8ZZHZ9OTDO2KJXFQJBCOJE.uasset" 7656
"E:/Unreal Projects/MyPokemonDemo/Content/__ExternalActors__/scene/Demo_Map/B/LP/BDCPMZF4LD6K7R9747H2KT.uasset" 7657
"E:/Unreal Projects/MyPokemonDemo/Content/__ExternalActors__/scene/Demo_Map/B/EJ/VBQDXOM5WMOVS7YXUNKCKM.uasset" 7658
"E:/Unreal Projects/MyPokemonDemo/Content/__ExternalActors__/scene/Demo_Map/B/A5/R28R0020SLL6DXPSN99AQE.uasset" 7659
"E:/Unreal Projects/MyPokemonDemo/Content/__ExternalActors__/scene/Demo_Map/A/WP/TOKCFFKKJWRQN4VIWBN7R9.uasset" 7660
"E:/Unreal Projects/MyPokemonDemo/Content/__ExternalActors__/scene/Demo_Map/A/ER/W7ANYI8TIISPLVCJ0BZU04.uasset" 7661
"E:/Unreal Projects/MyPokemonDemo/Content/__ExternalActors__/scene/Demo_Map/A/DD/3A72Z7Q3MV754GR10BOX17.uasset" 7662
"E:/Unreal Projects/MyPokemonDemo/Content/__ExternalActors__/scene/Demo_Map/A/A0/L1VAM8M6EP319GL5W2BNAD.uasset" 7663
"E:/Unreal Projects/MyPokemonDemo/Content/__ExternalActors__/scene/Demo_Map/A/4U/2FUNXOCCPCUWN50LV33YTP.uasset" 7664
"E:/Unreal Projects/MyPokemonDemo/Content/__ExternalActors__/scene/Demo_Map/A/38/WXLQ2YM5GYVFA7E4DS0AFU.uasset" 7665
"E:/Unreal Projects/MyPokemonDemo/Content/__ExternalActors__/scene/Demo_Map/9/W8/FO21DQFO7X3POQWJD2XDJ6.uasset" 7666
"E:/Unreal Projects/MyPokemonDemo/Content/__ExternalActors__/scene/Demo_Map/9/IY/H0YDO3XSWJTT7AKOKKW4B1.uasset" 7667
"E:/Unreal Projects/MyPokemonDemo/Content/__ExternalActors__/scene/Demo_Map/9/7D/BMMC784MT9EN53U0OI2VXW.uasset" 7668
"E:/Unreal Projects/MyPokemonDemo/Content/__ExternalActors__/scene/Demo_Map/9/5B/OFXG78ELQBS3C6A3X2QRL4.uasset" 7669
"E:/Unreal Projects/MyPokemonDemo/Content/__ExternalActors__/scene/Demo_Map/8/I5/IOEF50U80BGLZX5E209RO3.uasset" 7670
"E:/Unreal Projects/MyPokemonDemo/Content/__ExternalActors__/scene/Demo_Map/7/YA/107XQ6T4Z0SOGZSF9ALA8D.uasset" 7671
"E:/Unreal Projects/MyPokemonDemo/Content/__ExternalActors__/scene/Demo_Map/7/TY/VYSQPKUER10UR6PS89X48Y.uasset" 7672
"E:/Unreal Projects/MyPokemonDemo/Content/__ExternalActors__/scene/Demo_Map/7/RJ/2ZSCQ1USKYWTX6JFDTN6M2.uasset" 7673
"E:/Unreal Projects/MyPokemonDemo/Content/__ExternalActors__/scene/Demo_Map/7/0N/PQ713GVLCN9LRM66NA1X76.uasset" 7674
"E:/Unreal Projects/MyPokemonDemo/Content/__ExternalActors__/scene/Demo_Map/6/P3/PZYXOJEK294DR9VCJ8WZ6S.uasset" 7675
"E:/Unreal Projects/MyPokemonDemo/Content/__ExternalActors__/scene/Demo_Map/6/I9/OF1JOJM3214QF3FJTB0AY8.uasset" 7676
"E:/Unreal Projects/MyPokemonDemo/Content/__ExternalActors__/scene/Demo_Map/6/CU/XXCL1MRG7K00L40R610G1X.uasset" 7677
"E:/Unreal Projects/MyPokemonDemo/Content/__ExternalActors__/scene/Demo_Map/6/A4/RHWOEYLCQRBCFDAES113QK.uasset" 7678
"E:/Unreal Projects/MyPokemonDemo/Content/__ExternalActors__/scene/Demo_Map/6/1D/W4LKLOGE7YJW26HMYVOHTA.uasset" 7679
"E:/Unreal Projects/MyPokemonDemo/Content/__ExternalActors__/scene/Demo_Map/5/HT/3ZKY9FIFS0BNOA1BECDH26.uasset" 7680
"E:/Unreal Projects/MyPokemonDemo/Content/__ExternalActors__/scene/Demo_Map/4/V7/OBTFKY0RCCK88M0K0C9HDV.uasset" 7681
"E:/Unreal Projects/MyPokemonDemo/Content/__ExternalActors__/scene/Demo_Map/4/EO/B005KT4WWF2JCFJ1IBF2OF.uasset" 7682
"E:/Unreal Projects/MyPokemonDemo/Content/__ExternalActors__/scene/Demo_Map/4/DY/6VPNRWF65QI1RJPTU96LPW.uasset" 7683
"E:/Unreal Projects/MyPokemonDemo/Content/__ExternalActors__/scene/Demo_Map/4/D2/S1PM436CPPL9AVNYNRE42N.uasset" 7684
"E:/Unreal Projects/MyPokemonDemo/Content/__ExternalActors__/scene/Demo_Map/4/BH/CS01QIMUWCKNPQ3SPBM3C5.uasset" 7685
"E:/Unreal Projects/MyPokemonDemo/Content/__ExternalActors__/scene/Demo_Map/4/9T/QRZ5Q5HHN7VGUZDF6N0KI4.uasset" 7686
"E:/Unreal Projects/MyPokemonDemo/Content/__ExternalActors__/scene/Demo_Map/4/74/CN9F042IZHGA28J0OLCMJ4.uasset" 7687
"E:/Unreal Projects/MyPokemonDemo/Content/__ExternalActors__/scene/Demo_Map/4/5V/D4WT3TVGASZE15BPC1ZAR3.uasset" 7688
"E:/Unreal Projects/MyPokemonDemo/Content/__ExternalActors__/scene/Demo_Map/4/3S/JO0T5DINU0L970MSZPDVCJ.uasset" 7689
"E:/Unreal Projects/MyPokemonDemo/Content/__ExternalActors__/scene/Demo_Map/4/1A/NOQSXNAY19ZQ4U6G39SH63.uasset" 7690
"E:/Unreal Projects/MyPokemonDemo/Content/__ExternalActors__/scene/Demo_Map/4/0E/JIZ6ZUYJ50L0UFN02SJZ1F.uasset" 7691
"E:/Unreal Projects/MyPokemonDemo/Content/__ExternalActors__/scene/Demo_Map/3/Z4/7BUFF7Z2PJPGY68GWYRUPZ.uasset" 7692
"E:/Unreal Projects/MyPokemonDemo/Content/__ExternalActors__/scene/Demo_Map/3/W5/GL9AYDN788ZQECJ7RMM909.uasset" 7693
"E:/Unreal Projects/MyPokemonDemo/Content/__ExternalActors__/scene/Demo_Map/3/VL/ENI6YHIBI5PS1HZTGTTDMA.uasset" 7694
"E:/Unreal Projects/MyPokemonDemo/Content/__ExternalActors__/scene/Demo_Map/3/QZ/36XXR03N6NHTTXD0OGVLCH.uasset" 7695
"E:/Unreal Projects/MyPokemonDemo/Content/__ExternalActors__/scene/Demo_Map/3/HY/9ZD6198IZAIGJYE0IY2MSG.uasset" 7696
"E:/Unreal Projects/MyPokemonDemo/Content/__ExternalActors__/scene/Demo_Map/3/9L/XIY32CHAWFR61KFOPY7CLW.uasset" 7697
"E:/Unreal Projects/MyPokemonDemo/Content/__ExternalActors__/scene/Demo_Map/2/YB/NAXK4MW711YMRRHU435LNL.uasset" 7698
"E:/Unreal Projects/MyPokemonDemo/Content/__ExternalActors__/scene/Demo_Map/2/G6/PCPRAXNZSCWIMDVYFMRXWP.uasset" 7699
"E:/Unreal Projects/MyPokemonDemo/Content/__ExternalActors__/scene/Demo_Map/2/9P/QBO0YHF7UI8B4QB3OUK8Q5.uasset" 7700
"E:/Unreal Projects/MyPokemonDemo/Content/__ExternalActors__/scene/Demo_Map/1/OM/2DKZYCOE0THVAP9JIMH5V5.uasset" 7701
"E:/Unreal Projects/MyPokemonDemo/Content/__ExternalActors__/scene/Demo_Map/1/LA/NIT20Y2WLOC3HMVQBBUWAO.uasset" 7702
"E:/Unreal Projects/MyPokemonDemo/Content/__ExternalActors__/scene/Demo_Map/2/HM/TZP9KARG5VVEKWL82XOZET.uasset" 7703
"E:/Unreal Projects/MyPokemonDemo/Content/__ExternalActors__/scene/Demo_Map/B/Y7/7K9C0C1QVFCCTYCL6T0V2U.uasset" 7704
"E:/Unreal Projects/MyPokemonDemo/Content/__ExternalActors__/scene/Demo_Map/C/TL/U4Q5FWQY3KWD4WXIQ5JN4G.uasset" 7705
"E:/Unreal Projects/MyPokemonDemo/Content/__ExternalActors__/scene/Demo_Map/D/BZ/UI13QVF8ZILW7YMRZUNIB9.uasset" 7706
"E:/Unreal Projects/MyPokemonDemo/Content/__ExternalActors__/scene/Demo_Map/E/IA/96CJ0M9WVU4MC65F7RIN9H.uasset" 7707
"E:/Unreal Projects/MyPokemonDemo/Content/__ExternalActors__/scene/Demo_Map/1/9A/1P5V53NVRP4AK6BPOI4XZN.uasset" 7708
"E:/Unreal Projects/MyPokemonDemo/Content/__ExternalActors__/scene/Demo_Map/1/3S/59LEBH8KP3C3SIV3JUKFLN.uasset" 7709
"E:/Unreal Projects/MyPokemonDemo/Content/__ExternalActors__/scene/Demo_Map/0/TS/W3RX35F5DQKCKQ89PCQL5P.uasset" 7710
"E:/Unreal Projects/MyPokemonDemo/Content/__ExternalActors__/scene/Demo_Map/0/L6/E3OB3K19IIKFY8NZZ240PT.uasset" 7711
"E:/Unreal Projects/MyPokemonDemo/Content/__ExternalActors__/scene/Demo_Map/0/GP/RDOS50QJ7N2KS5JUJ04953.uasset" 7712
"E:/Unreal Projects/MyPokemonDemo/Content/__ExternalActors__/scene/Demo_Map/0/BZ/2I0I6C99B5T2ZLJEHC97IG.uasset" 7713
"E:/Unreal Projects/MyPokemonDemo/Content/__ExternalActors__/scene/Demo_Map/0/9M/0094IDXDTNGZ3UN0SD1J1R.uasset" 7714
